# Resource object code (Python 3)
# Created by: object code
# Created by: The Resource Compiler for Qt version 6.9.1
# WARNING! All changes made in this file will be lost!

from PySide6 import QtCore

qt_resource_data = b"\
\x00\x00\x02\xd5\
\x00\
\x00\x10\xbex\xda\xc5\x97\xcfk\x13Q\x10\xc7\xdf6\xd2\
\x94\x12\x9b\x10$\x14)I\x90RJ\x0fR\xa4\x07\x11\
!=\x88\xf8\x07\x88\x07\x11\xb1\x1eDDz(\x1e\x8a\
\x14\x1b\xac\x18\x11\xcf\x22E\xa4\x88\x88x(\x1eD\xa4\
xH\xa5H(AJ\x0f\x22\x1e$T\xa1ED\xb6\
RB\x94\x90\xe7w\xec\xac<\x1f\xbb/\xbb1q\xa7\
|\xf2c\xde\xdb\x99\x97\xd9\x99\xd9\xa9\x10\x16\xfe\xb2Y\
A\xaf\xe2IB\x88\x94\x10b\x18@%\xc6\xc5\xae\xbe\
\x99H)\x07\xc0up\x0b\x1c\x15m\x16\xd8<\xc2\xb6\
o\x80\xb4\xb66\x02\xbe\xc8\xbfe\x01\xf4\xb4\xc1o7\
x\xa0\xd9&_#\xbc\xde\x05\xd6\xa4\xbb,\x81\xd8?\
\xf8\xee\x05/=l\xaf\xb1\xef\x93\xd2,\xafA_\x0b\
\xbe\xfb@\xb1\x89\xedS`Q6\x97\xb7\xfa=\xf3\x91\
Ke\x1fv\x9f\x81\x0d\xe9O\xbe\x81ISN\xd0\x1a\
\xef\xf9\xea\xd3\xe6\xe7\x00{\xd5s<\x06S\xe04C\
\x9f\x1f\xb5h\xabbX\xff\xc0q|/\x83\xcb:\xb8\
\xc9\xef^B\xb1/\x19\xd6\xc79\xaec\x01}\xd7@\
\x8a\xafM\x81\x9f\x1e\xfbV\xb9\xce\xdb\xe9\xbf\x0ev\x9c\
\x9a\xc1{\x92\xcfSw\xd9\xfb\x10\x5c\xd2t\xef\xc01\
&\xa9\xd4\x92\xa3+7\xa9\x93~\xb0\x1f\xdc\xe3\x5c\xbc\
\xab\xe8\xf4{q\x19\x0cj\xbaR\x93\xdaZ2\xf8\x9f\
V\xf6]u\xd1\xcdh\xfb\x87X_\xd6\xf2f\x94\x89\
)}\xcc\xd1\x99\xf2e\x85cE\xcc\x83<\xc7!\xc6\
\xbaU5V\xca\xb9.\xb4\xf1\xfe\x7f\x07\xb6\x92\x7f\xfd\
\x5cg;\xda\xbe\x8bZ\xdf\xd8hs\xfe;\xf9\x97p\
\xc9\x7f\xea;\xbd\xda}=\xebb\x87b\xfd\x82\xe3\x1a\
TV8\xff\xde\xb8\xac\x9ds\xc9+\xe2y\x00\xfb\xaf\
8\x9ff\xf8\xb3_\xa1\xdf\xe3\x95\xdbI\xae?\x93P\
\x8f=\xe1r\xedq\x97\x19B\x17\xea\xa3\xfb|<\xbb\
\xd6\x0d\xfdx\xc8p\xed\xa0\xa1W\x93\xcd\x81\x00s\xc3\
m\xcec\x92*\xb8O\xb9\xa4\xcd5E\xee9\xaa>\
\xc1{\xab|\xad\xcd\xb6b-\xcc\x10T\x17Y\xb7g\
.\xcfl\x7f\xe6\x08\x8fk)\x96\xdd\xa2\x03\xc2\xf6\x9d\
\x9a^\x14!\x08\xf78G\xa6\xbc\xf2\xba\x83\xfe\xa9\xb7\
mi5\x7f\x1e\x0cs\xcf\xed\xfa\x0fg\x185\xccp\
U>_\x89g\x91\x03\x1d:C\x82\xff\xaf\xd8\xf2\xd1\
\x97\xafu*.\xb0\xbb\x07\x1c\x02g\xc0\x15>\xd3<\
\xff~u\xfe\xb8\x13B\xae\x1eTz+\x9d\xe5p\x08\
g\xc8*5\xbb\x10R\xcd>e\xff\x1fC\xf2?\xe9\
\xcc\x00!\xf9\xef\xe1\xb9s\x8c\xbeoJ\xb9\xb9,\xe5\
\x1c\x065+?\xdb\xb0D\xae.D\xa6&D\xa4\xf8\
{\xbfU\x8c\xe4\x89\x82\xbdw\xa2`\xa7\xb7\x0bvl\
b\xb9\x18\x99#*\xc2\x8aV\xac|\xd4\x8eV\xe2\xb5\
\xb8\x9d\xa9\xa7\xa7s\xb21+e#\xb7\x8b\x8c\xd3\x08\
\x98\xc1c\x0a\x1f\x1a\x11|\xf9\x04\xb6\x99\x1f\x14\x84_\
\xb8\x10\x98z\
\x00\x00\x01?\
\x00\
\x00\x10\xbex\xda\xed\x97AJ\xc3@\x14\x86\xfft@\
\x97\xed\xcae\xcd\xd2\x85\x07pg\xcf!\xde\xc5\xe0\xc2\
S\xb8\x12\x91.\xc4U\x0f0kq\x19\xba*\xa5x\
\x80\xd2\xa5\x888\xbe\x87\xa3-1\x8b\xbc?\xd3\x16!\
\x09_\x02\x03o\xbe?\x93\xc7\x84\x00\x99\x9cy\x0e\xbd\
b<\x00\x8e\x00\x9c\x082\x84\x11\xbe\xc7\xd9\xe3`\xb4\
\xc8\x85\xa9\xb04\xa25\xbcx\xed\x9e\x0b\x81d\xcef\
H\xe0\xa63$t\x9b3\x18\xdd\xaf\x91$\x19\x0c\xee\
w\xe1R@\xe4\x22\x8e\xd1\x19\x8c\xcf=\xae\xa9\x7f`\
\xd7\x81x\xdf75\xfek\xa6\x1f\xc8^{\x11z\x1b\
\xee\x9e\xf0\xcc\xf4d\xdc'\x98\x9e~\x12\xce\x22\x8f\xe4\
\x1c?\xfbZ\xd8\x13\xcb\x7f\xea\x9f\x08\xa7\x15&;\xf4\
\xdf\xd7\xf4\xff]\xe7\xef\xfc\x9d\xbf\xf3\x1b\xfd\xe5\x1e\xfd\
\xea\x1e\x12\xdf\xdf\x14~u\x0ec\xad5C[\xff\xaf\
{\xa3\xde\x92\xa1\x8d\xff\x8f\x9b\xc80\x13n+\xcc\xda\
\xb8\xc9u\x08m\xd6|\x87\x19\x1a\xbb\xb7\x90\xc1\xecN\
\x98\x81vW2\x94\xc4\xffw\xd9\xc4\x1d\x8a,\x04\xb9\
}\x02W\x1f\xc0\xf9\x1bp\xbcr\xbe\xbfp\xfe\xd0;\
\xef\x0a\xe73d\xc5\xba\xc0\xf9\xc6h\xad\xce\xa1s\xad\
\x80\xbe\xce\xad\x0eu\xa9S\xdd_r\x11\xc0\xa2\
\x00\x00\xf5\x12\
\x00\
\x00\x01\x00\x01\x00\x00\x00\x00\x00\x01\x00\x18\x00\xfc\xf4\x00\
\x00\x16\x00\x00\x00\x89PNG\x0d\x0a\x1a\x0a\x00\x00\x00\
\x0dIHDR\x00\x00\x01\x00\x00\x00\x01\x00\x08\x06\x00\
\x00\x00\x5cr\xa8f\x00\x00\xf4\xc3IDATx\xda\
\xec}\x07\xbc]U\x95\xfe\xb7O\xb9\xf7\xf5T\x12\x12\
\x02\x09\x09!4)\x22 *\xf6\xae8v\xc7\x02\x7f\
\xecb\x1blc\x99qf\x1c\xdb\x88\x0a\x0a\x8aX\x07\
u\x00\x0b\xf66\x82\x80\x02\x83J\x95\x9e\x10\x92@H\
//\xc9\xeb\xf7\xdes\xce\xfe\xefU\xf6\xb9\xf7\xbd\xbc\
r\xef+i\xb8\xf9\x85\xf7\xde-\xa7\xec\xb3\xf7\xaa\xdf\
\xfa\x96y\xe0I'[L\xea\xa0\xc3\x99\xdd~\x1d\xf4\
\xfbT\x8d=q\x8eq\x8e\x8c//\xe0\xdf\x03\xf7\x9b\
\xb1&\xbfd\x1e\xc6\xbdF\x7fY\xf9i\xdd\xdf\xa9\x91\
\x1b\xa2\x1f\x86_5r\x7f\xee\xbb\x01\x7f\xd7\xd0\xc7\xf3\
\xef\x0f\x9a\x0acj\x8en\xf4\xb8\xf2\xbb\xc9\xff/\xd7\
%\x9f\xb3z\xfc\x0c\xb5\x17F\x9f\x0a\xb3\xc0\x9d\xcf\xf0\
g\xb3\xc0B\xfe\xf3s\x9d\xf1\xa9\x83\xfc;rt\xba\
\xbd\xfcO=V`\xa1\xaf\xeb\xbd\xf0\x5cd\xfb\xea#\
\x1b~\xec\xaf\xebx\x84c\x9a\x5c\x00\x0c\xfb\x81}x\
GM\xc1\x98\xc8\xdd\xd2F4C\xe4^\xed\xf1X\x00\
\xe8\x8b\xb4Y\x8c\x95w3\xda\x10F6 m\x10\x12\
\x0c\x81{/#\x01\x10\xf8\xa3\x9b|\xc3\x82\x85A\x90\
\xefw\xa3\x9bj\xe8}\x8ct#*St\x13V\xaf\
4\x17G\xb9\xa0\xd0C\xa8\xf01\xf9\xe6\xd5\x9f\xa6\xfa\
-\x1a\x81\xad=\xbf\x95k2\xfe\xfb\xd0{\x93\xefg\
n\xa2\xd2@\x84D\x98eU\xe1\xb1\x8f.\xb5\xc9\xd2\
c\xc3\x1e\xa7\x91\x03N\xc1\x1c\x99\x07N\xaf\xb1\x00\x86\
;\xf8$\x9et\xb7C\x8dv\xec\xb1\xce;\xd2\xfb{\
z!\x8dp>k\x07k\xe4\xccT?\xca\x9bAw\
\x83S\xae\xb9\x9e\x0e\xac\xdb\xd8\x19\x09\x00\xb79\x82\x8c\
\xbf\xe3w\xb7\xd5\x1d8hs\xe6\xe7\x17\x81\xe15\xaf\
\x7f\xa3\xf6\x0aL\xcdE\x8a\xa5\x81\xdd\xdf\xd5\xcd\xef-\
\x0e\xfa=s\x1f\x94k\xb4\xba\xc9\x83\xfc\xb4$\xf12\
\xfd~\xad\x00\xc8\xc8\x8a0\xd6_\x1aB\xab\xf7\x9c[\
\x1d\x06I \xd6\x8c\xb1*\x00\xc6\x9a\xdfI~\xae\xfe\
\xda\x1aZc\x8dH\x82\x1a\xe3k*F]\xd3Q{\
\x0dcZ\x00\x93{\xea\xc7\xfc\xa8\x15\x00\x864\x1em\
$\xdd\x02lPg\x19[\x01a\x10\xf0{\xbc\xc1L\
\xc8\xdf\xb3\xde\x9c0l+ \xa5\xd7\x02\xd1\xb8iP\
5\xbf\xf9\xb3\xf4\xd3m\xa6,\x0e\x11F!\x820t\
'p\x1b\xd2\x1d\x97\xfe\x19\xf7\xcfftL'P\xdc\
9m\xea6\x5c\x9a\xc2T\x12\xa4I\xc5\xbdf\xf9\xfa\
\xbcz\x17\xe3\xdc\xc85\x92\x80\xb2\xee\xeaBYAQ\
&\x1b\x997;\x9f\xdb\xe4\xce\x83^\x12\xf2#\x18\xab\
N\x85\xe1\xfb\x0c\xe8\xbb\xb9\x08\x90\xcfd\xeaB\xec\x9f\
\xcb\xe9\xc0\xd8\x07\xe3\x10\x00{~\x8cg\xaa\xf7\xe6\xe3\
\xf1\x9b\x986\x16\xfd\x13a \x9b\x99\xfe\xceH\xeb\x85\
\xce\xfbM\x13\xd9(V6Q\x18\xc6\xfc~\xe26i\
\x1a\x05\x18p\xef%\xee\xbd\x8a\xdb\xd0\x95B\x8c\xe2\xb4\
ih\x9e5\x1b\xb1\xfbY\xec\xe8@\xf3\xf4\xe9(\xba\
\x7fA\xfb4\x98\x96\x16\x98(\x92\x8dOg\x22!\xe0\
\x84A\xa0\x02 #\xb7B\x05\x00\x0b\x04\xf73+\x0f\
\xc0\xf6\xf6\x22\xdb\xb1\x03\x03]\xbb\x90\xf4\xf6\xa0\xe4~\
\xf6n\xefD\xcf\xf6mH\x06\xfaQp\xc7j)W\
\x10\xbb\xcf\x93&g!\xa0\x11\x08\x8e\x09\x18\x95UV\
\xee\x9b\xac\x97@\xe3\x0f)\xe4!\x90ub\xac\xcd\xb7\
?}&\x8f\x81\x98=#\x00\xf6\xd4z\x98\xec\xf3L\
\xf5u\xef!\x010\xd1\xdb\x18\xaf?\xb0\xe7\xc6 \xeb\
\x906\x82\xdbx\xbc\xe1\xd4\x12\x08\x8d\xdb\x9c\xa9am\
\x9d\x98\xd4m\xea\x14\x99S\xd6\xe4\x0bg\xee\xb3\x89\xdb\
\xfchnC\xd0\xdc\x82\xb0\xbd\x1d\x85\x83fc\xc6\x82\
\xf9\x98}\xf0\x5c\x14f\xcf\x06\xe6\xcf\x07\xda\xda`\xe2\
\xa2\xdb\xe8n[\x06\xa1hn\xb2\x12\xa2\x18\x95\x8a\xdb\
\xa0aT\x158$|\xe8\xd8\x99\x1d\xec.\xc0\x87\xfc\
\xdc\xd7\xbc\x13\xea\x04\x11\x9c5`\xdd?T\xca\xee\xfb\
N\xeb\xbb\x9f\xe8\xdc\x8et\xcb\x16\x0c\xac\xdf\x88\x9e\xcd\
[\xb0c\xe3&T:w!sB#\xe9s\x82\xa3\
4\xe0|\xf8\x14\xb1\xfb\x179\x01\x11g\x1a\xac$+\
\xc1\xdd\x13I\x05\xb6|\xdc&\xa7\xfd\x9e\x1a1\xfbI\
\x00\x84\x99w\x1b\x1a\x17\x00{\xffi\xd7s\x15S\xfd\
\xfe\xe4\x5c\xe5~a\x01\xec\x8f\x83\xcd~gj\xf3F\
\x00\x09\x05\xb2\xe1\x03\x94iS\x14C\x0c\x84N\xcb7\
\xc5\xe8p\x1b\xbby\xde|\x04\x0b\x17\xa3e\xce\xc1h\
;x\x1e\xda\xddkYk\x87\xdb\xe8\xb1l(v\xcc\
Ix\x04\xe2\xce\xa965N\x08\xd0n\xcbx\xc3\x07\
\x22\x10 \xd6G\xe6\x8d\x0eT\x03\xfb\x80\x98\xe12|\
\xec\xd7\x8b\x03\xc3q\xfeL_\x0f\xb2j`\x90\x82v\
\xe42\x04\x03\x03H\xc9:\xd8\xbc\x11\xdd\x9b7\xa0\xec\
\x84C\xb2n-z\xd6<\x8c\xb4s\x07\xe2R\x89\x8f\
\x93\xb9\x0b\xa6+\x8f\xe8\x18\x96\xa3\x08\x1cG`ag\
$\xd0\x19\xf2?\xc0G\x11\xf6\xd6\xd87\x84\xc9\xde\x1b\
5\x02@\x83H\xfe\x8d\xdd>:|4\xa6\xfa\xd70\
\xef\x0f\x99\xdd\xdaH\xf9p\xef\x0f{\xba!\xc7\xae\x1a\
\x92\x18\xf3@\xb5\xe9\x0dS}\x01\x83\xff@\xcd}\xd7\
\xc6\xb5\xcd\x88\xa7\x18\xfc\xcd\xc1\xef\xdb\xfcF\xdd\x82'\
\xb3\xd9\x99\xe1)Y\x02\xcdM\xe8m.\xa0\xd2\xde\x8a\
\xe9K\x8f\xc4\x9ceG\xa3y\xc9\x91(\xce\x9a\x8b\xb8\
\xc5m\xf6\xd6\x16\xa7\x92\x03v\xb0-G\xcd\x0a\xee0\
F\xb5\xbcs\x01\xd8] \xbf^|j\x0e\xd4\x19\xa3\
\x81\xfb\x0c\xc6\xb9\x14\xb6\xf6\x1a\xad\x1a\xe95\xe9<\x16\
\x1a&\xe0\xcf\x8b\xc3\x1f\xf0\x8cf57\xc9\xfe\x7f \
Q\x7f/\x5ch\x0b\x87\xc6\xbf\xe6>\xed4\xbe\xf3!\
\x00\xe7Bd]](u;\x8b\xc0Y\x07[\xef\xbd\
\x0f\xdbV.G\xb2e#\xc2]=(\x0e$h\x22\
\xcb\x80b\x09\xee\xbf$P\x97\x01\xb5n@\x96\x07.\
w\x7fFc\xc4\xd2\x86\xa8.k\x86>\xda\xa1\x0bn\
\xe8\xe3\x1c#\xc28\xea\xfa\x1c\xf9\xd8\xc3.\x98z3\
l\xa3J\xa4\x09DD\x87\xddOc\xa6\x01\xa7x\x8c\
v?\x93\xe0\xf8{\xddF\xc3\xa7\xa1\xfc&\xb5\xb9Z\
\xd4\xbc\xb5~\xc3\xf8P\x9d\xd3\xd6\xb5\x0b\xd3\x9b\xf2l\
b\xab\xde\x0a4\xbf.oX\x0d\xcaY6u\x13\xb7\
!Kq\x8c`\xd6,\xb4\x1c\xec4\xfb\x92\xc5\x98{\
\xdc\xb1h9\xf2H\xc0iwDEw\x8a\xa2\xfb^\
H\xe15\xb9R\xba&\x8a\xfe\x93\xf7L\xbf\x06\xa1\xa4\
\xcd(`h4*o\xab\xbf\xc3\x07\xf0j\x82q\xc6\
\xd4\x0ag\x9b\x0b\x09?!\xc6\xd4\xdcK\xa0\x02 S\
\xad\x1f\x98\x1a\x81Q\xb5&|\xfa\xd2\xdf?\xcf\x9c\x91\
\xebpRN4y\xaa\x99\x85\xa4\x04\xeb\x04\xc0\xd6\xbf\
\xdd\x89\xce\x95\x0f\xa1\xdfY\x07\x95\x8d\x1b\x11\xf5\xf5!\
N\x12'\x0c\x8c\x1e3\xa8\xd9\x84\x9a+\xcc4\xd3\xa0\
\xd6\x0b\x9d7\x83OCRl\xa1Fx!\x9fv\xb9\
NSM\x87\x1a[\x03?0\xa3m\xc2I^\xb3S\
u\x9c\xb1u\xeb\xf8\xce\x8d\x03\xdc\x05\xf09g\xa8\xb9\
)@\x14I\x99\x91w\xea\xb5b\xc6\xd0\x1c\xb2\x97\xe9\
\xb7D_s\xe6\xb5\x06\xbb$|'Qt2\xbb\xf9\
\xf3\xb4\x093y\x8f\xa2\xf4\x09m\x5c\x0d\xdc\xa5\xc5\x22\
k\xf8\xd6\xe3\x8eC\xd31\xc7\xa0\xe3\xd0C\x11\xcd\x9c\
\xed6|\xac\x0b\xd2\xe4?\xed\xd0\xc78\x08\xd0\xb3g\
$r\xa3g\xb4C\xbe\xe57\x1c\xa75\xd5\x91\x08\xb3\
\x0a\xc2R/\xfa\x9d\xab\xb0k\xd5*d+Vb\xf3\
\xad\xb7\xa1\xb4e;\x0an\x0f\x93h\xb3n>#\xca\
H@\xac\x8c\x88\x5c\x9c\xc4}\xd7m\xf4\x84b$F\
\x5c'\xc6=8\x99\x18\x06\xf2<l\xcd\x95\x08\x9e\xa2\
\x0e\x01\xf0\xf71\xec8\xe0\x05\x00\xdfd-BMQ\
v\xf4n\xa8\xc0\x1b+\xd8\xbc<\xad\x95R\xce\xca\xd0\
\x22\xf69s\xc9k\x07\x9a\x92\xa3\xc8|H\x9b\x19\x92\
\xab/\x93\xe6\x9c1\x0d\x95\xb9\x07c\xd6\xe3\x8e\xc7\x82\
\xa7=\x1b\x05g\xda\x07\xadm\x1c\xa0\xa3\x13\x91\xc5\xe1\
E\xc9\x01=\x8cX\x09&\x13\xb4\xa3\xa4 \x13v\x17\
\xd2]\xdb\xd1\xbb\xe2\x01\xac\xbd\xe9&\x0c,_\x81\xe2\
\xae.\x14\x06J\x08R\x8dY\xe8\x13\xe28D(\xc2\
\x84&\x984\xbflt\x1f0\xf4V\x08\xf2]?\xc8\
u\xb3\x1e\xdcd\x05o\xb1\xb7\xc6\xde\xb4\xaa\xeb|\xef\
\x80\x16\x00r\xd3U/\x927\xb8_0\x92\xb7\x024\
\xeb\xed\xe1\xa9\x92\x0e\xe7\x04\x97\xd8\x05jr\xb2\xcb\x17\
F\x12\xe1w~})K\xd0\x13G\x08\x0f\x9d\x8f\x99\
\xc7\x1c\x8bi\xc7<\x0esN8\x19\xe8\x98!\x9b\xbe\
PDF\xe9\xbb\xc4iBw\xdc0\x0c0(\x0c\xdf\
\xa8\xebS\xcf\x83\xad\x07\xa82\xc6\xa2\x1c\xd3]\x1d\x06\
\x1c\x93\xfb\xde\xaa\xd5i\xb2\x02CnM\xe0\x04\xa6s\
\x87hf\xdd\x5cD(\xbb\xcd^\x06\xfaz\x91<\xf2\
\x08\xb6\xdcs\x0f\xb6\xdfu\x17z\x1eZ\x8dxW7\
\x9a)\xceA\x19\x08\xb2\x04\x8c \xa4\xb24c%\xee\
\x9f\x90 '\xabn[`\x83\x1c \x95\xa3\x11\xd8\xea\
\x13[d\xaf\x0a\x80\xfd`4$\x00\xea[\xaf\x93\xe5\
\xd0\x8f\xf7HCW\xab\xfe\xb3\xa1,\x9c\x1a\xdcl\xa6\
\x8b\xc3X\xc1\xbdYMY\x85\x8ac\xb5\x9c\xb2\xcad\
\xa9\xb9\x05\xd9OK*\x8cQ\x09\x0d\x9a\xe6\x1c\x84\x83\
\x9fv\x06ZN\x7f\x22Z\xe7\x1f\x02\xe36~%\x0b\
\xdcf\x8f\xf8;\x14\xc8\xcb\x22\xa8\xab\xe0\xfe\xa5\xfb+\
\xe0\xa5\xb1\xe1\x91\x84\xb5@&\x16\xa1\xd6\xe6\xd6\x14\xa5\
\x19yS\xbb\x9f\xa5\xcd\x1b\xd1\xb7r%\xba\xfe\xfcW\
\xac\xbb\xf9F\xc4\xe5\x12bg\x0e\x84\x89\xe5\xe7\xe0\xc3\
\x94\xa1n\xef\xcc\x045nS\x90[q^\x00\xe45\
\x08\xa8Z\x0c\xf5\x06\x8d\xf7\xfd\xb1{\xc8}\xb4\xcf\xd4\
s\x9cqY\x00\xfb\x0d\xa8\xc2Z]@\x0c\xb3\x91<\
4|qM\xae\xf3\x11x\xf8\xad\x11_^VS\x90\
[\x0c\xa4uJH\x11\x1e|\x10\xec\xe1\x8b1\xff)\
O\xc7\x9c'>\x15hie\xd4\x1d\x87\x0b\x222w\
S6e\x8dq:\x9f\xbe\xcf\x11\xf4\x8ca\xbd\xa4\x01\
MZ\x83\xe9\x9f\xe2Y\x1d)_R\xef\xd9\x86\xcf\xf5\
\x0c\xf3\xad!\x99\x07\x042o \x8c\x7f\xae\x8c\xabQ\
H\x01GQN0\x13\xac\x02\xd9\x07\x94U\xa8\x94Q\
Y\xbb\x0e\x8f\xde\xf4'\xf4\xdeq\x1b\xcak\xd7\xc2\xf4\
\xf5\xa3\xd9\xcdc \x93Z\x05We\xa6\xa6.\xc1\xe6\
\xe8D\x8f+ \xb4d\xca\xc5U\xc1\xa8s0\xb1\xf9\
\xdd7D\xc8D\xafc\x0c\x01\xb0\xaf\xdc\xe68\x87\x95\
j3\xf6\xeb\xdd\xa2\xcbr\x01 \xa6=\x9b\xf8\x1ch\
2\x1a]\x97OS\xbeZ\xbe\xefL\xf8(D_[\
\x0bf\x1ew,\xe6>\xe3Y\x98q\xec\xe3`fH\
@\xcf\x06\xeakjpQ\xb6\xbbx\x9f!\xe3\xe5$\
\xb0\x98\xd5\xe8\xa4I]\x90c\xa6\xa2&8y\x0d^\
kM\xb2\x01\xb9\x11\x00MS\x92[o|\x1d\x81\x06\
\xf2\xacXXb\x0e\xb8\xcdZ\x12 R\xb2~\x0d6\
\xdcy\x0b6\xfc\xdf\x8dHW\xadEG\xd9\x22N\xfd\
q%\xad\x08\xcdNdFj\x0f\xc4\xf2\xd0O\xa8\xa1\
\x17\xd8p\xca\x04\xc0\x812&\x96\x06l8-1\x89\
\x02\xa5\x8eCY\xbf\xca\xd4\xf4\xcf\xf2\x12Y\xa7\xcdi\
\xe1P\x04:\x90`\x93\x0dC\xfe\xbc\xf3\xea\xe1\xd6\x1b\
\xca\xce\xbf\xcf\xda\xdb\xd0q\xf4\xd1X\xf8\xbcg\xa3\xe0\
~\x06\xd3\xdd\xc6\x0f\x0b\x92c\xcf\x12(D\x9e\xb5}\
\xc6\x02Fc\xd4F\x84B^\x00\xa3A\xc8,\xb0\xa3\
\xa5\xa6\xeb\xba\xdd1o{\x02S<)\xc7\xd6\x82\xa2\
\xd4x\xa1\xe8\xf3\xfe\x92\xfb\xf7\x87\xe1j@(\xb48\
\xf3\xafz\x0f\xcd=\x97R/J;\xb7\xa3\xeb\xda\xeb\
\xb0\xf6\x86\x9b\x91n\xd8\x82b\xb9\x82(\xad\xa0@\xe7\
\xc8$0\x9b:\xeb\xabb\x13\xb1\xb0\xd4\x1d\xc8\xcd[\
\x0c\xb1\xb8\x86\x89_L\x99|\x18\xf7\xb1\x1bsr\xc7\
s\xbe\xda\x8f\xe6\x02`\xf2<\xf7\xa9\x9c\x9c\xc6O#\
\xc8\xb3\x80#\xfa\x5cf\xcb\xe6!!\xd32\x05\xb6\x80\
\x03U\x96r\xeeT\x98C)\xaa\xd6\x0e\xb4=\xe1\x09\
\x98y\xc6\x931\xfd\xb4\xd3`\x9b\x9a\x15h#\xa86\
\xb2\x14R+\xfem\xa0\xa86\x0eX1\xd2M\x0b{\
\xac\xcd\xab\xdc|%``\xed\xb8\xefe\xff\x19\xba\xc9\
5\xddj\xd4B\x924\xa1\xcf\x82\x045\x99\x974w\
\xc5\xa0\xf3&\xc5\x84Fr\xfe\xb6\x02\xbbm\x13\xd6\xdf\
t\x13\xb68a\x9087\xa18\xe0\x84\x80\xa21\x9c\
\xe3\x00\x13\xc9\x04G\x14\x83\xc9\x02\x0d\xeab\x8f\xd5\x19\
\xecocX\x01p \x0eYR\xb2I\xa3T\xc2Q\
IhQ\x09dqF\xb4q\x13\xa7#\xa2\xa2[H\
\x06]\xc5\x18\xc5%\x8b\xb0\xe8\xb9\xcf\xc5\x9c'\x9c\x0c\
\xcc\x9e\x832\x99\x08q\xcc.\x02\xc7\xb5\xb9\x98GQ\
\x04\xce\xd7\xa7\x14\x15k0N\xf3\x89Y\xca\xe6n\x16\
\xe4\x01G\x1bH|\xc1h\xf0k\xb8\x07q@\x0c^\
I>Hg\x07#\xfc\x04\xb2\x98\xebf\xaf\xf1\x13\x1f\
\xd5W`V\xa0\x16\x01W-\x1aI\x0a\x06NH\xd8\
\xd2\x00\xfa\x1e^\x8dM7\xdd\x80G~{\x1d\xa6\xf7\
\x95\xd0L)D'\xd9\x13'\x04\xe8\x5c$\x00(+\
@\xc2\xc5W\x1a\xfe=\x0b0\xfa\x18A\x00\xd4gp\
N^l\xbf\xde\xef\x8c\x1d\xba\x1a\x1a\xfa\xca\xbc\x00\xc8\
\xc4\x7f\xac\x84\x96\x83D\xa2\xb9i\xa1\xc4\xe8)\x16a\
\x16\xcc\xc3\xa2\x17<\x17\xb3\x9e\xf2d`:\xa5\xf2\x0a\
\x1c8d\xe4\x9f\xd6\xec\x1b\xaf\xe9)J\x1dJ\x8a\xcb\
Z\xef\xf1f9\xb4\xb4\xaa\xf1\xaa&\xa8x\x01\x07\xbe\
F\xb2*\x04<\xefP\xf5\xc9U\xe7)\xf0\xa8G\xb0\
\xb1\xafi\xbd\xaa\xf9.\xf5\x0fbA\x89\x15 )X\
\x93\x0e\xc0\x94\xfbQ~d\x1d\x1e\xf9\xc5o\xb0\xeb\x8e\
;\x11m\xdb\x86\xa6\xccY\x01\x8450\x0a\xdb\xaaa\
#\x19]\x00\x8c\x07\xd6\xd7X\xf8t\xef\x8f\xd1\xefq\
\xcfY\x00S2/r@\x1fd\xcbSP\xa8\xfa\x9f\
\x1e|\x13\xe6(@\xf9\xb4\xcd$\xa5\x97N\x9b\x86\xd9\
\xcf<\x03s\x9e\xfbT\xa7\xfd\x17;\xe1\xd0\xea\xd6\xa6\
\x84\xf08\xf2\xac\xd0W\xabP7^\x9e\x99\xc7\xe3k\
j\xca/6\x88\xfec6\x1f#i\xc6\x80\xad\x015\
i\x83Z\xc2\x8e\x03s\x0c\xe2\x06\xc8\xf1\xfe\xbe\xf6\xdf\
? o\x9b\x89P\xe6x\x09\x99\xee6\xd4\xa2!q\
\xd5\x02\x0d\xa6\x12\xdcX6\xb3J\xe2\xac\x04\xf4\xee\xc2\
\xf6{\xef\xc5\xa6\x9f\xfc\x0c}\xcbW\xa0\xc5Y\x08F\
W\x02\xbb|\xf9:\xf0\xa7\xadZ\x1d\x83\xd3\xbfr\xd5\
\x1e`\xf4X\x1b\x0dd\x01\xc6\x02\x8cV\x91\xddf\xd8\
\xef\xd7w\x96\xeakv\x90\xf6\xcce\x98^\x06\xf3\xc8\
\x98\xeag\xfd\x82\x8aR]Vd\x1a\xbaE\x94\xd0\x12\
\xd2\x05\x11\xe87\xa9\xbe\xbe\xa7\xb9\x09\xc5#\x97b\xc9\
\xcb^\x8ai\xc7\x1d\x0fp1N\xc1i\xa4H7\xb9\
U\xd3t\xf7\xbb\xf7\xebe\xb8\x99\xa1\x0d\xcfq\x00S\
\xbdn\xcf\x96\x93s\xfaMt\xec6a\xc3<\x9bA\
\x92\xc6\xd6|\xde\x0e\xfe\xdc$\x8f\xc1\x02`\xf0y\x86\
\xfc\xe9q\x99J\x83\xa6\xaf\x98j\xccD\xc4\xb7\xc9\xa9\
\xc4\x02\x0d\xe6\xb2\x9bE\x16\x84\x13\x04\x95\xf5\x8f`\xc3\
\x0d7b\xc3\xff\xfe\x1eM\x9b\xb6\xa1\x85\x84r&P\
.\xc9\xce\xc8\xc1(\x8b\x10\x84\xc69\x0b)\xca\xa1\xc0\
\xc0\xe34\xe4\x1404&\x84\x06\x90\x9a\x83m\xcd\xfa\
\xd00\xc3}\xbf\x91\x1dR\x0f\x0a\xa0\xb1H\xa7\xdd\xff\
b\x006\x07\xe9\xd4\x16\x85\x18\x96\xfa\xb2\xd9D\x18\x10\
\x9c7e\x7f<\x14<\x88\x12\xcf\xf5G!\xec\xfcy\
\x98\xff\xe2\x17c\xfeS\xce\x00f\xcc\xe0 \x1f\x15\xb7\
\x19\xae\xe1\x9f\xca\xd4\xda\x08\xf7\x84\x89n\xc7\x91\x04\x80\
?j\xb6\xc7\x04\xc0T\xdf\xb3\x10\x8b\xb8\xe7DY\x1b\
J\xff%\x03\x08\x932\xca+V`\xd5\xcf\x7f\xc5n\
ASw7\xf3\x14\x04,\x06B>S\x9c\xcaY3\
\xa7\x09\xca\x81Xf\x91Zr\xe2:LP8\xef\x0b\
\x96\xff8\xaea\xff\x13\x00\x1a\xe1\x85\x93\xe5\xee\xe9\xf3\
oA\x16\xb9\x07\x1e\xf1\xdd\xa7A\x95\x1f\x8fL\xf5\x82\
\xdb\x08\x14\xf5\xa7\xfa\xfbrS\x8c\xd6\x13N\xc4\x823\
_\x82\xb6\x13\x9f\x00\xd3\xdc&~<\xb9\x05V\x83P\
\x04\xe2\xd9\xdb79)\x13U#\x00\xcc\xde\xad\xb9\x9f\
\xb4[\x82\x87o\x8b;\xc0\xff2\xad\x90t\xb6^\xb2\
u3v\xddr+V]y9\xb0}+\x9a\x92\x0a\
b\xb2\xe8\x08\x05\xea\x04\x02\xa1\xb1)\x80+\xb1\x1dE\
\x0a*H\x8c\x02=\x14l|\xac\x8da\x05\xc0\xc4\x84\
\xd9\xc8\xe0\x80\xf1\xf3\x01\x0c~\x99\x7f\xba\xcd\xef\xfd|\
\x0a\xf0\x85Y\xc8\x0f:e\xc6Y1\xbbC\xade\xef\
+\x84(\x1d4\x0b\x07\xbf\xe8\x058\xf4E/A\xd0\
4\xcdi\xfb\x02\x0b\x86\x84\xe5\x06\xa1\xd7bF\xa7\x15\
\xcc\xe0r\xd3\xfde\x0c\x9a.;\x0c\xcd\xa6\xfa\xde\xfb\
\x82\xa2\x1a\xf7=\x9a*\x8f \x03\xb9\xd8\xce\x8f\xdcc\
\x13\x9at\x939\xa5\x90\xf4\xa2o\xf5J\xac\xf9\xf1O\
\xd1\xf7\xb7\xbb\xd0\xbc\xab\x1bq\x922\xd7B\xca5\x0a\
ANG\xe6\xe7#QLBl\xb3\xdd=\xab\x11'\
\xab\xb1\x99\xac\xf7\xd3\x13\x0e\xbb7\xb8\xa7\xf6\x80\x05\xa0\
g\x9d\xb4\x95\xa7&\xbeF\x8f\x19\xcaK\x8bA\xa3\xcf\
\x84\x1a\xa7E\x22\xa4\xb3\x16;\x0b1\x9aO>\x09\x87\
\xbf\xf0Eh?\xe1$\xa0\xd8\xea\xde\x8f\xa4\xb6\x9c\xc4\
C(TU\x96\x05\x08\x09\x8ed\xbfJ\x1d\x0d'\xbd\
\xcd0<\xbb\x1e\xa0\xe4\xc7\xfe&\x04\xf2\xc8B\x101\
\xb4\x9aHI\x02\x82\x1bs\xfe/f\x1eE\x92{\x11\
\xad\x8c\xfe\x01\x98\x1d;\xf1\xe8\xf5\xd7a\xf3o\x7f\x8d\
h\xe3\x06Pt\x87\x84\x85\xe5\x1e\x07jE(p(\
\xd5\xd8\xe2~\xd7\xa3`\x12\xc6\x10\x010\x9e\xb4\xc8\xe0\
1\xf5\x1aF\xcc\xc0T\xab\xcd$\xe5\x96\xf2\xa2P\x08\
\x0e\x0b\x864\x08Qn.\xe0\xa0\xa7=\x1d\xf3^\xf5\
\x1a\x14\xe7\xcds\x9b\xbdI]\x08\xad\xf63B\xc3]\
a\xb1\x91S`4t\x03{\xd2\xa3\x1einw\x0f\
P\x06\xbb\xbd+1\xb6\xc1\x02`*\xc0_\xe3\x09\x02\
\xd7}dE]\x92-\xcfNM\x96\xb1\x95G\x90\xcc\
\x8a\xd2\xa8\x87\x15\xa2Wq\x1b\x9d2\x07\xa5.\xf4\xde\
y+\xd6^\xf5\x13\xf4\xaeX\x81\x22\xc5w\xc8\x18P\
\x88x\x8e\x1c4f7\x019\xf6\x1d\x8eW\x1bOt\
o\x8d\xf7\xfb{;\x0d8\x99#\xf3\xb9b-\xef\xe5\
\xb4[\xca\xff\x08\x12Z\x22\xe1p\xd8\x22\x1c\xf6\xf2\x97\
b\xce\x93\xa9h\xa7\x83I4\xcb\x9a\x86c\xba\x0fV\
\x02\xb2Q\x8c\x22\xd0\xc4\xa5\x08\xf6;\xf5\x98\x0b!\x9f\
OG\xfe\x02P\x83>\xcc\x7f\xdb/\x11\x89\x8a!\xe0\
X\x0d\x95Y\x86,\xb6)\xd8\xcb\xc1@$y\xe7!\
z\x8f-\xc2\xb0\x82\xa0Rr\xd6@\x17\xee\xf9\xce\xf7\
\xd0}\xeb_P\xec\xde\x89bBD\xa6B^J4\
e\x11!;\x89\xd9(\x08&v\x89\xfb\xe1\x90\xc6 \
#,\xf8\xf1\xa0\x92\xa7\xb4>E\x8f\xcfe6V\x9b\
V\xb8\xd7\x88]\x97\x82<\x94g\xefu&\x7f\xb4t\
)\x8e8\xeb\x1cL?\xf6xX\xf7w\x16\x08\xbb\x8f\
/%\x15\xab!\x93\x0d\x9f\xe7\xea5\xc5\x14\xd8}'\
W\xdf\x88\xb0W\x0ar)\xbe\xb1\xf9&\x0fL\x95v\
\xf3@\x10\x00`v\x01\x12\x00\x11\x07\xef\xb2\x5c\xa0\xa7\
\xfc\x93\x01\x98yZ\xdf\xb9\x09&\x86)9\x05\xd1\xb9\
\x1d\x1b\xae\xf9\x15\x1e\xfe\xdd/\xd0\xbee;\xda\xd2\x80\
\xdd\x81\xb2\xae\x9d0\xacR\x95\x8f\x9c\xdc\x1b\xf9\xd5=\
7\x07\x13(\xd8\x19f\x8c\xe0\x02L\xe6\x05\xd4~\xd7\
Ci\xd0\x90y4\xf4UnX\x91!\xe7\xb4#\x9a\
m\xf2\x03\xfb\x9b\x8a\x98\xfe\xd4\xa7b\xd1+_\x89\xe8\
\x90EHm\x0c&\xee\x09<\xf0\x83\xfc\xfc\x08R\xea\
K\x8b%a,:s\xd9\xa7\x91\x1e<S\xc6\xa0\xfd\
l\x0c\xd1\xf6\xc6V\xf9\x01\xabm\xc0\xf6\x8dl\xd5\xf8\
\xefQ\x80\x5c\x12S\xd2>\x0b\xf9\xa6\xad\x15s:\x0f\
N!\xa4n\xf3G\xd4o\xc1\x09\x88\xac\xaf\x13\xfdw\
\xdf\x8e\x07\xbes\x19\xc2G7\xa2\xa9\x92I\xdf\x04w\
\xcc4I\xc4%\x1c\x94.\x1d;\xeb>\xd2\xc8\xbfS\
\xcf\x97\x07Gp1\xae=\xd8\xd0\x09k\xa6\xb4!\x17\
`OT\x0c\x8dy\xff\xa2\x09\xa8\xbc\xd7\x06>%h\
\xd0\xdf\xd1\x81\xd9/~\x01\x16\xbd\xfaUH\x9b;\x9c\
ph\xd6N;\x15\x8d\x0fH\xc0H\x18dB5\xf5\
\x85\x1b\xd0#MX4\xed\x8f\x9b_\xa7\xcd\xa7\xc8X\
\xde\x19%\x00\xcf\xf3\xdc\x18\xd4\xcfo\x7f\x14\x02\xb5\xf8\
\xc1\xda\x02\x22\xe6\xfe\x09\xc4\x82c\xc0\x97\xca\x82D\x18\
\x1b\x9d\x89\x9fJ\x0f6z\xb6\x952\xfaV>\x805\
?\xf8!\xfan\xbd\x1d\xcd\xe5\x0a\x8a\xe4R\x1apV\
hB\x933\xf9\x0az\xca\xafa\xbf\x8a\x01\xe4hr\
jFa\x04\xf8Y\x8a\x22t\xcf\x9c\x81#_\xf3\x1a\
\xcc~\xfa3\x11\xcc\x98\xe9\x1e\xa4\xf0\xe9\x0bk-\xb4\
\x83M&&\xa1\xb5Z\xbd\xe7}H:\xb2\xd2GI\
\xe5\xc0\xde\xbe\xcdq\xccK\xd5\xdc7\x9a\x19\x11\x92\xbd\
\xaa\xd6\xe7y\xcb\x9f\xb4\x19\xc4\x1e\xbc\xbf\x0c\x01\x81\x85\
\xcc$d|\x0e_\x91\x83\xde\x1a\xf0\x1c\x8f\x99B0\
\x0d\xb9tLcn\xf3vg\x94\xe9\x19xt-V\
}\xf72\xf4\xdcr+\x0a\xbd\xddhu\xeb(K\xf7\
<\x08lo\x8fq\x0a\x80\xc9\x13[92<\xaf\xa1\
7\xaa\x9d}q\x0d_\xa64\xd6`\xcd/\x1a-N\
,\x06\x0aE\x94\x0f\x9d\x87\xe3\xce=\x17M\x8f;\x01\
(4\xb3k\xc0\xe4\x12\xbe+\x0e\x7f/`\xa8\xa7\x94\
\x9e\xa6\xec\xef\xd3\xebdE\xa4\x0c\xfc\xc98*,t\
 U\xa6\xde\xda\xbb\x1c\xce0\xf0\xb5\x07\x1e\xf6\x9b\x19\
_~,\xa0R\x0f\x01\xae6\x06\x0d\x85,S\x91y\
R.+g\x08\xd4mg\xba\xec@\x8a`\xf8\xba|\
\xed;s\xed\xe9Oj\xc0\xd1\xdf\xc7\xad\xbb\x92r\x19\
Y\xc5\x99\xb7I\xea\xccX\xfaWv\xaa/\x81)k\
\x97\x1f\xce\x81;G\xb7P\xe0\xaaF\x82;\x1b\xe7\xef\
F\xee\xb5\xd0\xfd\x1d:\xd7)t\xf3\x1855\x01-\
-@\xb1\xe8\xf6\x98\xa0\xe7h\x1e)x\xaaH|e\
\xf3\x8177\xaa\xcf\x90\xdd\x0d\x9d\x87\xcc[RA>\
q\xbe\x9f@P\xa3\xb1=-8\x14\x10+$-\xd5\
\xb9\xf4\x05B\xb0A\xd5\xb2\xd5\xa7\x22\xa0N?\x87\xb5\
\xcfB\x9e\x1d[\x87F6?\xf4\xda\x12'\x04\x0a\xcc\
\x19\x10\x22!K\xc1\xad\x85\xacs36\xfc\xf8'\xd8\
p\xedu(n\xdf\x8e\x18J\x07\xc7\xdc\x11b\x0d\x84\
\xd6\x0c\xe9\xa8\xec\xadD;\xf6\x0e\x98\x12\x7fk\xb4\x5c\
P\xe3\xe9\xf6\xbdn\x01\xf8\xd0\x8e\x9fT\x8f\xe8\xe3\xb2\
\x8e \x15\xa8&Qi\x05\x11\xf3\xe5\x13\xd7^B\xe9\
\x9fB\x1b\xec\xd2\xa5X\xf2\x86\x7fD\xd3\xc9'\xbbu\
RPZ/\x7f\x5c\xe3\x97J^$\x82\xbc\x08D?\
3D\xda\xfb\x14K.\x94\xf4\xf5\x00\xd5M\xbd\xdb\xc5\
\xeb \xb2\x91D;\xdfp\x13\x8dD\xab\x0a\xe8ur\
5\x02f\x1e\x91\x05\xa5w\x9d@;\x07\xf9|\xb6\x87\
9\x93\x00HK\x12\xd9v\x1b9\xeb\xdc\x81\xedk\x1f\
A\xef\xf6m\x18\xd8\xd1\x09tv\x22p\xff\xd2\xee]\
H\xfb\xfaa\xfb\xa98f\x00e\xf73I*j\x05\
\x98\x9c\xff\x7fp\x00\xc5\xbd\x13;\x01\xd0\xe26}\xd1\
\xb9Iq\x11A[+\xc2i\xd3Q\xa1>\x83\xb3\x0e\
B\xd3\xac\x99\xe8\x98}\x10:\x0e>\x18\xf1\xec\xd9H\
\x9bZx\x16|\x0f@\xde\xdca\x98[\x1e\xdc@\x94\
f\x9b8\x132%Y%\x82\x14\xe9N\x22\xc2U\x05\
\x9aG\xc1\x93\xe0\xcd\x8cT\xeey\xf2\xd5\xc0oj\x08\
y\x8b\x94r{__'|(Zo\x98\x82\x8c\xbc\
\xe6\xc0V\x1f6\xe7\xf9\xd9=\x10q\x9f\x16H\xc7\x94\
\x10n\xef\xc4\xd6kn\xc4\xc3W\x5c\x8e\xa8\xaf\x13M\
\xa9\x04\x98)\xa3D\xc7\x88\x94KBZ\x9b)\xcd<\
\x0e\x1c\xcc\x80\x0a\x80\x89\xe7\xff\xfdh\xf8\x08\x16\xb9\xe4\
\xcf\x8cgu\x81V\xee\x99\xbcP\x84\x9f\xa3\x13\x08%\
K\x90\xde\x16d\xc7\x1e\x85\x13\xde\xfe6\xc4\x0b\x17\xa2\
\x5clr\x1b)\xe6\xe6\x14a6\xf8\xec\x99i\xec\x82\
\xec0\xbf\xfbC(\xa1O\x8d\x90AM\xde\xbd\x9aK\
\xa6\xd8\x83\x93R\xdc\xac3\xcb*BY\xa5\x96\x0b\xd3\
\x8fA9\xeeS\xd1\x8a\x5c\xd8\x92:M\xde\xd3\x8dt\
\xa0\x84l\xc3F\xa4\xab\x1f\xc2\xce\x87\x1f\xc6\xa6G\xd7\
\xa1\xdc\xd5\x8d\xa0Tf\xcdo\x07\x06\x10P\xc0\xca}\
7R\xceC\xa3\x0b\x9b\xafU\xdd\x00\xdf\x970\x18&\
\xb5\xe5\xe9\xcb\xb8\xd4F[\x8e\x11\xa8:!\x8bH\xad\
\x05\xe3,\x81\xa0\xb9\x09a[\x0b\xa6/\x5c\x80Y\x8b\
\x16\xa1\xb8\xf4H\x04\xf3\x0eA\xd8\xdc\x8e\xa0\xa9\xd5\xdd\
D\x9c\xcf\xafTG\x0a\x16\x83-0\xda\xe0\x99@o\
\x03#\xa1y\x9bkQ\x998[S\x81\xc7\xee\x97Z\
\x01\xa2\xf1\x03mK^\xddh\xe3\xad\x1d\xe0u\xc0$\
\x03\x01#F\xc9\x9a\xa4\xf4\xa1\xd3\x19\xc8\xfa\xbb\xdc\xc6\
/c\xcb5Wc\xd5\xcf\x7f\x8e\xd6-;\xd0\xd4_\
f#(\xa1\xf6m\x96\x1a\x9fP\xaa \xe6\xa01=\
Kn\xe3\xae\x96\xc5\xe4n\x86\xd1\x0f4a\x8c\xc5 \
#A\xe1\xf2{\xdb\x02\x80Bv\xad\xa6\xe9\xc4\x0fO\
\xe5\xff\x94\xcfO-w\xcc\x22\xe4W\xea4Wws\
\x0b\x9aN<\x01G\xbf\xf5\x1c\x14\x0e9\x0cY\xd8\x84\
Tu|\xe8\x16]D\x1cQ\xb0\x83\xd9`\xea\xf4\xeb\
\xec(/\x0eE0\x8b\xa6\x0a\x14W`\xf3\xc0\x93\xff\
4e(\x122\xc7\x19\xbc\x16J\xc3M\xba/\xf73\
\xa6\x80\x95\xd3\xd6\xcc\x14\xec4y\xdf\xc6\x0d\xd8\xf9\xc8\
\x1a\xf4>\xbc\x06\x9d\xab\xd6\xa0\xb4~#\x8a\xce\xbco\
\xca\x92\x9c\x83 \xc8\xa42\x8e\xab\xe3\xb4,\xb6\xaa\xe1\
\xbd\xf0\xa9j\xfdQ}|\xebK\x97U\x1fg\xd5\xb9\
\xa22\x5c\xe3\xe9\xcd\xac\xf0\xebU\x18C\xe1~:7\
\xa18g.f.^\x8c\x96%K\xd1v\xd8\x22\xb4\
-8\x0c\xc1\xcc\xd9\xee!Fb\x15DF,4#\
\x9d\x8dRF\xe8\xb9\xf7L\x98\xa7\xe7\x8c\xcd\xaa\x82>\
\xa8\xad\x9c\xac*\x00\xb9\x96LJ\xaa\x91\xd5\xccoP\
\xd7\xf3\xcc\x85\xb7\xce\x87\xf4e\x90\xd8\x8f!\xc9\xc2B\
\xaf\xe2\x9e\x8d\xbb\x16\xa2w\xeb\xe9\xc1\xe6\x9bn\xc6#\
W\xfc\x00-\xeb7\xa3\xe0\x5c+.(\x0b\xd4y\xcb\
\x02\x9d\xe3L\xd7\xab9 \xe2\x05\xfb\x84\x00`\x9dH\
R\x96q\xda\x02\xecH\xb8\x16?d\x84\x1ekG\xb7\
\xb0\x88\xb8\xa3\xf9I\xa7c\xe9\xeb_\x8b\xf0\x90C\x9c\
\xf9\xda\x8a(\x8b\xc5\xa0&\xa2\x0fK\xe4\x91\xf2P\xb2\
\xc0j\x5c\xa1\xb1\x87\xb4\x1b\xb2o(\xae~\xb7\x88\xba\
\x08\x1bo\xa5\xf8f\x9e\x96\xcd\x05A\x1b&d\x990\
\xea\xd0\x09\x04g\x11\x04\xfd\xbd\xe8\x7fh%\xd6\xdd}\
7z\xee\x7f\x00\xc1\xa6-\xa8l\xedDXv\x0b1\
\x15\xc7E\xbat\xa5\x0aQ5ySO\xe6\xc9W\xd7\
\x22\xf7\x7f\x0dr\xc6\xdc\xba\x1e:\xd4^\xd1\x02\xa8\x5c\
\x11k5,\x81b\xc8R\x09\xd9\xcc\x17\x98\xb4\xec\xde\
\x94\xdd\xb0\x84\xb4c\xb1\xc0\x01W3\x7f\x01Z\x8f:\
\x0e\x87\x1e\x7f\x12\x9a\x17\x1f\x018\x8b\x81:$\x09\xd9\
j\xca=\x0e+\xe4\x93gU\x220\xe1G\x90Id\
K/\x0f\x17\x18\x8d\xd9\x18\xa5n\xf3sk\xb9\xd1(\
<\xf8\xab\xceg\xe9\xe7\xc7S\xb1I,\x86\xbb4\xa0\
\xda9\xd5\xdd+\xb1\x8c\xf6\xf7\xa3\xe0\xac\xab\xad7\xdf\
\x88\xd5\x97}\x0fM[\x9c\x9b\x95\x88\xe5f(vd\
\x09h$\xa5\xe2\x01cGe}\xee\xefC\x04@\xbd\
\xd6\xc4\x84P>V\x9b]\x0e\xf7V&>#LN\
\x1c\x99\xb2\xcfe\xb9U\x17]`\xa5\xad\x03\xc5\xd3N\
\xc3\xd1o\x7f\x870\xf6P\x93\x0e\xe2\x8e\xa7\x22\x1e\x13\
1\xf7\xae\x04\xd5\x125!}\x0c\xa0\x0eS-\xbf\xc2\
\xaaaU%\x98\xe4i\xca\x17S-\xef|\xa0\xe11\
\x02\xa6X\xe6\xa8\xb7\x1c\xa1\x96\x0bp\xe6b(\x08\xb3\
\xc8i\xc4l\xcb6\xf4oX\x8f\x81\xfb\x97c\xf5\x9f\
nD\xb2e+\xe2d\xc0\xbdGh\xb5\x0aW-\x86\
\xaa\xdd\x88&\x8b\x02\xd7\x81\x06\xd2\x8c\xb0\x90\xf2a\xf3\
\xf6X\xd6j\x1a\xd3\xc7Q\x86\xd7\xfe\xc3\x09\x85\xbc\xdb\
\x91v\x15&MM\x15u6\x93R\xdb@]/E\
\xdf\x22\x0d\xa5\xdd\x17o\x06\xe5\xf5\x17e\x1a2eZ\
%, qVN\xc7\xc1\xf30\xf7\xd4\xc7\xa3x\xc2\
\xb1h9\xfcH\x84\xed\xee95\xb5I/@\xad\xb1\
\x08jv\xaf\x14n\xd9\xaa\xf6gJ/\xefp\xd9|\
\xbe=q\x87Q\xb4f=k\xd5\xea\x973\x8d-i\
58[\x99\x14$\x0c\xa9\x1d;\xc5i2\x11\x84A\
\xcc\x88\x12\x0e\xae\xee\xbc\xf3\x0e\xac\xfa\xeewaV>\
*\xfc\x02Ty*6j>gU\xc7p\x8c\x8b\x18\
WZp\x02\xbeC\xbd{TO\xb1\xf7-\x00\x08\x12\
\x8b\xccG\xf2C#.\xdd\x14\x5cw\x16\xa4\xac1\xfa\
\x9d\xcf\xdf\xe24\xff\x11g\xbd\xc1\x99\xfd\x0bA\xec|\
\xd4\x9d\xc7\x7f\x8e:p\xf0Mh\xa4?\xd2\xe8\x7fj\
\xc4\x1d\xa8\xb7\xb8g\xa8\x00\x08T\xfbs\x00\x08\xcaI\
\x1f\x8a\x7f\x9d/S\xde\x0c\xea\xc7Z\x93\xfb\x86&\xa5\
\xca\xb42\x12\xe7\xc3w\xde}/\xba\xee\xba\x0b\x9d+\
\x96#\xd9\xb1\x13m\xee\xb8\xdc\x13\xcf\xb2\xd8bm\xc9\
^\x8e\x9a\xe2YP5\x85\x83\xbcvA7\x09\x90\xd3\
d\xb1\x00\x08|\xc6b\xb06\x92M7|\x0c\xc0w\
\x17\xce\xad\x19\xf8@\xac\x0f\xb6\x19u\x13\xc4\x1dHk\
\xeb#\xfc\xeb\x8a\xa5\xf7\xc7\xa0kN\xdcu\xf5\xc5\x11\
\xd2\x19\xd31\xfd\xa8c0\xf3q'`\xee\x09'!\
\x9c?\x9f\xb3\x0b6\x8a\xa5\x1c7\xd3\x8e\xc0\xda\xd18\
o`j\xab\xf1\x0b\x1f\x0b\x10!\xec\x09D9|X\
\xa7\xb2\x92\xef\xd2\xfa !\xc3\xc2Y\xfb\x89%\xa1T\
\x06\x16\x88\xd31Q\xeb J%.\xe0\xbe\x109K\
`\xe7\x9d\xb7b\xe5W\xbe\x8ah\xd3V\x14\xad\xbaJ\
\xb6\x22\x1b,\x0ck\xd8\x84\xf6\xef1,\x12p\xb4\xa6\
\x12c\xe1\xa3\xc6jH1\xec13Y\xc8\x8c\xd5\xa8\
H\x14\x9d\x9bt8[\xb1\xdf\x99\x90\xed\xa7<\x11\x8b\
\xdf\xfe\x16\x14\xe6\xcdE\x1a\x15\x95pS\xb0\x1dI \
\xfc\xefb\x8a\xcbR&V z@\x14\x95g\xad\xb5\
\xdb\xb5\x8fp\x1d5\xd7\xef\x05\x00k@Hk+\xc1\
\x99gJJ\x01\x0et\x09\x9c\x98*\xd3\x04p@\xa1\
\x07\x22\xb0L6\xac\xc3\xa6\xbf\xfc\x05\x9bo\xb8\xc9\x99\
\x93\xdb`\xa8,\xd5\x88\x0f\xe9{\x07\xf0\xe1j.\xc8\
3\xe8\xe6W\x93G\xbc\xab\x19\x82\x9a\xc0\x86|J\x95\
\xa5\xa4\xde\xea\x9d\xf0\xc1\x01Ma26\xa8\xf2\x06T\
s \x83\x04!j\xf9\xfb\xaa\xc9\xd2\x9cj\x8d\x8fC\
\x9b<\xe0(\x8eu\xee@2o\x0ef\x9dz\x1a\xe6\
?\xe5\xa9h\x9a\x7f\x18\x07\x17\xads\x1f(\xbd\x988\
\x13;\xf2\xc1\xcb@\x84\x0136\xdb4w\x17\x82L\
\x81[\x14Td+$\xcd[\x91\x8d\xf6<\xf3J\xbf\
\x1a\x01\x10j\xa5w\xa6\xd9\x1afnV!a\x03\xc9\
f\x10O$\xc7YJ}\xd8~\xd3ux\xe4{\x97\
\x03\x1b\xb6\xa2\xc0q\x8d\x8c1(L,`\xc5\x99\x18\
s\xa2\xc7\xdcG\x931j\xc2z#\xa0\x0aG\xda\x97\
\x13\xe2\x03\x98\x8c\x9b\xf0\xe6+\xd3=%\x09\x22*\xd9\
t\x0f\x22q\x93]jmC\xf0\xf8\x93q\xcc\xb9\xef\
A<\xfb`d\x85\x8c_\xe7\x96PY\x90Kx\x18\
\xcf\x0a\xe8y\x01\xbc\x00\xa9\xe6\x97\xeb\xbd\x16\x9f\xe6\x95\
\xec\x83\xc9\xb5\x9b\x10\x83\xa6\xc2\xf8\x0b\xa1\x0c#dM\
\x9a9\xdf0\x8eE\xab\xed\xea\xc4N\xe7\xdb\xef\xb8\xe6\
\xf7\xd8r\xc7\x1d\x88z{\x109\x0d\x13\x93\x0fk\x85\
\xf7\xceo\x16\xc69\xd8*H\x97\x03\xa0VXm)\
\x93\x911\xa3Q\x9aG\xcaM\xad\x00\xe0\x89\xf7\xdf4\
\x9a\xa1\xa8\xdf4\xae\xb5t\xf2\xfb\xe6\xe1\xb1\x17\x16\xb5\
%\xb3\x22,$w\x9f\x19m\xd2\x95S|Wk*\
\xf8\xfbnN\x0a\x04\xb0\xb2\x12\xceM\x22\xa9\xb6,7\
\x150\xef\xc9OF\xc7\x19O\xc1\xb4\xa3\x8f\x81\x996\
\xdb}=f\x0b\x83\x83\x8d\x14\xfb \xe2\xcf\x90\xae\xa0\
\xe2\xee=\xd1\x0c\x80{\x0e\xc4\xd1\x98\x05*\x07k\xbb\
\x03\x8f>D\x00H<!P\x01@GO\xf3\x98\x83\
l\x0a\x09\x1bQ[7b\x8fJ\xd4\xbaq\x1f*\xf5\
\xa2\xf3\x96\x9b\xb1\xfa\xbf/C\xd3\xba\xcd\x88\xca\x15\x84\
\xce\xc2I\xacg\x1b\xde\xfdJ\xa6$\xf5?\xc6\xf3\x9c\
\xc8^\x9d|\x17\xa0\xc1\x19\x10\xa1\xace\xbd\xdaN\x8a\
\xd6\xf2\x00\x01WN9\x01G\xbd\xf9\xad(\x1ev\x84\
{\xb3\xc9\xad\xb9\x8a\x04l$\xca\x06_\xdaKP_\
1\xf1\x84X\x92\xbd\xb5 \x85\xa7\xeb\xac\xd7\x22\xa9U\
\xbe\x9e_@6'\xe5\xec3\xc9\xefg\x0a\xce\xe1H\
|&\x84\x95}=\xe8s\xe6\xfd\xeak\xff\x80\xee\xfb\
\xefG\xb4}\x1b\x8a\xe52\xa7\xea\xc8rH\xd94\x08\
\x95\xb3\xbe\x8a4\xb0\xf9\xe6Q/U\xa1\xcaA5\xbf\
X\x83\xe5\x1b|\x8d\xc2\x85\xe0I0\x8d\xa0\xdc\xea|\
\x10UK\xc7\xdb\xf0\xb5\xf0`\xcf\xe3\x9f\x9fI\x83g\
>\xdfg\xf2\xf9\xf1D\x9b\xbe\x13\x0f\xc7`T\xe0\xa6\
\xea\xbe\x84\x0c\x0er\xc2,\x0a\xd0M\xfc\xfd\xb3g\xa3\
\xf5\x98c\xb1\xf0Y\xcfB\xfbQG\xc1\xb6\xb79\xf3\
;\xe6NK!bN\x9fr`\x8e\xf0\xf9\x81\x14\xf7\
0\x83s\xaaD\x1e\x83\x5c\xef\xd1\xef\x91\xd7\x97\x97\x97\
y\xba\xd9j\x01\x91\x08M\xcf7\xc8\xf3\xcf\x90\xe0T\
\xe8\xc83\x06\x89#\xea\xeb\xc2\xb6?\xdf\x84G.\xb9\
\x14\xcd\xbbz90hC3\x04\xa8\xb6\xff\x8e\xdd\x04\
\x80\xcd\x11N\x8d\xc8\xb1\xb1\x1c\x83\xdd?W\xfbJ\x9a\
\x0a\x8c\x956\x18m\x96\xfe\xb8\x80`\xe9\x118\xee\x83\
\xe7!<d\x81[ -\xee\xbd\x88\xb5--@2\
\xf8SE\x81y\xb6^\xd2\x9a![\xcc\x01w\x8ba\
\xa2'k\xab\xa0\x90:\xef\x82\x8f\x90\xa7\xa2\x82\xdc<\
\xd4VB\x22\x04\xca%Y\xa8\xceL\xec^\xbd\x12\x0f\
\xff\xf6w\xe8\xfa\xdb]h\xedrf~%a\xdf\x9e\
\x97\x94\x82a\xe4\x18&\xf7\xbdCE\xb7\xa55\xe4\xa1\
\x83\x1e\x8a\xc2V\xab\x17\x9e\x0d\xba\xbej\x0e\xbd\xfa\x0a\
i\xc9z\xb3\x006\xb7\xbb\xaa\x9b\x7f$t\x99\xb8\x09\
\xd5\xdc\xbd\xdf8y\xbe>\xbfB\x8a\xe6k'F\xb5\
P\xd8RJ\xabq\x04\xe3\x84@\xc5=\xec\xa4\x10c\
`Z;\xda\x8f^\x86E\xffp&Z\x0e_\x043\
}\x06\xb2\xb8\x05i\xd9\x88\x0b\xa7\x02 \x09\xe5.\xe3\
\x0c\x83\x80^\xf5\xdeg\x9e)\xb1\xa1\xba\x0d\xd9n\x02\
 ?$5\x86\xb1\x02\x077\xc6\xe35\xdc\xdf;\xb6\
a\xeb\xd5\xbf\xc3#?\xfc)Zv\xf6p\xda\x90S\
\x99\xe3K\xc3\x8f\xfbS\xf5\xb8\xb0\xa3\xed\xbd\xaa\xbdX\
\x1d{4\x08X\xcd\xcd\xd6\xbc\xa6\xe0\x18M\xb7\xa2\x8f\
L\xc6\xc5\x87\xe3\xb8\xb7\xbc\x05-\x8f?U\xdc\x03e\
lI\xa9\x1f\x9fS\x09q&\x9e\xb9g\xdfe>\xb7\
<(\x93\xa9O+\xa8;[\xbb\xc6k&\x22\x9f\x80\
!\xd0\x0a\x7f}>\x93\xc0\x884JIY\xa9?\x08\
Sg\x9a:S\xb0g\xf5*\xecp>\xe2\xe6\xeb\xae\
\x81\xdd\xd1\x83\xa6\xc4 \xe6\x0d%\x81=\x18\x8f \x0c\
\xf2'\x93\x99T\x17\x9e\xd1\x14\xd8\xd0Hr\x1e\xcfW\
\x5cD\xd5~\xa9*=[s\x8d\xbe/\xa1\xb8\x10\xf5\
\x09:\xabvC&B&\xdf\x00\xbe\x9bN\x0e\xd3\xc9\
\x7f\xf7h\xbc\x0cv\xd0\xc3\xf3Z5\xb7)\x0cr\x0a\
uj\xb1f3ec\xf5\xb9xx\xff\xdb0\x08\xca\
\x10\xbe\xc0m\xfc\x19O}\x12f?\xed\xc9h;\xee\
x\xa7]\x9b\xb92\x93\x1b\x80\xba\x83S\x1f\x07\xb2\x06\
b\x8d\xfdy\xa1\xbf\x9b\xf6\x1d*\x19\x8cB\xae\xf5N\
\xb1\x1b\xa2\xd0\x0e\x89\xbf(\xd4:*8\xa1\x1dIp\
2+!\x88\xc8\xb2t\x1b~\xe7\x0el\xfc\xcdo\xb0\
\xe6\x87?F[o/gm\x86[\xdb\xb5\xaf\x98\xfc\
\xff{\xd6-hd\x0c\x93\x06\x1c\xea\x1d\x8e\xa0\xd9G\
\x107\xde$\x95\xc5\x94\xca\xa4\xab\x89\xcf&\x1d\x85\x89\
R\xed\xe0b\x04m\xc5\xd1\xdf\xccr\xd0\xaew\xfeA\
Xv\xce9\x98q\xc63\x90\xc6\xd3\x94\xb9\xa5\xcc&\
WBu\xe0d*R\x9e\xda\xfb`y$\xad\x9a:\
\x1aT\xddg\xab\xc5\x22b\x02\xa6Z\x17\x00N;Q\
\xcc\x80\xaf[\xb9\xfc\x83@R\x95\x95$A\xec,\x11\
\xc6\xd2\xd3 \xf4k2\x00\xec\xda\x89M\x7f\xb8\x16\xeb\
\xdc\xbft\xc3\xa3h\x19\x18\x10\xebC\xb5\xa9\x5cU6\
\x98\x9c\xc33\x0d\xe7\x18\xe4\xd1\x96DM\xbd\xdb\x90H\
W\xad\xd2\x1fb\x00\x0c&\x01\x1ecT\xb5\xf9\xee\xe6\
G\xed\xba\xcer\x01`\xaa\x82\xa6v\xf1\xe4\xff\xaa\x1b\
\xdc\x07\x16s\xe0\x8e/\x1eP\xab \xd3?\x19\xd8\xe4\
\x84\xc3\x80\xf3\xfb{\x8b1\x82\xf93\xb1\xe8\xd9\xcf\xc1\
\xdc\xa7?\x0b\x985\xcfm\xc0X:2Q|')\
3$\x97\xf6p\xaa\xc1;S#t\x84\xe3!P4\
\xa4\xa4\xfe\xe8\x19\x075w\x8aa\xa2\xf65\xd4\x80>\
$+\x96Y\xcdyB\xbd\xce\x8c\x84A\xf7\x0e\xac\xfa\
\xe6\xb7\xb1\xe3\x0f\x7fB\xbb[\x1f\x962=d\xf5(\
\x17\x85GlXTc<\x14\x14\xe5\xb5\x87\xb4\xfa\xdc\
F\xde>\xa3\xaa\xf1\x11w\xe3\x90-\xeb=\xa51\x0f\
\x88qX\x00\xf5\x981R\xd4\xa2\xd4\xdd\xea\xd7\x8a\xc9\
\x9bp\x11\x0a\x13\xfaf\x12AO\xc3\x945\xd1\x80\xfb\
@\xff\xf4iX\xf6\xae\xb7a\xe6\x93\x9e\x8a$ns\
\x13X\xe0\xb4\x8f\xe1/XN\xff\xc9\xb2\x1d\xa6\xc3N\
~a~\x06\xaa\x91Q\xff\xb4\xc5\xca\x90\xe0\x9a,\xec\
P\x81'\xc2$L\x8b-\xe4\xc8\xbe\x04\xa68\xd0\x07\
\x81\xdc\xda\x9e.\xec\xba\xf5\x16\xac\xf9\xddo\xd0\xbb|\
9:\xfaK\xfch\x81\xd1\xb6\xf2\xf0)\xdd=\x1a(\
\x9a\xc4\x93\x0d\xaf\x1a\x1a<oM\x9e\x9a\x8b\xb13\x11\
\xba\xb4\xe1\xba\x9d0hZ\xba\x04\x87\xbf\xe2U\x98q\
\xd2\xe3\x91\xb5u8!P\x94\xef\x91\xe5@\x9b\xce\x18\
m4js\x7f^\xf369\x1c\x9aM\xff\xc0G-\
\xea\x8b\x8cZ\xa5\x0f\x0f\x9d\xb6'\xc8o\xca\x9dd\x22\
D\x09\xad]\xe7~\x16(\xd3\xd3\x8fl\xfd:\xac\xbe\
\xec\x0at\xdd\xfc\x174\xf5v;\x17A\xb6<\xa5\xb0\
3\xa31\x1c\xd4\x94\x99gZ\x99Zo\xfar\x92\x9e\
O}oL\x91\x0b\x90\xb7\x7f\xf6~\xac\xd5L\xae\xf6\
\xc6K\xd9\xc7\x92h\xbf\x00D\x02t\xb9\xcd?\xe7\x1f\
^\x8c\x85\xaf|%\xd02]\x88;\xf8\x09\xa6\xb9\x96\
\xb7\x83\x04\xc0\xd8\x97\xad\xc62,\xaay{#u\xa2\
5\x0e\x7f\xaa\xa99\xdf\xd43\xe4\xb4\x13\x07\xf9H\x00\
$}(;M\xbf\xe9\xeak\xd0y\xf5\xb50]\xbb\
\x98\x8cR\x02\x82\x02B\xdeW\xcd\xbb}\x7f\xa8\x96N\
i\x16c\xa4Q\xcc\x8d;\xb2\xd9\xd3\xd1\xf1\xf4'c\
\xfes\x9e\x87\xe6\x85K\xa5\x83\x13\x1bj~\xf3W\x99\
}\x85\xd0S]\x13\xcf\x87\x80Z\xc1[g\x5cD\xf1\
\x06\x9c\xce5\x99\xa2\x13%\xa8Lk&a\x16j\x12\
\xfa\x15\xf4\xafZ\x8d\x15_\xfb6p\xcf}\x88\xca\x03\
(h-\x05\xc5@\xc8b`p\x11\x09\x85\x10\x8cL\
\xe5\xa0h\x80\x86\xe2\x17{jLL\x00\x8c\xa4\x12|\
\xefvT\x9bu\x18M\xa1Q!\x06\xf5y\xab\xd0\xe6\
\x09\x84\x91\xa5\xd7=\xf8\xd6g=\x0dG\x9c}6\xc2\
\x83\x16r\xc4\x5cJ\xb0*\xb9t\xa6\xf4\x13\x07\xba\x98\
\x13,C\xbd\xc9 Y\x0e\x1a\xb1\xa5M\x9b\x0a\x16\x9c\
\xf79\xf7\x15Hr\xe4\x835\xd2\x8c\x8ao\xa32\x00\
\xdb\xd7\x87\x9e\xdb\xfe\x86\xd5?\xfe1\xd2G\x1fA\xd0\
\xbb\x0bE\xe3\xdb\x5c\xcbq\xd5\xb2m`~v\xb3\xd1\
\xb0\xbb\x88\x1e\xfc\xf7\x94X\x0c\x0d\xa9\xf3\xfa\x0eS\xfb\
\x1a0\x8a\x91\xa6\xc3\xa3\x0b\x09\xd1Y0M\xcc\xec\x8b\
\xd8p\x0f\x87~\xaaV\x9cw(\x8e{\xc3\xd9(\x9c\
\xf08\x98\xb66\xb7\x89\x8a\xac\x18\xc4*\xacU2\x1a\
|de\x91*\xdf\xa3\x7f\xaf\xb1{\x09\xd4l\xab\x92\
\x8c\x04\x8c\xd0$\x92Q\x13Y&\x98A\xa5\x1f\x95\x07\
\x1e\xc4\x1d\xffu>Z7mF\x0c\x9b\xc7\xb1\x22\xb5\
\x1a\xd9\x8d\x08\xa4)m\xa0\x046Sa\x89\x8d\xe7\xd9\
\xd5~ej\x82\x80zD1\x892\x86\xf3\x8a?\x19\
C\xb8\xdc\xc8\x0a\x90\x09\xed'\xa9\xfe\xb8\xc7\xe1\xf1\xef\
\x7f\x1f\xac{\xe0i\xd8\xcc\x02\x84;\xc2\x12\x9b\x0f?\
\xdc\x18\x02\xb5U\xbf\xaa\x11\x7f\xd7z\x04\x99\xa0\x03y\
\xf3\xd3_\xac\xf9+\x10\x92\x90\x90\xdd\x8b\x8c\x1f\xb5[\
@%\xf7\x80\xb7n\xc2\xa6k\xfe\x80u\xbf\xfa\x1dZ\
{{\x11\xb2\xbf't\xd4\x11\x07\x88,\x07\xb8&\xad\
\xdd\xd7>8\xa6\xdaU\x11nf\x09FrW`\xed\
\xe5\xc3\x01S\xaa\xfat;\xb9gz\x07\x0e~\xees\
\xb1\xd0Y\x03\xd1\xa1\x8b\xdd\xfahbK\x92\xb5\xb4\x11\
\xe82Ksh\x83\x17%}\xc9q\x135V\xc0\xe8\
(\xd9*\xacZ\xfe\xf2u\x07\x86]\x14Z.$\x04\
Ha\x91~\x0a\x06z\xb0\xf3\x9a\xdfc\xf9\xf7\xbe\x8b\
\xe6\x9d\x94\xfd\xc98\x16\x14\xb9\xeb&\xb76a\xf7$\
\xc8\xe3'\xfbj\xdd\xd0\x14f\x01$\xfa\x1b\xb0\x86M\
Pa\xa4W\xc1\xfd\x1d\x0bx&rR\x9e\x04\xec\xbc\
\x83q\xc4\xbb\xde\x83\xe9\x8f?\xc5M\x5c\xc1\x99{\x91\
 \xc0(\xd0\xc7\x92\x93\x5c\x85H;\xca\x96\xe5\xa2Q\
\xbf\x04\xb05\xa9#\xca\xc3\x0b4\x94\xfc\xfa\x04R\xdc\
b\x95'\xb0\xc0\x81)\x93\xf6!Y\xf3\x10\xee\xba\xec\
{\xce\xc4\xbb\x1f\xb1{\xd0F]\x04\x8a\x0f0\xa1\x87\
%Q\xe1k\x1b\xf6?\x06\xa1}e\xb0\x00P)#\
\xe59\xa4i\x03I\x1f:\xe1O\xf0\xdc\x92{V\xfd\
\x85f\x14\x8f;\x1eG\x9eu\x0e\x9a\x8e<\x8aQ\x84\
\x1c\x13\x08|\x80\xd1\x87\x22=\xebsm\xb4\xbf\xce\x8b\
\x19T0$\x81k\x16\x0a\x5c\xb5M\x15\x9c\x11{\xa3\
\xec\x22R\x85\xa3!\x0e\x86\xedx\xe4\xaa\x1fa\xd3/\
~\x83\xf6\xde\x01Q\x0cT+\x11\xa4\x02eW\x17\x82\
c\x0b\x83\xc2\xa7\xfb\xceh\xa09h\x9d\xf3\x88\xaa\xf4\
\x95H}\xa2^x\xc8~\x1e\xf7us~\x14\xb5\xd7\
\xee\x9e9\x1d\x8b\xdft\x0ef\x9f\xf1\x1c\xd8b+7\
\xf3\xa4\xd4O\xa0~\x14Y\x0b`\xf3\xdfp`\xc6\x1f\
\xcbh\xc0f\xeck\xa9f%\x8c\xa6\xdd2o&\xd2\
\xeb\xf4\xb7F\xe4\xc3\xc4\xfd\xee\xfc\xfb\xed7]\x8b\xd5\
?\xfd%\xc2u\x1b\xd1\x92\xb8\xeb4\x097\x1aMa\
k8\x05\xa5\xfd5\xdf\xebn\xb1\x88\x89b\xb3&\xfb\
;{z\xd4\x7f\x8d\xf2l4\x09ed^S\xd5\xe4\
q&\x80\xa0Ly!\xcaN1$s\xe7b\xc1K\
^\x82\xb9\xcf{>\xd0:\x83]C\xc38\x01*\xd6\
q\xcf\xc8\x09\xf8\xc8Y\x08L\x03'y\xbc!\xcfg\
\xb4\x10\xfb \xa4\x83\xe2\x1c\xbc9\x9f\xe5\x04%\xa4D\
\x08\x94$u\x18%\x98\x9e\x1dX\xf1\x95K\xb1\xe3\x86\
\xeb\xd1\xe2\xacD\xeeS\x90\xc9\xfd\x84\xce\xffOI\x00\
\x84^\x00\xd8\xd1fb\xaf<\x97)r\x01d\xeb\xa5\
\x81\xcfhK\xff>\xeb$w\xc5m\xaa\xc0m\xa8\x9e\
B\x84C_\xf6r\x1c\xf2\xaa\x7f\x84m?\xc8i\xff\
\x98}r&\xcf\xb0\x92\xc3\xf7\x1a;G\xad\x99\xac\x86\
D\xa2>\x01@\x0b\x88L3\xb6\xdeU\xfbs\x8e>\
\x08\xb5\xa1(\x05\xfa\x06\x10l\xdb\x81\xb5?\xfd)6\
]\x7f5\xa2\xed\xbb\xd0\xaa\xef\xa56Q*1\x8d*\
\x13\xd2\xd0JL\x82}\xd1}\xb6\xef\xde\xfe ,h\
(\xdd\x0e9_\x81\x80\xa3h\x0dP\x8d@\xa4po\
\xa9\xc9w.\x81\xd3\x07}m\xad\x98\xff\xbc\x17\xe1\xd0\
\x97\xbc\x14\xc1\x9cyB\xffe\x059H0]f$\
\xca\x22MEkqF\x9d\xb3%\xbf\xf8\x92+H\xe4\
\xdeg\x8e\x02\x9b\xc3\xb5ics\xe6\x82k\x07\xdcu\
\xad\xbc\x1fw_\xf4E\x04\xab\x1fB1!T*\x91\
\xd3\x08\xd3\x13\x93\xc2\xc0\xb3!\xed{\xa3*\x00\x86]\
/\xd5\x80U\xbd($\xefI\x09\xdc$\xca\xb9\xf8\x0b\
$\x0diB\xb9;\xab\xfb\xfd\xe8\xa58\xe9\xe3\xff\x0e\
t\xcc\x81\x89[\xd5IJ\x14\xdcc\xd4w\xf2]\x80\
3\x89\x09\xaaO\xd7H4\x95\x09%T\x000\xecV\
\xa3\xb1V\x9dM\xea,\x9bnX\x8bUW\xfc\x10]\
7\xdd\x80V\xe7\xffS\x94\x9fI#h\xfd\xc4!\x12\
'\xd9\x03\xcd\xe3s\x0c\x81\x91m\xa1\xd4\x89\x8f\x92\x05\
\x18=\xb4W\xf3\xcah\x98\x8a\x11\xff\x9e\xea\x0d\xde\x08\
nmh\x86z\x84\x8c\xf5\xa0\xf8\xa7\xbf\xf7j\x9b\xec\
J(\xe5\xd5\xf2\xb2s\x16\xd3\x98\x95\x00\xef%\x8d\x09\
\x11\xbfa\x7fK+\x9aO9\x19\x8b_\xfbz4\x1f\
\xba\x84\xab\x0c\x05\xe7\xa3.\x1d=o\xc2\x11\xf8\x1a\xe0\
\xba\xeeV\x93\x869h\x8b^\xcd\xb4\x223ST\xa1\
\xb6\xa3\xa3u\x99j\xcf\x01\x0aJVv`\xcb\x1f\xff\
\x17\x8f|\xe7;(n\xdb\x89\xe6\xac\xc0i\xee\x84r\
\x03|\x0d\xe9 \x94\xe6D\x9f\xdc\xa8\xdf\x1fn\x8eG\
\x19c\x08\x80\xc6\xd7E\x8e \xb3\x92R\xa3\x92\x5c\x02\
\xf8\x90IO\xf4\x92\x15g\xfaW\x0e=\x14G\xbe\xe7\
\xedh>\xf1\x09\xeesM\x1c\xf5\x97 ]\xa6\xec\xcd\
\x12}MCm\xe1e\xe5\xa1z\xc6\xdezk\xc2\xf9\
\x06kPh\xfe\x01\x0b\x19\x06=\x94\x0av>p?\
6~\xed;\xe8yp9\x9a!d\x9a&\x14?\x8f\
\xa3\xfd\xe4#8)NE%\xde\xdb\xcft\x91\xe6U\
\x81\xe3\x9c\xabz'\xba\xd1\xc3\xd4\x0b\xdaj\xf8\xc8u\
~\xdc\xea\xe7\xeaY\xf2\x0czV\x1e\x85\xccT{<\
&F\x9a\xb5\xf9B\xa4\xcc\xd8|S\xc2Ye\xe58\
F\xb0\xe4\x08,:\xf7\x5cL[z\x0cPlb\xbe\
H.\x95\x0eB\xb6\x04\x80:q\x00\xf0\xeeb\x90+\
\xb1T+\xc8<\xcd\xb8\x7f\xdd+\x1f\xe9H\x1ci\xfc\
\xa8\x8c\xa0o;\xd6\xfd\xec*l\xfa\x9f\xab\xd0V\x91\
\xef2\xcd\xb8\xbb\xd6\x90\xb3\x1d\xe1\x18g7\xe3|w\
bcj\x8a\x81\xf2_M\xee\x06p\xd0\xcdi\xd6\xfe\
i3p\xf0k_\x8b\xf9g\xbe\x04\x03-m\x88\xc8\
\x14g\x9e\x05e\xf0\x81\xf7\xd9\xf5\x18\x8a\xd0\xa3\x89g\
\xc4\x9dG\xf6\xd59#\x14O\x10\xd3R\xd1b\xe4^\
\x10\xb43\xe9G\xe7\xdfnw\x9a\xffJ\x84\x0f>\x88\
b\xa5\xc2\x85>!$EI\x8c\xb9\xb4\x98\xbcR\xa2\
\x80\x93\xcf9s\x0bR[\x0d>\xed\x17\x96\xf6>8\
r@2WKf\xfa\xac\x0c[\x8dY\x1e\xea\x15\xdf\
\xd9\x17\xf5\xd0:aJx\xf7\x99^g\xf2\x97\x8fX\
\x82\xa3_\xfdj\xcc8\xf9\x14\xa7KZ\x9d\x10\x88\x98\
B\x86\x0d\xb6\xac\xfe\xd2t\x9b\xa7\x0d\xbd\x9b\xa9U\xa4\
\xd6\x93\x9cV]\x0aVVJw\xc6k\xca)5S\
\xee\x83\xe9\xdc\x8a\xfb>{>\xfa\xee\x7f\x00\xcdI\xc2\
\xa9\xec\x90\xadI\x8a;\xc5\xfbd\xc8g\x18\x010\xb6\
\xe1:\xea\xeb\x1e.n\xa5\x14T\xe8\xa0\xa5b\xaf?\
\x880\xfd\x19\xcf\xc4\xe1\xef|\x17\xd0<\xc3=\xb0&\
T\x9c\xf4\x0c\xd5=bF]U\xee,\x04\xb4\x09L\
%\xa8\xbe\xe7\x05\x807\x02l\xcd\xd5x\xec\xba|\xdf\
\x97\xb1\x12\xdaP5\x8a;f\x9c&\x08\x06z\xb1\xfd\
\x86\xeb\xf0\xc8\x0f\x7f\x84\xe2\x86\xf5\xce\x9c\x1b\x902\x5c\
h\x9a\x90\xc8I\x98\xce\x0aL\x18\xe1\x1b\x87r\x1b)\
\x8e)d\xdc\x92<\xaf\x8fo\xe8!\xed\x0d\xdf|O\
\x05\x1c\x1b\xfbN-/B\x94\xc9\xf3J\x8c\x80f\xe4\
U\xddl\x9c\x0d\x92\xe3\xca\xa6\x14\x01AA\xe3\x8a\x13\
\xd4\x03\xb3f\xe0\xd8\xb3\xce\xc2\xf4'\x9d\x01\xb4OC\
\x89\xe2G\x81\x08\x16\xb6\xe0\x82\xaa%U\xf5\xba\xaa0\
\xe7*f\xd0\xe6\xa0\xa2\xbc\xce\xc1\x0a\xf5W\x96c\xaf\
%\xb0H\x87\xa5s\xd0\x1a\xcd\x94\xa5\x89\xfa\x10v\xdd\
}\x07\x96_\xf2\x15\x14\xd7>\xca\xca#\xd2\xb4\xb1U\
\x9eEaq\xb2\xf0\xf5\xf9\xb5u!\xec\xae\xeen>\
M`\xde\xc7\xde\xcb\x13\xb4\x00F\x16\x02\xac\xd19\xd0\
&~2U\xf8\x95\x16.\xc0I\xef{?\x8aK\x8e\
r3\xd3\xc4\x02b\xc0H\xa3\xc6\xb0\xc6\xb1\xf7s\xed\
7\xf8P\x9f\xdf\x036\xbc\xa0HU;\x08\x0f`\xa6\
\xe4\x0f2\xb9\xf4\x1a\xa5\x16\x89\x0b\x9er\x0aQW'\
\xb6\xde\xfc\x7fX\xf7\xcd\xef \xde\xbe\x95\xb9\xe0\xcbJ\
\x84i\x94\xbb\xaf6\x1f\xec\x85\x09/X\xb3\xfbkU\
\xc8Y\x83\xd1\xef\xba\xbe1b\xd4\xa0\xa1'3\xfcw\
\x1a?\xf6x\xaew\xec\xeb\x94\xef\x0c-\x103\xc3|\
*\xf7\xd43\xa3\x96\x82|\xae\xe2Dti\xcel,\
~\xcd+1\xfbY\xcfD\xd66\xc3=\xcb\x98\x98\xe2\
\x90\x91\xc0W\xb6\xa9*\x02TkI\x18\xb8c8\xa0\
\x0bh\xd0\xaf\x06\xbb=\xa8t\xc3?1S\xbd\x22\x0e\
\x22\xb3\x9bkY\xc1\x91\x1b\x13\xf4wc\xe3\xcf\x7f\x82\
\xf5?\xf8\x11\x9a\xfaR\x14\x98\xf4D|\x08&;\x09\
\x04&\xcc\xf5\x12V\xf8+\xc8U\x16%g\x05v\xee\
o{R\xf4\xc4\xd0\xa8\xcc\xe01v\x1a\xd06&\x8d\
x\xf3\x90\xbfO\xb0\xce\xb4\xc2\xe0]\xa2\x9d\xee\xeeh\
\xc7\x82\xd7\xbd\x0e\xf3^|&Ph\xe1\x22\x0aJ\xd5\
\xa4\xa1\xe4\xd6\xeb\xcd\xa6\x1bm<\x91h\xcd\xae\xf4~\
\x10\x93\x90\xb5\xb3\x9a\x92\xac?\x8c\xa0\xfb\xa8\xc43\xa4\
\xf7\x06z\xb0\xe5\xda\xeb\xf0\xf0\x95?B\xf3\xc6\xf5\x88\
\xc9\xeft\x0b\xa9\xec\x8eY\xe4<o\x967\xb8hh\
\xa17>M\x13|\x9c{\xe1;Sd\xb84rX\
\xaf9=E\x18\x8dP5f\xbf\xb3\x04\xfaf\xcf\xc6\
\xb2\x97\xbf\x14\xb3\x9e\xff|\xd8\xb6\x0e\xe7q*'$\
\x93K[\xce\xde\x18\xc6r$\xda]H\x8e\x95A\xfa\
B6\x82\xd77z\xde,\xa7b\xd3F.\xd4\xeda\
\xe3\x06\xdcw\xd1\xc5Ho\xbd\x1d-\xa4\xdd\xad`b\
\x85\xffP\xe0\xcf\x9e\xb0Vh\xecCf\xb6bW9\
\x13\xb3\xb7\x11\xb0[\xddQ\xe4\xe1\xeec\xd2\xa0\xc05\
/1]&\xa3\xf9\x043\xdf\x17Ehz\xd6\xd3p\
\xcc\x9b\xde\x8et\xd6\x1c\xa1\x9d&*f\xdat6\xa8\
?\xa8\x97\xabfa\xcc\x81\xf1\xeeF\xa8\xa5\xb3\x96\xb9\
\xf6\xf8q\xf8\xb2S\xd2\xfc)\x91=\xee\xc4\xa6\xdf\xff\
/\x1e\xb8\xf2\x07\x98\xbek\x17\x9a8&a\xb9.\x81\
L\xbc\x02-\x02*6\xa9\x92\x01\x8cz\x1d\xd5\x92\xd4\
:R$\xfb\xe0\x98$$\xf0\xb8\xcfY\xcf\xeb\xbb\x7f\
\xae\xca\x9e\xc4\x19\x9cLb\x07\x1c\x8eqk\xac\xdfm\
\xa4\xce\xe6f\x9c\xf0\xa6\xb30\xe3\x19g\xc0t\xcca\
\xb2\x11\xca\x0e\xa4\xcc\xb2J\xed\xbf\x0c\xd3\xb2\x07\x99\x10\
|2\xb9\x87\xaf\x14l(\xd2Z\x1b;\xf7e\xd5J\
\x1a\xea\xfe\x95\xef\xbe\x0b\xf7}\xee\x930\xdb\xb6\xb1\x95\
\xc1\x15,\xaa$B\xcf\xc9\x88\xea1\x04v\xec\xa1\xc4\
hP\x00\x8c\x7fLz\x10\x90o\x86\xef\x94l\x9c\x84\
}\xb7\xdeY\xb3q\xe2\xa7>\x89\xe6\xc3\x971\x8f\xbf\
\x14\xdf\x90\x00pfZ\xc2!\x9e\xbc\xf4\xb4\x9e\xe33\
r,\xf3\xf8}\x91\xa0\xd0,B\xa0P\xe14\x10\xf6\
Wn\x0e\xdc\xb5\x03\x9bn\xbc\x1e\x8f~\xefrD\xdb\
\xb7\xb0\x94.$\x84\xfa3\x1c\xcca\xee\xc0L\xa3\xfc\
\xc1h\x80\x8d\xbf\x8f\xbd6jtD%\x90\x0dEk\
\x80,>N\x1d\x93\xcf\x1e\x14\xd0\xe7\x9ey\xcf\xdcY\
X\xf6\x9aW`\xf6\xb3\x9f\x8b\xac\xb9]\xf4| k\
\x92\x02w\x813\x09$-\x9cq\xd5\x9fg7j\xf4\
\xa93\xef\xb4\xf6\xb4\xb0\xba\x06-\x1f\xcf)\x93\xee\x1e\
\xac\xff\xe1\xb7\xb0\xfe\xd7\xbfBqW/\xa2\xc0\x076\
M\x1e\xef\x10\xf7?\x93\x92gHz1\xcaj\x02\x91\
{T\x00L\xaa\x1a\x10\x83>5e\xecjm\xc1\x11\
\xafy\x03\x0ez\xf5\xd9\x1c\xa1\x05\xb7\xf6\xe2,\xba\xd0\
Qg\xf5o8\x9fbdX\xae\xd6\xf2\x93\xf6NM\
\xa65\x07U\x12\xcdT\x83*\xd1@/\xb6^s\x0d\
\xd6\x5c~%\x9a:\xb7\xa2\xe0L?Z\x04\x11\xe2<\
\xb8G&\x1aY,&\x94\xc9\xafo46a\xa3\xe1\
\xd0'\xee{O\xce\x98\xcc\xf3L\xfa5[_Tf\
X\x00\xb0\xde\xb5>@\xa8\x0cL\x04\x1c\x0ac\x16\x02\
\xa5\x99\xd3\xb0\xf4\xf5\xaf\xc1\xccg?\x1fY\xa1\xd5\xb9\
\x011\xa7\xe4\x18\x19\x98RS\xd8\x88Mr*5\xf7\
\xcc@U\xba\xef\xd1\xefAC\x81n)\xa7\xfc\x8f\xe1\
\xea\x90\xb6\xf3ITa\xc6\xa7\xa8\xe26\xf6\xbaUx\
\xe0[_C\xe9\xb6\xdb\xd0\x5c\xc9r^\x0aY\xbb\x81\
6>\xc9\x947C@f\x9e\xfb\x10\xc3\x95\xbcO\xc1\
\x98\xb2Z\x00\xe6\xf5\x0b3\xc4\xa7\x9e\x82\xa5\xe7\x9e\x87\
\xc2\xbc#\x18\xcc\x91\x85\x09?0\x02y\x90_T1\
\x89\x82/\xeb\x01\x9d\xe8\x7f\xb4\xe1\xb9\x87`\xacA\xc2\
\x84MA\x86\x95\x06R\x83\xc0\xb4\x5c\x95>l\xbb\xe5\
\xcfX\xfe\xd5K1m\xfb\x0e\xc4YER:\x04P\
\xca\x14\x05\xc84#z\xdc`\x0f\x89\xdd\xc7\xd8\x98\x14\
a\xe0\xa1\xb9v0\xfb\x11\xeb_\x03\xee\xc2Dx}\
\xde7\xee\xe7\x80{\xb1kv\x07\x8ey\xf3[0\xf3\
)\xcf@\xd6\xd4\xc6\x88\xbc\x90\x83C\x92\x15\xa2@b\
\xc0\x8c\xceB\xf7-\xb9\xfaz!\xe6&\xefg\x98\xf0\
\x9a\x8bxm\x89\x00p\x0a&1\x1cS\xea\xbc\xf9\x8f\
\xb8\xf7\xe2\x0b1sW\x17g\x8f(8N\xbd,\xac\
\xcf\x2219M\x22\xaa\x88\xf9)<\x95\xfd\x9eA\x0e\
N\x91\x00\xb0\xec\xd3\x94\xa6u`\xf1[\xde\x86\x8eg\
>\xcf=\xb4f\xb6\xd4\x93\xb0\xc2\x82\xa0@\x02\x80\x1e\
D\x98\xe6I\x98z\x8e\xeb\xcd\x15\x12\x00b\xe6\x93\x01\
V\xe6F\x9c\x89\x93\xb2\x81\xd3\x00\x01\x05X*\xfd\xd8\
y\xdf]x\xe8;\xdf\x81yp\x05Z)\x1aK\x84\
\x8en\xf2\xcb\xd0z\x7f\xae\x0bHT\x93\x00\xf5B\x8c\
\x1b\x98\x86\xbf\xcb\x93I\x1c\xb5\xe935\xc05\x98\xa6\
\xbc\xff\x9a.b\xf8\x18\xb52\x8b\x0c\xfa\x0e;\x14G\
\xbf\xf5mh?\xe5I\x02:\x22nI\x05\xe7r'\
*\x12\x02TuJ\xe5\xbeC,\x80\xd1\xafER\xdc\
\x8c_5\xbe\xec\x1d\x5c7\xc28Q\x8a+$\x05\xa0\
\xb7\x13\x0f\x5c\xf4\x05\xf4\xdcp#\xda\xb3\x94C\x8e\xe4\
\x22g\xa4\xed\x09\xb0\x04Y\x83\xda(A\xebe\xf6\x1c\
\xcf\xc4\x14\x14\x03\x89I=\x10G\x98\xf6\xdc\x17`\xb1\
\x9b\xfc\x8c\x08\x1f3(\xa1\xac\xe6vm\x907\x01m\
\xec\x1c\x1a\xb4\xb1&o\xf9\xcd\xff\xb8\x96,\x12Z\xf0\
\xac\x1f=\xf7\xdc\x89\x95\x97^\x8ad\xd5*tdR\
\xe8\x1b\x94%5Y\x0e\xfcy3\xf8\xee:l~Y\
S\xa7\xe4\x9d\xc8\xce\x9e|\xa90\x1e\x17\xa2\xe1\xab\x18\
\x0b\x7fZ\x17vdbWUE\x99z\x01@#\x80\
\xe7F\xcc\x83\x9a>\xcfO\xae]\x14r\x11\xd1\x11\x1f\
\xfe\x10\xda\x8e:\x1eI\xdc\xcc\xd5z\xdc4\x85\x18\x7f\
\xc8t'\xb2\x0f&\xa7it\xe6\xb5\x1d9c\x0e$\
\xb3@}\x10\xe9w\xb6F3\xe1\x96\xe8w\x8ah\xf9\
\x85\x17\xc0\xac[\x8bBRBDiIe\xb0fg\
\x99\xca\xd2\xf9\xfeB\xcdHdS\xd0}\xb86\xb1]\
s\x07S\x11\x04$\xb8oy\xf6A8\xe1\xdf\xff\x03\
\xd1\x11K\x9dY$i\x16\xe6\x07p\xffb\xa2J1\
\x996\xf0\xf4\x17T\x0f\xc6\x94\xfe'\x04\x10\xd2\x1f>\
\xd1\x1ap\xc1\x8e3\xf7`\xa5\x8c`\xe3:\xfc\xed\xab\
\x17\xa3|\xe7\x1dh\xad$B\xd6IA>\xe5\xb4g\
\xc4\xb8\xfa]\x5c Du\xdbTI&\x92\xa0f\xb2\
\xf6\xc4\xf8\xbb\x99P\xef\xb0\xda\xfb\xc0w1\xaa\x06\x06\
\xab\xa5\xc04$\x0d\xaco\xa6\x092'\x04\xd2\x93O\
\xc1\xb2\xb7\xbf\x1d\xf1\x92%\xc2\xe3G\x9f\xe0Vd\xa1\
\xf2\x0bh\x90\xa6\xceGQE\x0e\x0a\x7f\xa0!K\x92\
\xf2\xfbY$`\x1e\x02)\x11\x08\x88\xea\x05\xba\xba\xb1\
\xee\xaa+\xf1\xe8/~\x8e\xf6\xbeng\x1d$\xa8\x10\
\x89lP\xe4@f\xbe\x8es\x01`\xf7X\xfb\xf1\xb1\
\x8b\x81\x1a\x84~\xd0\xdf;\x9a\x9b\xb1\xe0e/\xc5\xa1\
\xaf\x7f\x03lk\x9b{\x06)\x97\xff&\xea\x7f\xc5\x09\
\xc5\xe6\xa9\xcc6\xf50\x90\x06V\x81\xb2\xbbr\x81E\
\xaa\xf6D\xc4\xc5\x16\x8c'\xdf\xba\x1e\xab\xaf\xb8\x12\x9d\
\xbf\xfb\xbd3\xfbK\x9arQV\xd8\xa0\x8a\x09\xe0\x1e\
~\xda=H\x88\x1b\xaa<sS\x83\xed\xaf\x7f\x0e\x1b\
\x9a\xec:\xe5f\xc3\x97\xdd\xc0\xb1\xabx>h\x8a\xb4\
\x1e\x08\xee8\xb0\x149<\xbcZ\x8fA\xc3X\xcfh\
,\x7fKm\x81\xe5\x00\xb1Q?\xbd\xb7\xa9\x09-O\
{\x0a\x96\xbc\xe9M\x08\x0f:\xd8Y\xdb\x05q!\x94\
\xdf\xc1\x1b\x16\xf5\x14\x9aU\xebJ$\x10\x99\x06\xd5\x06\
\xb1\xb4\x16\xf9j\xdc>.g%\xf7\x99\xd8i}'\
$\x1e]\x8d\xdb\xbfx\x01\xa2\x15\xf7\xa3HMb\xe9\
s\xceB`Di \x15\xa7\x99f\x13\x82\xfc\x0c\x8d\
=\x93\x5c\x7f\x99\xd1\xbfR\xfbZ\xfd\x16@\xcd\xe4\xfb\
\xe1\xf3\xe0\xb5\x07\xa0\xae\xbe\x95\xe3\x8e\xc5Q\xef}/\
\x9a\x0e_,\xa69Uk\xa5%\xc6Cg\x99\x14\x08\
\x05\xec?U\xd4\xe4\x960\xe0\x88W9\xe4w9\x9f\
\x97\x90TbD\xd5W\x15\x84\xfd]X\xf7\xc3+\xb0\
\xfe\x97?\x17\x16\x1f+\x8d9\xa80$\xe4\xf3\x0a2\
\xd0]\x0c\x8a\xf4^&\xddo\x85\xffM,\x12S7\
$\xe9\xc0\xd4\xdc\xfb\xf4]Y\xc0\xb3\xee\x0a!\xa8:\
\x019\xea\xd3\x0b\x06A\x82\xa6V*7\x89\xb5\x97\xd8\
\xa7\xba\x9a\x0a8\xe4\xc5g\xe2\xb07\x9c\x03\xdb2\xcd\
\xedA\xc9\x0cd>Ec\xed\xa0t\xe3\xa0Q\x83;\
\xcf\x05\x00\x9d\x9b\x0b\xd8\x12\x08+Q$D%$\xa0\
\xc8\x0d \x17\x95q\x07\xce\x0a \x06\xa1\xdf\xff\x1e\x0f\
|\xfdkh+\xf5IY1\x0b\x00#.l\x90@\
vB\x90[5{b\xd4'\x00\xbcv\x84\xd1\xee\xaa\
\x1c\xef\xe4\xc8{\xe66\x1fE2\x09hA\x5c\x7f\xd4\
\xc2{\xfek_\x8bC_\xf9*\xd8BSN\xabd\
m\xaa\x94O\xa1R\x85y\x5cu\xb5\x1e\x9c/(\x17\
cC.\xc1+\x18\xab\xd8n\x0a\xa8\xb8\x89%\xdc\x0f\
\xa5x\xc2\xd2.t\xff\xf9Ox\xe8\xcb_A\xdc\xd5\
'%\xbd$Y\x99X$\x14\xb6\x19\xed9H\xd7\x22\
\xec-\x1a\xf41\xbeKO\x83\xd6\xc8\xdf\xc7\x9e\x1d\xb5\
paHi\xb7\xf7\xd8|\xd3\x10\xdf:L\xd1\xf9\xf0\
$\xeb\xdc\xdb\xc9Y\x80\xfd\xd3gb\xc9\xdb\xce\xc5\xec\
\xa7<\x15\x99\xb3T=8\x87\xb1\xf8Y\x95\xf4%\x87\
\x7f\xabv\x97\xc0\xb3\xac\x8f,w7\xac\xb2\x11fz\
\xc6P]RE\xffiV\x99\xbb6Q\xbap\xebF\
\xdc\xf6\xe9O\xa0\xf8\xe0J\xb7^\x9d\xb1\xef)\xf3\xd4\
\x12\x95\xa29\xa1\xd2\xdf\xbdg\xc4\xd4\x8c\xd1]\x00\xbf\
\x19\xad\x14fx\xff\x9b.\x96\xfc\x18*\xccI\x11j\
\xa5V\xca-\xa2\x07\x9c\xcf\x7f\xea\xbf}\x02\x98=G\
RrCMV?y>\xad\xc3\xbfW\xb5\xeeHT\
N\xbe\x83\x8et\x9eq\x93G\x9df\x13a\x07\x0a\xec\
\x00\xca\xf7\xdf\x89;\xbf|\x01\xda\xd6\xacG\x94\x06\x82\
\x15G\x99c\x0eA\xde\x15\x06C\xceS\xfb\xc2\x14\xcc\
\xee\xa09\xdd\xa7u\xebT\xdd\xf4\xc4??\xca\x1c\x8e\
\xf4V\xfe\xeb\xa0\xfa\x02\xc9\xc3\x97\xa8\xff\xe0aK\xb0\
\xec\xadoA\xf3\xc9'!\x8b\x8a\x10nG\xa2(\x17\
\x01\x10\xd6\x08\x00!\x02\xc9\xb4Q\xa9\x17\x00\x81X\x8b\
\xf9\xa2\xf2\xeb\xd8\xe4@\xb5\xda\x93\x93\x85\x221\xe7>\
l\xf9\xe3\xd5X}\xe97\xd1\xd6=\x80 )s\xc3\
Q\xd8\x98\x15\xa3\xe5Z\x80\xb2^o\xfd\x19\x89Q\xe7\
p\x8c\xe9\xad\xab9\xa8\xc6\xcb\xa5\xed\x01\x17b(\xe2\
\x0e\x9e\xf97\xe4\xc8jw\xd1\xe0\xf0w\x9c\x8b\xb9/\
\xf8\x07\xe7\xdf\x17\xf2N\xb2c\x8fj\xa5\xfd\x98\xb7\xaa\
~\x1a7\xda\xe4F\xad\x16\x95\xcd\x8f\xe0\xc1o}\x03\
}7\xdf\x82\xd6R\xa2\xe80y\xe0|\xcd\xfe\x0e\xc7\
SI3\xf1G0\xeecNd\xec\xb1\xd3\xed\xc5\xb9\
\x1a\x9d\xe4\x139\xba\xcehl\xa7\x1cJ\xce\xde9\x80\
h>\xe9D\x1cu\xde\xbb\x81\x83\x9c\xa2*\xb4:e\
\x92q\xd3_\xc9&\xf8\xc666\x87\x98\xfbvh\x1e\
d&\x99\x87\xfa\xbc\xe7<\xe1\x14T\x90n\x5c\x87\x07\
.\xb9\x14\xa5;nC\xcb\x005<\xa1\xfd\x14\xe6\x96\
J-\x98m2\xe7\x7f\xd4\xee\xc0c\x1d\x83\xf3\xaa\xca\
\xd2CA\x8b\x94\x9at*p\x81\x0f\xee$g\xa9\xc9\
\xf93\xc7,\xc6Q\x1f\xfa\x18\xe2C\x16+\xcfz}\
\xc3_\xd8\xf0T\xdf\x83M!\x86oZ\x02\x12E\xf2\
\xf4\xcb\xbb\xb0\xf1\xca\xefc\xed\xcf\x7f\x8d\xd6\xae~m\
\x11Vr\xe6\x17=<\x8d\xa8NBP\xbf\x91T\xdb\
\xf0\x9f\x1d\x9f\x94\x9e*\xcc\xfed\x1d\xab\x91\xb8\xe4\xd8\
\xef\xd5wU\xf5^{f\xc5\xa3\xe6\xfe\x1c\xd4\xde\xcd\
\xb70w\xca\xa3\xd4\xdc\x82\x83^\xf2B,<\xe7l\
T\xe2v\xb7^\x9a 5\x83U,~\xa2K\x8f!\
\xba\xa9b\x0c\xb4jO\xe0\xc3u\x0a\x00N]H\xfe\
\xc9\x94\xfa\xb1\xfd\xa6?a\xc5\xa5_\xc1\xb4\x1d=\x88\
)6\x15x\x1e-\xe3\xf3\x19\x0d\xd6L42{\x83\
\x8fUW\x0c G>)^\xbe\x12\x96\xf5\x12\x05S\
M$\xad\xdb;Zp\xd8\x9b\xdf\x84\x05\xcf~>\xca\
\x85\x16\xa9\xad\xaf\xf3b\xfcDf\xc67h\x1a<}\
\x83\xafE\xdanq\xb7\xd8R\x1fv\xdd{+\xee\xfc\
\xaf\xcf`\xe6\xae~4eB+\xcd\xd9\x01\x8d\x110\
C\xcc8V\xfaTh\xd0}\xcdJ\x18&\x10?\xae\
\xd3\xef\xab\xceMf\x03\xcf!\xa5\xbe\xbeg\x9d\x12\xca\
\xb7\x9e\xd9\xb3q\xf8\xdb\xdf\x82YO~\x06,\xd5\x0c\
di\xbe\x01i\x93s\xc5)\xd1\xd1\xa7!c\xf43\
%\x95\xe5\xef\xdb1\xd0\xabC'E3\x12L\x0e\xd2\
\xdf\x85\xbf}\xf2\xe3\xc8n\xbf\x1b\xed\x15m\x19\x1fh\
\xd3RuWw\xe3\x10\x9c\xa2In(\x0b`\xb4\xc5\
W\x12\x945\xb8\xa7\xf0\xc70A\xf9\x98cp\xfc\xfb\
?\x82\xc2\x82\xc3\x98\xbb\xd7\x98\xfa\xc3i9mW\xde\
2\xca\x8f\xa0z\xf2\xfc\x1f\xb4\x18\xc8\x9d\xf7\x91\xd5\xb8\
\xef\x9b_E\xe9\xce\xdb\xd0\xee\x5c'\x22k\xe4\x80\x0d\
e\xfdR\xa9\x17\xa0@E\xb6/\xae\xce\xbf\x8f)\x1f\
V\xab\xfc|`0\xd4`vb\xb8\x06\x14\xbda\x11\
\xe1q'b\xd9\xbb\xdf\x89\xe2\x92%l1T\x1d\x00\
!\x02\xa5\xf8T\xc4\xe0\xb2P\xd2\x8f\x81\xb0J7\x82\
\x1a\x15\xcf!\x90\x82%\xb2H\xd3\x12v\x5c\xf7;\xdc\
\x7f\xd1W1\xbb\xb7,\x9d\x83X\xb0@\x1b\x9f\xf8\xde\
\x87S?\xea\x16\x009\x8e\xc8J\xe4\x926k\xc2\xff\
2t\x15\x03\x1c\xfd\xe6s1\xeb\x05\xaf@Z\x0cy\
\x036\x12M\x1fN\x00x\x17\x82\xf0\x03\xd6f\xfe\x89\
*\xc9\xa7\x93\xd4\xbd=X\x7f\xc5\x95\xd8\xf4\xb3\x9f\xa2\
\x90\x96\x85J\x9c\xbf\x93\x0aq\xa3{`a\xa6\xcd\x22\
\xf6\x04u\xffTU\xf4\xec\xab\xeau<c\xaa\xeee\
\xa4\x006\x8c\x92\xcc\x0a\xa9,+\x04n\xfb\x9d\xa1B\
B ,\xa0\x145c\xc6s\x9e\x81E\xce\x12\xa0\xca\
\xc1\x8as\x1b#\x0a\x14r\xcfz\xc1\x8a\x90\xb5P+\
\x00\x02h\xc3\x9a1zB\xf8\xcbb\xeb9\x8aP.\
\x97\x10\xc7T\x01[A\xb2a5\x96_\xf4e\x98\xdb\
\xefB\xcc<\x05N\xe0P\xe7iB\x12\xe6Bh\xea\
\xe7\xb8n\x17\xc0kQ\xe6oK\x03\x85@:\xdf?\
J\xd1\xbb\xe0P\x9c\xfe\xe9/\x02\xb3\x0f\x05\x0a\xda\x18\
\xd1\x0e=\xc2\xc8WU+\x00\xaa\x10\x08\xb1\x22d\xf3\
;m\x1e\x86\xdc\x1c\xd2D\xee\xb5\xca\x00z\xff\xfa\x17\
\xdc\x7f\xe1E\xe8\xd8\xba\x9dC\x01\xbeU8\x93:h\
\xb7\x98@\x1b\x7fNNa\xc5\x81\xb4\x13\xf7\xc7\xd1\xe0\
\xfc[\xa5\x18\xa3X\x90\xdb\xb4Q\x1ah\x07(\xa3\xed\
\xd4\xad\xf2P\x06\xd8\xd5\xd6\x8c\x13>\xf8\x01\xb4\x9fv\
:\xb2V'\x04\xcan\x8dsf@ \xbaBO\x17\
1U\x99\xb4\x1e\xa3\xd7\xc7\x12\x00\xd5\xeb\xe5\xe5\xed#\
\x8c\xa9pd\xa0\xd2\x8b-\xbf\xf9%\xd6]\xf6=\x14\
v\x0d0gf\x10\x08*\xb5\x01\xce\xdb\x09O\xa1\x04\
\x01\xfd\x09\xcd\xd0\xd4\x8aU\x89\xe9I\x182e\xdc\x89\
\x14\x8b\xef\xcc(\xb7\xe1\xe7\xbe\xfa\xb58\xe4uoB\
Zhf\xce\x7f\x81\xe96b\x01\xe8\xe9\x8c\xc4A\xab\
\xa7\xf7\x90N\xcb\xbd\xe6%\xa0\xe3&\x7f\xd76\xdc\xfd\
_\x9fCz\xc7]hO\xf9\xb2\xb8ydb\xd2\x9a\
\xfb3*\x04\xd0\xb0\x00\xd8+\xfe\x7f\x9d\xdf\x1d\xe98\
\x93\x95|k4\xe8\xd8\xe8\xf5\x8c\x82\xef\x9a\x94\xfb\xaa\
\xfd\xa2G\xe9I\xd0\xceHO\x07\xc6\xa4\x80+?\x89\
\xd97p\x0a%\xa1\xa0\xf2\xc9';W\xe0\xdd\x08\x0e\
=\x0ceS\xe4\xe6\x22q\xc8L\x15\x9aM\x885\x8e\
\x90\xf0f\xb5h\xa4p\x08\x8a@\x15:qb\xcb\xca\
\x9c\xd5j\x1f~\x08w\x5c\xf8E\x14\x96\xafA1\xa1\
\xf4_\x86\x84,\xd90l\xc8\x82\x1e\xf5\xdc#dJ\
\x06\x05\x01\xc7\xce\x02\x98A}\xfe\xa8\xfe\x99\xcc\x22&\
\xd2X\xbc\x08G\x9c\xf7~\x14\x8f9\x9e%$\xdfd\
%\xd1\xda\xfa\xf1<\xb7\x1a\x01\x00\x11\x9c\xa9\xd3\xfc\x81\
g\x0c\xde\xd5\x89\xd5\xbf\xfa\x056_\xf5c\xcc\xe8\xee\
e+\x8dK'B1\xb6\x18\x9b\xa0\xe9\x9b\xd0\x97\xfc\
\x8eF6\xb2\xaf\xec\xf6\x11\xbe\xb3\xd7\xec\x8e}\xc5\xe0\
\xa9\xda\xd1\xe3\xb8\x1e\x0f23y-\xbe\xa0\xf7\x84G\
2Q \x0f\xb5\xee\xe8nm\xc5\xec\x97\xbe\x14\x0b\xff\
\xf1\xd5\xb0-\xd3\xdd\x87\x9a\x9c\xd2)\xe7tbA\x16\
K\xe0\xdb\xa4\x0c\xd6\x19\x83\x10~\xb7[\xe02`\xb7\
\xb1\xad3\xffS\xc5\xb1PF\xe0\xe1_\xfc\x04\x9b\xbe\
\xf5]t$\x15F\xa8B\xdb\xa5O\xc6\x94\x8d\xfdb\
\xdd.\x80Q\x02\x04\xcb\x12\xb0\x1cJ~\xb5\xafPD\
\xfbs\x9f\x8f\xa3\xcfq\xda\x7f\xdatay5\x18\x1f\
\x98\xd1\x83\x84\xf8\x87|\x93@<\xac\xf9\xb5\xb9\x82u\
\xe6S\xff}\xf7b\xe5W.F\xbaz\x15Z(\x16\
@\xcf\x98%\xaa\xcd\xd9\xd9l\xeeHT\x83\x86\x7f\x1f\
\x8f\xbd\xc1\x08=\xab\xda\x94\xfdCmGj$\xba\xcf\
m\xea\x88\xe1\xd9Y\x09\x03nM\x0f\x1c|0\x8e\xff\
\xe8\x87Q<\xeaq\xee\xfd\xa2\xf8\xe5T\xa8C\x9f\xce\
\x0a\xf0\x9d\xa6\xb9\xe8\x87N\xd0\x88\x95Kk9IY\
1rYJ&\xc2(Y\xbb\x1aw\xbc\xef\xfdh\xd9\
\xb5\x83i\xf3C+\xe09S'C\xd6D\x87y\xe0\
\xf4'X\xae\xccC\x0d&_\xd1M\x224\x83j\xff\
<m\xf3= \xc5}\xe8\x9b9\x07K\xdf\xf3~\xcc\
z\xe2\xa9\xb0q\xc4u\xcee'\xc5b\xc2Xg\x0d\
T3\xe56\x88\xf8\xec\xd5\x00\x82\xf8M\x0c\xd3\xa6*\
\xbf\x81\x1e,\xff\xc67\xd0\xf7\xfb?\xa0)\x15\x89I\
\x5c\xfe\x08\x85`!TIo4\xda\xca\x8d\x1a\x0dF\
\x00$M\xa2\x8a\x9bTm\xd9xn\xae\xb6N\xde\xf8\
\xc8\xf7\xa0\x82\x92jH\xa9\x96:}X\x03|\xdc\x95\
I\xc3\xbc\xbb\xdbG\xa6n\xce\x87;r\xc6k:\xcc\
\xe7D\xd6C\xc6q\x01*\xc1/\x041\x9b\xff\x9c)\
rG\xe8w\xeb\xb6\xf9\x99O\xc7\xb1\xef|/\xb2\x96\
in\xb3\x1a\x86\x10\x93\x97\xc9\xb8\x13i\x09\xcbV@\
#\x02@HK\xb4\x8a\x95\x11\x87\x09\xa7\xc9\xb9\x08m\
\xa0\x0f\x1b.8\x1f\x1b\xfft=Z\x89\xe2,\x0d\xd8\
5\x19+\x10`F>Y\x1d\xeb\xa5\xb6\x18\xe8\x89\xa7\
\x12\xa1y^SO\xcc&\xc2\x87.\xd8}\x0aJp\
\xa3\x05\x82\xff&R\xac\xd8\x1b[f1-\x1e\xff\x04\
\x1c\xf7\xaf\x9f\x05\xda\x8b\xc8bM\xbb(\xec\xd1\x8e@\
i4\xbcy\x92{$J\xf7\x9d*\x0aK\x9a<\x10\
f:\xacT\xd0w\xe7\x9fq\xdbg?\x8d\x19]\x03\
R\xe5E\x8dD\xd3*D9SJon\xde`\x85\
bY\x88\x1f&\x17U\xb5\xaf\x0d\x16\xdfd\x9a\x125\
UE\xea\xc92mb\x11*\x1e\x9e\x0bL5\x22\xee\
\x93]\x13\x1ac\xc1\xf0\xf6\xa9\xa1>\x84\xc7\xf7+\xfe\
\xdf\x0b(\xcf3@k\xbd\xd4\xda\x86\xa3\xde\xf3Oh\
}\xfa3\xb8\xa9'\xa1\xf4\x12\xf7\xb98\x93\x92q\xe1\
\x11\xachJ|d7wp|C;\x0aiL\x8a\
y\x03\xc8\x05\x09B&\x01\xdd\xf9\xe7?b\xf9\xc5\x17\
\xa2m\xcb6\x14\x9d\xa5\xe13\x15\xd5\xfa\x97\xdd\xa7z\
\xb0\xa3<~k\xc1,\x7f\xe2\xe9\x96\xc8;3\xa6%\
\x22\x8d\x1b\xb3\xa9B\x1a<0\x22\x00\x08\xf0\xc7\x08\xe8\
T\x8c\xa0R\xc1\xa2\xd3\x992\xc7\xbf\xed\xdd\x98\xfe\xc2\
W\xc06\x09\xbf\x19CsS\xcf\x80Z\x1f\x00G2\
\x0cV\xd3\x8b\xc8\xfb\x01J\x1f\xbf\x80s\xb31\xf9`\
\xce\xf7\xbf\xff\xe2/\xa3\xff\xc6\x1b\x9c\xf6\x97\xf4\x0e]\
#5\x1c7I\xaa\x1d\x84\xd5\xd4Sl\xb6PH\xed\
\x99\xa2\x8a\xbd9\xb8\xfc\x96\x93\xc9\xd2\x83\x8e\x1aV\x90\
f#\x84f\x0c)\xde\x92\xaeF\xd4\xa3\x119\xcc\xf5\
\x00\x9f\x96\xba\x87`\xf4\xa8x,@\xc5m\xec\xe2\x19\
O\xc6\x92s\xdf\x8ax\xae`ZH\xc5P\x16\xc1\xa8\
\xa0\x10 \x90\xa9[\x88zk\x8c\x8b\xe8\xac4A\x11\
\x81c\xc4j\xdd\xbc\x16\x0f^t!\x92[os\xe7\
\x89\x84\xac\x84\xbe`F\xde\xda\x93&\x00\xee{\xe2i\
V\xb4u\xaa\x1dtEc\xc6\xd4\xd3\x8f\x95+m\xb4\
27\xcc \x13\x9f\x16X),c\xe0\x88#q\xc2\
\xbf\xfe'\x8a\x0b\x162\xb5rf\xa56?N\xf5\xd2\
\x02[\xf7e\xd5|E\x9boB\x04\x8a\x1a\xb6\x85\xfe\
~l\xbb\xee\x0fx\xe8[\xdf\xc1\x8c\x9d;\xd9\x84b\
\xfe6BzQT\xd5\xd01\x84\xe3\x9f\xf2\xb5\x9ej\
<\xcb[\x8dM\xc9\xba\xd9g\x86\xd1\x95\xc2\x0d'\xc2\
T\xa2\xdb&T\x1e\x04)h\x11PK\x88b\xe2\x17\
\xf2\x9e!\x9d\xac\x1d\xc3\xa7\xeb\xab\xcdA'\x13%9\
bm\xdb\x08\x9f\xa5\xb5B\xc1\xbe0h\xc2\x8e\x8ef\
\x1c\xf1\xe6\xd7c\xee3\xcf\x84mi\x87pLJ\x0c\
A!Ehd\xe3yA\x91\x04\xe2fG\x94\xb2R\
+\x97\x84\x8e-\xf7b\xf3O\xae\xc2\x96+\xae\x00z\
\xfa\xb9R5Tr\x84\x91\xf2WC\x05\xc0x\x8dW\
s\xc7\x19O\xb4\x0c\x9c\x81\xf41#\xbc4Qe\xd3\
\xae$\x93:\xb2%\xa7q\x078V\x9af!\x93j\
\x0c\xc4\x09\xa6\x9f\xf92,z\xe3;`\xdbZ\xd5/\
2\xac\xb1\xa3T\xd8z\xc4\xab\xaa\xf3a\x99*\xce \
\x92d\xab\x94a\x12<\x92\x16\xf3\xc6\x8dX}\xe1\x85\
\xce\x05\xb8\x0b\xcd\x95\x12\x034R\x9e\xc4\x98q\xc8\x04\
Mf\x01@Y\x00\xf6EB5\x9f4\x0e\xf1\x18\x10\
\x00\x1c\xa5\x0e3\x94\x8d\xb8s\xcdT\x87\x9ez \x8c\
\xa7\xd2\x0a\x99\x84\x22\xf0e\xd8\x7f\x1f<|\x05\x1f\xa5\
\xe0\x82\xa0\x88\xbe(A\xbcl1\x8e\xff\xc4\xf9\x08\xa6\
\xcd\xce\xb1\x03F8\xeca\x99l\x9eFZ\xd7\xf1=\
W!!f\xc9A#-\xcf\xc7\xa2\xed\x1dF\xa8P\
U\xe0\xaa\x95\xb8\xed?\xff\x03\x85\xcd\x9b\xd0\x94@\x05\
\xce\xe0-\xed\x9f\xd8`\xc7c\x0cA4V5\xe0\xb5\
g\xbdFP\xcdL\xac\x98r\xd4\x93\xd2\x15\x9c\x95p\
\x9b\xab}\xa0\x07\xcd\xdb6:\xff\xdf-\xa2\xc4p\xfe\
49h\x1a\x0e{\xc7{1\x83\xd8V#\xcf\xc6b\
8g\x170\xc7V\xd6\x90\xda\xad\xde\x82p\xbd\x8b?\
O\xb2\xc6\x1d')\xa1\xfbO\xd7c\xc5\x85_B\xeb\
@\xc9\xc9\x96\xc4-r'\xad;f!\x9c5\x0f\xfd\
\xee\x9b\xe58aB\x05\x92\xd4aZP\xcc\x02\xb4\xfb\
\x0bp\xa0\xdb\xba\xc6\xbbN\x94\xdb&w\xcdV\x10o\
\xefD\xd3\xf6\x9dhR,\x85|&d\x97\xce7\xb8\
\x1cu\x8c3\x959\xee\x0eI\xe3\xa9d\x19O\xecr\
\x94\xd3\x91UYN\x85<\xa4\xbb\x10c\xf1{\xde\x87\
\xb9\xcfz\x1e*\x5c2\x9cr\xf4_\xe60\xe2\xb5\x16\
\xd4)DY\xf1\x13\xac(\xcc8\x16\x13\x12\x8e\x86\x85\
\x07\xf9\xcc\xd4d\xd4\xa2P\xea\xc3=_\xfa<\xca\xd7\
_\x8f\xd6\x8a\xec\x81\xfc\x0akb\x01\xb9k;(\x80\
[\x87\x00\x182W\xfe\xb0\xc6n\xdfd\xd9\xc9\xd7\xc0\
\x1f\x13\x14\x1a)\xf4!\xd2\x8d\xae\xbf\xfe\x19k\xbev\
\x09\xf3\x9a\x85i\xe2n\xc2\xbd|\xe2\xf18\xe9\xbc\x8f\
\x00\xf3\x171\xca\xcaz\xc0\x10\xa57R\xa9|2\xc1\
\x90\x0b\x18\xedaX\xe9\xb6\xca9Pe\x0f\x15P\x90\
3\xefwn\xc7-\x9f\xfa\x04\xe2{\xeeA1\xb3L\
\xe7\xdc],\xe0\xe87\xbd\x093\x9f\xf9<p\xa2\xb6\
H\x1f.\xcb\x89\xd2\x983\x17\x92\xf2a)\x86=\x83\
\x05\xde\x9b\x83\xee5\x91\xfbf\x87\xb6\x82\xee\xdbo\xc3\
]_\xbd\xc4\xb9L]\x88m\xa6~e\xe4\xe6OE\
\xed\x81-\x13\x1b\x1f*D3\xde\xdb\xa9S2\x01\x92\
\xe3\x8f\xc7\x89\xef\xfb\x00p\xc8B\x08BEI@\xb9\
uy\x96Sw\x8dvL\xa9&\x14\x01\xcc\xa0$\xdd\
\xd8\x81\xff\x8d\xe2\x5c\x04[wV\xf6\xce\xbf\xdc\x80\x15\
\x9f\xfe\x0c:\xca\x15!\x1a\x84\xf4\xac\xcc3:#f\
\xb3&\x10\x03\xa8\xf4uY\xc3D\x86ts\x04\xe0\x11\
\x8a$\xeen2\xd0\x8b\xb5?\xf9\x196]\xf1\x03\xb4\
T\x06\x109\xeb\xa076h{\xe5?\xe2\xa8\xd7\x9e\
\x03\xdb\xdc\xe6\x16T\x02\x91I\x12T\x92`\x89\xf8T\
\xf5\x06\x01i\x90\xe2\x8f\x10\xeaW$\x82M\xd5Y}\
7\xfc\x11\xf7~\xf9B4\xf7P\xe9\xa4E\xbf\x9b\x90\
\xe2\xb2\xa3p\xe4G>\x80`\xc1\xe1\xee\xfbE\x06r\
p\x16\x83\xd2(I,\xec.!]W\x22\xa6\x14\xc2\
\xb1/d\xbf\x1e\x94\x11I\xc5\xf0\x8a\x0bN\x08;\x8b\
\xa8\xaf\x0b\x0f_\xf6]l\xff\xed\xef\xd12\xd0\xe7\x16\
5\xe7r\x10\xaa\xf62\x07\xa0\x04\x98P1\xb1\xd4\xff\
p\x17o\x22\x06I\x9c\xd2(\xcfl\xc7\xc27\xbf\x05\
\xb3\x9f\xf3<\xa7C\x8a\x9c\xc3\xaf\xd8*\xe3PP\xef\
\x89\xad\xaf\xf6\x974\xb5\xd5\xee\xc3\x8cP\xe0\x0d \xe9\
\xc5d\xf3\xa3X\xfe\xb1\x0f\xc3\xac\xdb\xe0\xdc7\x85*\
\xd7<\xab)\x11\x00\x03\x03\xdd\x960\xd2!\x07\xdf\x08\
\xa8\x9028\x22$\xae\xbd]\xdbq\xdb\xbf\xfc\x1b\xda\
\xef\x7f\x88t\x87\x93\x8a\x09v\xb65\xe1I\x17\x5c\x8c\
p\xd1\x11\xec\x22T|\xb8\x12B\x9a\x10\xa6\x12u\xa7\
\x16I\xf5\x5c\x16\x7f&\x0a\x19\xc8\x13\xd3\xe2L\xc4\x87\
5\xe4\xd3o\xed\xc4\x8a\xaf|\x19\xd9_\xfeB\x0c\x8b\
\x8c\xcf\xeeno\xc6!\xaf\x7f5\xe6\x9d\xf9\x22\xd8\xd6\
\x19\xee\xf31O\x0c\xc1\x80\xe9`Q\x22 \x05K\x02\
\xc0x\xac\xd7\x81n\x01(\xd0\xc4\x08\xef!\xc1\xb5\xc3\
\xf2\x00\xd2\x0d\xeb\xb0\xfc\xdb\xdf\xc2\xc0-\x7fEK2\
 n\x15\x99\x9f\x99\x9dR\x0b`\x5c\xd6|\x03Y\xc5\
\x91\xe0\x05\xa3\x9d\xb7\xae \xa3\x95\xbc?\xe1J\xa8{\
TR0(\x9e\xfa\x04,}\xe7{\x10\xcd=\xd4)\
\x95P\x0c\xca\xcc\x8e\x03\xafo9\xc5.1\x99\x84\x01\
?\x81\x0f\xf4q\x0bs\xa7\x84{\xbb\xb1\xee\xfb\xdf\xc0\
\xba_\xfc\x12\x1d%*g\x17\xa0R\xe0\xcb\xe4U\x18\
\x0c\xbe\x97Q\x04@\x8dK6<.\xc3\xfdY\xaa\xf4\
Z!(\x14\x98#\xe7\x1fy#W\x90\xacx\x007\
}\xf8\xa38\xa4{\x80u|7Y\xd7\xcb\x96\xe2\xa4\
/^\x0c0\xdf\x1f\x98zKr\xa2\xc2\x90b\xb4\x11\
\xa2\x0d\xea\xb7\x00\xa8\xb6*$\xa2\xd0D{\xafG\xee\
g\xb9\x17;n\xba\x15\x0f^\xf2\x15\xb4o\xdb\xca\xc1\
\xab\xc4=\x80\xf2q\xcbp\xfc\xfb\xde\x83x\xfe| \
n\xa5\xbc\x83\x93\xd6\xd4qHj\xa8\xe2$\x12\x0cB\
 E\x02L\x0ay\x80\xc7\x008hj\x03\xe4\xbds\
\xd9\x9a\x22\xf3\xae\x17\xbb\x96\xdf\x87\x07/\xbc\x08\xc5\xf5\
\x8f:\xeb\xa8\xc2-\xd0\x83 \xf0_\xfb\xfb\xf0\x83\x05\
P\xc0m\xeb\xa8\x9d8\xcd#A\x80z\xa6u\xe0q\
\xefz\x17\xda\xcex&\xb2\xb8\x08\x1f\x9b\xe34`\xdd\
RT#\xf5\xb6\xa0\x01\xd9\x8ark\x88\xe5\xcca/\
\x0a\xd0&el\xb9\xf9Z\xac\xba\xf4k\x98\xb6e\x87\
\xb8m\x5c\x10'?i\xec\x8e\x8a\x9e\xa8\x05P\xeaf\
vE\xeedB\x1b&PL\xbd3\xf97_y\x05\
\x1e\xfe\xfe\xff`Z\xa5\xc2\xa7\xe8t\xbe\xf7\x92W\xbd\
\x12s\xcf~+l\x5c\x90\xaa?(!\xa3\x15\xc2\xcd\
@\xf1\xf7\xb6\x814 \xb5r\xb2L\xcd\x9cq \xb1\
\x929w\xa3\xbf\x07\x1b\xbf\xfcu\xac\xbf\xfeZ\xb4g\
\xc2\xae\xdaU\x8c\xb0\xf0\x8dga\xde+_\x05h/\
6\xfa|\x89\x18X\xb9\xcd\xb8\x96|\xe6O\xb4\xfek\
\xd8\x9f\x87\xb03\x05B\x96Jb>\xd1\x16X\xe4\x02\
\xb9\xb9\xdc\xfe\xbb\xeb\xf0\xc0\xd7\xbe\x8eY\x03%\xe7F\
\x95r\xc8\xf6P\x95;\x19%\x0c\xe3\xc1\x07M\x0a\xfe\
j\x1ciB\xd4|\x85\x0b\x842)\x12\xa2\xb9\x89\xdc\
\x04&i\x8a\xfe0\xc2\xcc\xa7>\x05\x8b?\xfc\xcfN\
\xe9\xb5Apg\x99\xba\x96\x0d\x86\x1d\x9d\x05\xc0\xee\xa9\
\x11>M\xdei*L\xc0\xfb&Cy\xfdJ\xdc\xff\
\x85/ \xbe\xffA\xa9\x92U\xa6bi)6\x9c\xd0\
\x19\x22\x00\x06W\xf3\x0d\xbe\xc6a\x82\xa6\xa6\xdc\xdf\xcd\
Y\x80@\xdb+q\x89#\xb9\xcc;\xb6\xe0\xeeO|\
\x12\x85{\xefq\x13Q\xe6O\xef:h.\x8e=\xef\
\x03\x98\xf6\x84'\xb1\xc6%\x01\x10e\x9er\x89\xfa\xfc\
\x99\x9c\x87\xb5\xde\xa9aS*\x95\xe8u\xa5\xe0\xfe\xa8\
\xa4n\x91\xa6H\xd6\xac\xc2\x9d\x1f\xf8\x10Z{z\x19\
\x80D\x1d^\xba\x0e\x99\x8b\xa7\x5c\xf8eT:\xe6:\
)\x1d\xb1$\xcd\x94\x9f\x90\xb1\xd5\x99X$9\xf8\x87\
gx\xcf4X\xd8\xdb#\xd0\x9e\x07\x0c~\xe5\x85\x22\
AT\xbe\xff\xee^\xac\xbb\xe2G\xd8\xf4\xcb_\xa3\xb5\
\xbf\x93\x9f3\xcc\xd0d\xd2\xa0:J}\xad\xf6\xdd\xc9\
\xa8e\xdc\x9bcl\x07\x81\x82\xa4)\xc7\xe7+\xcc*\
EL@\xd4\xf6k\xe7\xac\xe98\xf9\x13\x1fC\xf3Q\
'9EML\xc2eu\x03\x82\xc1\x935*>\x17\
\x8cQa\xca\xf0\xda,\x8c\xfb;fj=\xb2>\xca\
\xee\x9c\xfdX\xf3\xf5K\xb1\xe3\xe7\xbf\x22\xb2{\xadf\
\x053\x5c\x85\xca\x14\xc0G\xcc\x13\x04\x13\x0e\x02\xf6X\
o\xc2\x0b\xd3\x09\x91\x1f$\xe8\xbe\xff\x0e\xdc\x7f\xfe\x17\
1c\xc3f\x96B\x94\xc2HN|<\x8e:\xef\xfd\
(\x1cr\xb8\xbb '\xc5\xd4w\xf7\xfePV\x93\xcf\
\xaf\xd7\xeb\x96\x86,\xce\xe7\xb2\xce\xe5\x883\xce\x02\x14\
\xfaKx\xf4\xaa\x9f`\xe3\xff|\x8fS\x7fd\x92u\
\xc5\x01\x0e>\xf3\xa5X\xf8\xd6w:W\xa0(|\xff\
\xec\xb2\xe8\xc4d>\xd2j\x06\x8b\xf7\xc7\x0a\xe0\xcdX\
I|\x10o\x02\x04\xb0\xc2\x84X\xa9D\xab+k\xd7\
\xe2\x9eo}\x1d\xc1\xed\xb7\xa0i@(\xdd\x08=\xc8\
\xe1'+\xd9\x15\x1f,\xad\xa5\xa3\xe2\xe2\xae\xc7\xc2\x1c\
Z\xc1S\x10\xd8\x8d\xf0\x14\xb4\x17L&\x8cW]\xcd\
1\xa6\xbf\xe2L\x1c\xf9\x9a\xb3\x91\xb5\xcd\x90>\x00^\
\x00\xd4{p\xfe\xa1!n\x93\x87\xcd\x05\xc3\xa1p\xf5\
$MX\x04\x95\xfe\xf8G\xdcq\xc1\x17\x9d\xb0\x1e@\
\xab\x0d\xf8|\xd4D7\xcabv\x85\xb9:Wr\x8b\
\x98h\x0fA\x93\xb0\x00\x90\x07\x9f\x05\x15>dX)\
a\xcd\xaf\xaf\xc2\xfa\xef^\x819\xbb\xfa\xd9\x5c\xe9k\
\x02\xda^\xf6r,<\xfb\xcd0\xad\xedb\xae\x93\xb5\
\xa9\xe4\xec\x94s\x17j#\xc1\x04\xd4\xc7\x95\x82\xdc\xbc\
\xe1\xb9\x89\xdd\xb4\x94\x9d\xf9\xbf~#\xee\xf8\x82vQ\
)\x97P\xa2u|\xe8|,{\xe7\x07\xd0z\xf2\xe9\
\xdaO\xdd\x1fB\xa5k.\x12\xc7\xabq\xf6\x15M5\
\xda%\x0d\x7f\x8d\xde\xd1\xf1\xb4\xd5I \xaf\x85\x1c\x8f\
\x91\xc0S\x98\xf4\xa3\xbc\xf2>\xdc\xf9\x99\xcf\xa2i\xf3\
V\x14\xb8\xa1\x82\x08\x5c\x8an'VR\xbf2}\xb5\
-\xdb}\xf2k\x94\x19\xca\xdf\xd8=\xe9<\xd8\x22\xdd\
\xdd?\x18[q\xfa\xef\xec~\xcc\x91k\xdd\xd5b\x19\
\x9b6x\xb0\x0f\xc0#\xcc\xfbM\x22+\xf0qJ\xd4\
\xcd\xfa\xb8e8\xf2\xbd\xefG\xb8\xe4\xc8\x1c\xba>\xde\
\xf52T_\x9b\x9ay\xa3\x8e\xc2\xc1\x96\xcd\xb8\xe1\xc3\
\x1f\xc2\xb4M\x9b\x9c\x02\xa4\xf8V\x05\xa5\xb8\x82(m\
\x92\xae\xd8\xd4G \x94\x8d\x1fx\xb6,\x1f\x04\x1d\x8a\
\xc5\x18f\x82\xab\xf3C\x02\xa0_\x82\x80|\x19AE\
*\xcavl\xc7\xfd_\xff*\xba\xfft\x03\xa6\x0dT\
\xd8\x5c\xec\x9f\xde\x82#\xde\xfdOh{\xfasX\xe6\
\x04z\x92\x94!\xb9\xd2\xcb\x8c\x09\x184\x87\xdf\x08\xfc\
\xd60\x87\xbf|\xc1\x96*\xe8\xba\xfe:\xac\xb9\xf4\x12\
4u\xedp&\x11\xd0\xddT@\xfb3\x9e\x82\xa3\xde\
\xf8v`\xee\x02N\x0f>\x16|\xfbz\x87@Y\xc1\
\xc4\x95\xe2\x8eI-\x05o]BV\xc6\x14\x1f\x91j\
\xca\xed\xd7\xfe\x01\xcb/\xbb\x0c\xd3w\xecd\xd3\xb3\xcc\
\xe4\xa9Z\xe9\xa9\xf1\x13\xa1T\x97\xa0n`\x83\xba\xcb\
)F\x8a4\xfb7\xc7\x0d\x12\xaa\x1e\xbd\xa1O6&\
\xd2u\xfdi\xe7!\xa8\x00`|\x8b;H\x7fK3\
\x16\xbd\xeb\x5c\xcc~\xd6\xb3\x9d\x8c(\xd6\xb0WM\xee\
\xe0\x22\xb7R/\xee\xf9\xfc\xe7\x90\xde\xf0g\xb4\x95R\
\xe1\xdc\x8c\x13\x06\xb9\x05\xcc\x19\x88\xfc\xf9\x84V9/\
\xc7, \x1d\xfeU\x93\x0d\xf4Y\x81\xceJ\xad?I\
\xff\xca\xea5x\xf0\xfc\xcf#Y\xb5\x12\x85\xa4\x8c\xb2\
\xf3/\xcb\x8b\x0e\xc5)\x1f\xfd8p\xf8Qj \x12\
\x9bJ\xc8\xc5:y\x06\xc0\xaa\x0b0\x94\x10t4\x10\
6\x03\x07S\x96J\x115\xef\xec\xea\xc2\x9ao\x7f\x0b\
=\xbf\xf9\x15\xe2\xac\xc2\xc1\xc5\xfe\xd9\xb31\xff\xcd\xe7\
`\xde\xd3\x9f\xc9}\xde\x03\xad\xfakx1\x0d\x05P\
\x8d;g4\xc1Q\xef\xb9\xeb\xbc\x0e\xc6\xfe\x10\x10\x93\
\x22\xcb\x1c\xc8\xd2b*\x89j1\xdc\x94\x84f\xe8\xe6\
3\xdd\xd9\x89\xd5\xdf\xfdot]{-\x9azJ\x08\
\x83\x90q\x1f\xdc\xd8\x8a\x1fl\xc6\xb5\x19\x89R_G\
J\x9e1u\xf31f\x12}\x02'o\xe4\xd8\xd5>\
\x17\x12\xf3\x10\xe1\xc7\xf4\x9fn=\x97\xdd+\xc5g?\
\x1dG\xfe\xd3y0\x856\x0e:k\xa4u\xf2.\x97\
\xbf\xef\xd4k\xda\x8f\xadn\xfd?r\xf1\xa5\xe8\xa8\x08\
\x89)i\xfc\x906\x7f\xe6\x89NUX\xd4]\xef6\
\x82\x00 \x17\x00\x8ai\x22\xae3\xf2\x0b\xbb\xffz\x0b\
V~\xea|\x14zw0\x1c\xb7\x8f4\xc8\x93O\xc7\
\xc9\x1f\xfc\x17$\x85v\xe7\x93\x07ya\x04\xad\xb1\xc0\
s\xfa\xc1\xd4\x04'\x1ayL\xc2\x96\x02\xa7\xfd\xbb\xd7\
<\x88\xfb>\xfdi\xccxd\x1d\xd2P\xca\x8e\xb3\xa3\
\x8e\xc6\x89\xff\xfe\x09`\xe6l\x0e\xca\xd4O8\xfe\xd8\
\x18\xb2p\xad\xe6\x96\x91\x17Bq\xb0\x89:\xdd\x04\x11\
\xc3MI0G\xce\xcf\xc4\xa6Gq\xc7\xc5\x17\x22\xba\
\xe7\x01\xc4\xfde\x16\xa8$\xc8C\x22XqV \xf3\
\xe8A8\x15=\xb1j\xbdS>\xe1\xf5?\xd2\xf7\xc7\
8p#\xc5?#\x1d@z\x01\xc8\x06\x0b\xb3\xaa\x15\
\xc1\xc3\xcd\xd1\xa6\x19mx\xf2\xe7\xceG\xbcp\x19c\
\x020%\xf5\x14R\xd9\xd9{\xcf\x9dx\xe8??\x8d\
h['[\xd8\x14d\x8f\x99\xba@\x82~Y\x10\xa8\
)\xdf\xd8=\xd6\xc2\x8a9\x9d\x999\x01\xe0\xc3\x08\x8c\
\x9d\xcfJ\xd8\xf4\x83\x1fa\xe3e\x97s\x11\x10u\xf0\
\xed.\x14\xb0\xe0Mo\xc4!/y\xb5\xb3\x8a\xda\xa0\
\x98]q\x9bl\xb5\xf1FV\x93\xabl\xec\x9e)7\
\xed&\xb4\x5c\xc1\xb6\xdf\xfe\x18+\xbe\xf5\xdf\x98\xe9\xb4\
S\xe2$l\x7fd\xb1\xf0e/\xc5\xdc7\xbe\x0bh\
j\xe2h\xe8\xde\x19\x13\xd5T\x93\x91d\x1b\xe9S\x1a\
\x03\xb0B\x08\xc2\x02!\x90z\xf2\x80\x9b\xa3z\x06\x9a\
\x90\x19\x96\x9c\xd4G\xef\x03w\xe3\xfe\xf3\xcfGq\xdb\
v\xc4\x84=7\xb1\x13\x04TV-\x80!JY1\
G\xbd\xa6\x87\xf7\x14C\xcd\xde\x9ai\x99\xc2\x80\xbb\x07\
\xd1=\xc7\x99\xd6(r\xcf\xc0\x8c\xb3T=\x85\x08G\
\x9c\xf5&\xccz\xf5k\x9dr\xf2\x15\x81\x93{\x95\x9e\
\xdc\x05\xeb\x1f\xc6\xaa\x0b/t\x82\xe0^g\x853\xaf\
0#aC\xe6\x12\xc88h[\x1bp\x1f\xaf\xd05\
\x95\xde.\x1b\xc6\x05\x81\x93[g\xe88\xff\xe3\xceO\
}\x0a\xd1_\xee@X\xe9\x03\x8a\x11v\xc6E\x9ct\
\xfe\xe7\xd0\xb4\xecq\x0c\xbe\xc9\xa8\xd3\xaf\x9e\xd5fU\
\x01\x90\xaa\xf4\x1c\xf9bF0C \xc1+\xd3\xdf\x8f\
\x07>\xf3Q\xf4\xdd\xf67\x14\x06,\xe7\xf8;[B\
\x9c\xfa\xc9O\xa1x\xdci\x9c\x0ad\xb97Zjo\
\x02\x05\x22\xe3\xfeR\xa3\xaa\xa6\x01\x0f\xb5\xaeO\xd5v\
\xa8\xf1\xf1\x1c\x1f\x94c\xce4+ kVX!\xbb\
\x08pB`\xe3U?\xc4\xba\x9f\xfc\x04\xad;\xba9\
\x93\x221\x9c\x8atPf&\x01g9T\x842\xab\
1\x01\xb0\x0f\x06T\xeb\xb8d\xdad\x15\xcd\xf135\
\x97:\x04t+\xfd\x8cNus\xf4\xf8Sp\xec\xc7\
\xff\x0dhm\xe7X\x98\xcf\xcbK=K\xc0\x02v\xb4\
Y\xd8\x0d71\xcc\xdf$p\xe2\xfen\xac\xf8\xee7\
\xb1\xf3\xd7\xbf\xc3\xb4\x92e\x0b\xad\xc0,[\x09\xb7\xe6\
\xcbH\x00\xf8\x86\xba\x0dc]\xabgu\x0a\xbf\xcf\x12\
\x14Q\x80\x06\xee\x04[\xd6\xe3\xda\xf7\xbf\x1f\x07m\xd9\
\xee\xcc\xc5\x0a*\xdcLq!\x8e\xf9\xaf\xffBt\xf0\
\x02n\xab\x94:+\x01\xfe\x86m\xd5\x05 \xa9\x14\xc0\
\xe78\xeb_\x00\xa4\xa5\x88+=]\xb7\x16\xb7~\xe8\
\xfdh\xdd\xde\xc9\x80\x222s\xc2\x93O\xc4\x91\x1f\xfa\
\x10\x82\x83\x16\xa0D\x10W\x00\x13\xc6\xf6\xedW\xeb\xb3\
\x9e\x8b\xf5\xad\xa5\xc0\x9f\xe5\xee\xb6\xd2eB2&A\
\x22\x01=z\x9b\x9b\xa5\x10\xc5z\x05aO'\x1e\xf9\
\xde\xf7\xb1\xfd\xea\xdf\xa3\xc9\x09\xdf\x02\xc1\xc1\xad\xf4z\
\xe0x A\xc4YtT[f\x1d\xb0C-\x80\xcc\
H/\x80\x80\x9b\xdef\x9c\x01\xa3\xd9-\xb9MGE\
\xc0}\xf3\x0f\xc1\xb2\x0f\xfd3\xda\x8e=\xde\xcdQ4\
H\x00L\xde\xb5\x18n\x1e\xb2\xf6\xf7\xbf\xc4\xd6\xcb\xfe\
\x07\xed[v2\xec>dK$Q^\x81\x00>{\
7fQ\xd2(\xc3\xa4\xfd\xbdBvJ\x9b\xb0\xe2\xfc\
\xbf\xdb\xff\x8a\xff\xfb\xf4'1\xbd\xaf\x1f\x81\x93\xfe\xa5\
b\x01\x07\x9fq\x06\xe6\xbf\xef}@\xc7L\xa2He\
\xbc\xb4@\x12\xa4&\xca\xa8FfN\xf3q\x08\x00\x8e\
\xbdV\x06\xb0\xf1\xdak\xb0\xf6\xe2K\xd0\xd1\xd7\xcb\x16\
F\xc9M\xf0A\xaf{\x1d\xe6\xfd\xe3\xeb\x91\xb5\xb41\
\x15c`\x1b!d~\xec\x0cO;\xc5\xb1\x9cL\x05\
\x00-\x8d@\xa2\xc8\x9c\xd7\xb6\xd2T5P\x11\x9a\xba\
\xe7m6\xae\xc3\x9d\x9f\xfb$\x82\x95+\xd0Z1\x5c\
\xaa\xca\x10\xefH\xad;O\xb2h\xc6O:\xb1/\x8c\
\xbaj\x01\x98\x11+a+\xca\xb2\x00Px\xa0\x22d\
\x09\x8e\xbb\xb3\xa5\x19\xf3\xfe\xdf\xd9X\xf4\xc2\x97\x22-\
6K\x07\xacI.\xac`\x5c\x8e\xad\xa0\xe7\xfe\xbfa\
\xe5\xf9\x17\xa0e\xcd\xa3\x1ct\xe4\x8e\x1bA\xa6@\x22\
H\xd7\xeb<\xf52>\xbd\xc6Y\x00nx\xe8|\xeb\
\x88|\xf0\xab~\x8c\xb5\xdf\xbf\x0cq\xb9\xe4\x0c\xc0\x08\
\xdb\x0a1\x96\xbc\xf1l\xcc\xfb\x87\x97\x0b\xef?\x17\xfa\
\xa4\x02\xf9U-\xcd\x9b\x9e3\x00!\xe3\xa8\x8cr\xa9\
72\x82\x9d[p\xd7%_Ar\xdd\xff\xa1\x95\xea\
\x10\x22\xf7\xfd\xb9\x07c\xe1{\xdf\x87\x96\xd3Nc\x1d\
\xc4\xad\xbe\xd3\x03\xb3\x92mbC3\xf5\xcaz\xcb\x0e\
\x952#\xd1\x83I\x9d\x05`\x15;\x11X\xd9\xfe6\
\xa1\x22\x93&\xca\xbb\xa2\xfbo7\xe3\xfe/}\x09\xf1\
\xe6mhK\x02\x0e\x80\xa5&Uv5_\xd3\xda\xd8\
\x15\xd5\xb5\xe1&+Z\xd8@\xb6d\xc4\xe4\x8b\x0a\x00\
!\xfd`z\x1c~=c\xaa0h'\xea\x00=N\
0v\x9c\xf1D,}\xc7?\xc1\xcc\x99\x9fk\xfe\xc9\
\xb6\x04\x08\xd8\x86]\x9d\xb8\xeb\xdf\xfe\x15\xf1}\xf7)\
\x1a\xa3\x9a\xacd\x0c\x07\x0b\x0am8R\x8f\x150\xcc\
\x9c\x19;0\xe0<\xff\x84s\x9f\xc5R\x19+\xbf|\
\x11\xcaW\xff/\xa3\x01\xad\x89\xb1\xf3\xa0\x99X\xfa\xee\
sq\xd0ig8\xf3#fK!q\x0b\x8a0C\
\x81\x8d\x91\x12E8R\xd6\x14\xd6T\xcd\xc5\xba[\x83\
s\x0e\x22D\xe5\xc1{\xf0\xe0W/@r\xefJ4\
\xb9\xef\xf6\xb8\xe3\xc6'=\x1e'\x9c\xf7O\xa8,X\
\xe0\x0c\x0f\xe2\x06\x14\xf36\x1bg\xc3\xcf}iL\xaa\
6e\xd5\x1fI\xf5\xa3I\x94\xf6:d\xd0\x08\xc3\xbb\
\x95\x0a\xdbj\x87ga\xa8\xa0tS\xcc\x05/q\xb9\
\x17\x1b~\xfds<\xfc\xa3\x1fb\xda\xb6N4s\x81\
\x15X\xdb@I0\x0et\xa1[+\x00\xa4yH\xc8\
\xf51\xdc\xb9\x97\xa0.\x15\xe2\x012(\xbb9I\x0e\
\x9b\x8be\x1f\xf98\x9a\x8f9\x91\xbf\x98*\x17\xa3\xd1\
\xc2\x9d\x09]\x07$:\xcf\xe8K\xa7\x90W}\xe9s\
\xe8\xba\xf6j\xe7\x8eK P23`t #=\
H\x08\xd4+\x00\x86\x19&\xeb\xebw\xc6\x86\xf3\x07c\
w\xa0u\xebq\xef\x17/@\xe1\x8e\xdb5\xf5\x10\xa0\
\xff\x88\xc5X\xe66a\xeb\x91\xc7\x81:\x9c\xd2\x95Q\
_\xb50q\x97\x13\x14\x841\x18\xa92\xa62\x0e\xcd\
WV\xb2)\x957\xe6P\xe8\x9e\xfc\xa8\xa2\xf7\x8c2\
\x09o\xbb\xf1j<z\x89;\xf7\xf6n)\xfbm*\
\xa2\xe5\xcc3q\xec9g\xa1\xd2\xd6F(\x01n\xd1\
L\x9f\xcd\xf0\xd8\xa0\xb3\xaa\xa2\x1dG\x1e\x9e\x0d\x88\xe9\
\xd1\x98g\xae\xc2\x1b\x97\x81\xc0V\xfa#\x1a\x15\x98b\
\x95\x05\x12\x04$S\xd2\xed\xf2\x90\xd8n\x9c\xc5\x95u\
m\xc1\xcao|\x0d\xfd\xd7]\x8f\xe62A]C-\
\xe8JX@\x1bm\xb36\x08p\xa9\x96\x87Uh\xab\
\x19\x84\xdc\x1b\xf7\x1d\x8f}\xd3\xc3~o\x82\x02*\x8f\
\x01$z\x052w\xd4\x22\x9ch\xf2\xc8n*\x12\x1b\
\x90\xa5\x92\xf8\x10G~\xf8\xa3\x98v\xfa\xd3`\xa2\x82\
($V\xa7!\x93\x89\x18\xad\xff\xe7\xf2k\xe1\xa5\x1f\
\x99\x84u\x98z\x9d<s\xe3\xac\xb4\xce\xab\xbe\x8f\x07\
\xbf\xf7\x1d\xb4\x92\xc5\x96\x91\x8b\x162^#\x0d\xcb\xf0\
\x11\xb1\xa0\xb6\x1e\xa0\x0e\x8cI\xedGL\xd2\xd7m\x89\
\xff\xdcT\x9c)\xb8\xe2~,\xbf\xe8B4?\xb4\x06\
\x11?pg\xf7\x9c~:\x8e>\xef\x83\xb03\x0f\xca\
s\x8f\xf9\xc2\xf3\xa8\xf1\x1a\xe4\x9f\xef\xc4*\x8a&\x92\
O(M7-\x22a\xa8\x95\xd7\x88\x1c\x91x\xd0\x09\
\xfe\xbb\xfe\xf2oa\xfbUW\xa2P\x09y1\xf5t\
4c\xe9\x87\xceC\xc7iOB\xb9\xd8\xe2&6`\
\xa4\x1bEg'5\xe0\xb2O\x0e\x93\xfb\xf3C\x8b>\
\xf2G\xadZ\x22gR\xd6\xb9\x1f\x5c\x01i\xf2:\x8d\
\x5c\x98(k\xb2\xa0\x07m\xfe\xecB*s\xdb\xb2\x01\
\xb7~\xe6\x93\x08\x1fz\x10-e1C\xe5\x98\x86\x83\
a\xdc\xbaJ\xeb_\x82L\xb9\x1b\xf9ZM\xde\x87A\
N;\x15\xd1\x82\xa9\x04\x0c\x8dtH\x99\x1cu\xaat\
\x8dg\xe8u\xcar\xfa\x8b_\x80%\xe7\xbe\x1b6n\
aB\x5cf\xd3\x0e\x8a\xce\x95v\xae3\x91\xd6B\xc8\
n\x03\xe2\xff\xb3\x816\xa9\x1d{\xdd\xcas\x94y\x8d\
\xdd\xa6O\xee\xb9\x157~\xfcc\x983P\xe1\xf8\x97\
\xd5\xf6\xe1\x11\xca\xcaI\x14\x0e\x16\x00\x0d\x0e\x93\x96\x06\
,\xd7\x1b\x97\xfa\xb1\xe5\xe6?b\xd57.E\xdb\xa6\
\xadln\xd8\xd8\xa0\xf9\x85/t.\xc0yN\xe2\xc4\
uM\xb0_\xa6\x22\x00\x94\xe1\x87\xf8\xd4\xacti\xc9\
\x05\x00\xf7\x19t\x02\xa0\xe2\xa4l\xd7V<p\xc1g\
\x90\xddz\xab\x9b\xbc\x02K\xcd\xfe\xd9\xd3\xf1\xf8K\xbe\
\x04\xcc\x9a\xe7\x16j\x81\x91l\x01\xe7\x18\xa0\x02\x05\xd5\
&\x17\xd6WH\xd9\x11\x7f\xf7\x9f\x1b\xcfw\xc6\xfa\xdc\
\x94|\xa7\x86v\xda\xd6\x98xv\x84\x80\x8fi\x04g\
k\xb5\xdf#u\xbae8\xa9t\xc0%\xf6\xe7]\xff\
w\x03\x1e\xfa\xf67Q\xdc\xb8\x09q\x9aq\xa4[\x86\
\xd4\x07\xe4\xc5AVs15\x1a\xc5\xd4\xe0\xd2\x0f\xe4\
\xd1\x1f\x06\xe8Y\xb6\x18g|\xee\xf3\xb0m3\x90&\
e\xa7\xfc\x9d%\x80\x023/E\xccEi\x99,'\
tnV`\xb5x\xa7\x8eT\xaa\x17\x00L\xe0\xe6\x5c\
\x8bt\xe3\xc3\xf8\xcb?\x7f\x00\xd36o\x05\xabS\x86\
\x02S\x85\xc7\x00\x04\x80\x1f\xfa]1\xae\xe1\x14\x7f\x99\
\x97^\xd0\xd7\x8du?\xbd\x12\x0f_~9f\x973\
\x94\xdd\xc3O;\x9a\xb0\xe0\xec\xb31\xfb\xe5\xafa\xf6\
\xdd\xba\x85L^\x98\x10\xe4\x00qY\x1c\xda\xa4\xc2H\
\x10\x83\x97\xb83CKk\x1f\xc4\xcd\x1f\xff(\xa6o\
\xde&Qhw{\xd3N>\x19\x8b>\xfd\x1f\x5c\x83\
\xcdU\xad\xa6\xc2i\xc74S\x0e\xfc\x03yX\xbf\xa1\
\xc6\xf8\x98\xd1\x7f\xb09\xf3l}#P\xb0PYk\
\x00B\xf6\xf3y\x19u\xef\xc4\x86\xdf\xfd\x12\x9b\xaf\xbc\
\x1c-\xdd}\x1c{\x91\xfc\xa1\x98\xf8A\xdeyH0\
\xf2An\xfa\xeb\x85cd\xcc\xff\xa8\x88\xf0:j\x05\
vCP\x8c\x03\x1d8\x19\xa3\xe4L\xf4\xed3\xa7\xe1\
i\x9f\xfa,\xb0d\x99t\x10\x222\x9b\xa8\x90\x0bH\
\x18a\xd8\x96F\xba\xa1\xd4\x16\xd4\xb9\x81\xa4\xd2E\xad\
\xdd\xce\x0dx\xe0s\x9fFv\xe7\x9d\xca\xb6\x15j\xe7\
\xab\x04\x02\xed\x18\xab\xf0n\xf4aJ\xe5\x01K\x1b+\
\xdc\xb9\x0d\x1b\xbe~1\xd6_}-Z+\x92\xd2\xeb\
ko\xc6)\x1f\xfb\x17\x04\x8f?\xcd\xd9\x1c\x8d\x9c&\
\xc7\xa6\xe5H\xb2\xcc?a\x05\x9c\x80\x0bN\xc0M=\
\xfao\xbc\x06\xb7\x5c\xf0\x05\xcc\xecO\xf9fz\xc2\x08\
\xc7\x9e\xf5\xff\xd0\xf6\xea\xd7\xc0\x16Z\xdc]&\xc8\x22\
+\x5c\x85\x14h\xcc\xf6\x9f\x84\xd4x\xafTu4<\
LJ\xccy\xfd\xdd\xd6~N\xcd\xfe\x06N\x923\xd4\
\x19)\x0b\xe6\xfeyT\x0fB-\xb4ISuo\xc5\
\xaa\xaf\x5c\x84\x9d\x7f\xba\x11M\x19W\x07hC\x0bi\
\xb8J\xcf-\x09|lG\x1a\xb2\xca\xe355ez\
\xa3L\xc0\xb0\x15j\x0d@\x80\x87\x93\x00\xf5b\x81'\
a\xe9\x10\x5c\xb8\xab\xa9\x88\xa5\xefx'\xa6=\xef\x85\
\x88\x9a\x0an\x7f\xa7\xaa\xdc\x84\x82N\x1a\xe3\xa4b\x05\
\xdb@]\xe1z\x9e\x0d\xf5'H\x11\x06\x05&\xb5\xb2\
}\x9dX\xfb\xcdK\xb0\xf3w\xbf\x95\x9e\x1b\xbe\xe3u\
\xde\xe3\xd0V\xa1\xf1\xe3\x98\x03S\x19H8\xb1n\xb6\
n\xc0\xba\xcf\xfe\x07v\xddu?\x0c\x95 \x12\x02p\
z\x1b\x9ev\xc1\x97`\x0fY\xa4\xe8\xb0z\x86\xcd\x17\
(\x07\x05\xad\xe0\x04\x98\xe7\x1f\xf2\xb7\xf7'YB&\
%l\xbd\xec[X\xfb\xd3\x9f\xa2%\x05\xdf|g{\
+N\xfc\xe0?\xa3\xfd\x89g8\xbf)V\xb3(\x90\
\xceD\x14 \xd1\xd6J\x07\xf6\x10<\xbf<+#\xf9\
{\xab\x14R\x81\xcdSt\x82\x8b\xb0\x9c\x81i\xe0\xd0\
z\x9c\x94\xa3\xca\x9e5\x99u\xbb\x13\xbe(\xf7!Y\
\xb5\x02\xf7\x5c\xf8E\x98\xd5k\x9c\x10Hst\x1c\x91\
\xbe\x92i+\xe5\xa8\x99^\x83a7\x223\xd5\x80`\
\xe3w\xbb\xf7\xea\xaf\x1a\x1d$\x96KQ\x8c\xf6\x97\xbd\
\x1c\x8b\xde\xf2V\x84\x85\xa2\x9b\x9f\x94]\x01\x8e\x03\x98\
@\xad\xdcD\xd2\xe5y\xa4\xbe\xbe+\xa5=\x10EM\
\xee9\x90u\xd6\x8b\x8d?\xfb!6~\xe7\xdb(&\
\x92\x05\x0b\xac\x0f\xa6k\x96f\x026\x80\xa9\xf4;\x17\
\x80\x82\x0e\x9b\xd6b\xf5G\xceCe\xedF\xf60J\
n\x1d\xf4\x1d\xbe\x10O\xf9\xfc\x17\xb8]r\x16x\x7f\
o$v\x18\x99b[c\x12\xd6\x0a\x00\xe9\xd3.)\
\xbf(\x11\x98%\xe7\x12\x07z\xb1\xf2\x93\xff\x89\xd2\x9f\
\xff\xea\xa4\x9e\xa4Y\xfa\x16/\xc2\xf1\x1f\xfd\x18\x9a\x0f\
[\xec\x04^\x81\xbf\x93P\xbc\x80q\x00\x15dS\xcc\
\xf1\xd9\xc8b\x99\xaapW\x96\x9b\xf7\xe2JE\x99\x9a\
\x96\x94s1\xa9V\xe8\xf9\xb8\xbe\xc9\xdd\x86\xba\xd4\x80\
j\xe8\x9cJ\x0c\xda3\x90z\xe1\xd1yL\x84\xa8\xd2\
\x8f\x9d\x7f\xb9\x09\x0f}\xf3\x1bh]\xb7\x81\x9b\xb0\xd2\
\xc2.\xa4\x12\x19g0\x8a\xef3\xa8\xcc\xcb\x99\xc6\x04\
\xd8'\x1d6\xa0?E*yRf\xbc\x81'nE\
\xd3\x97N=\x05\xc7\x7f\xe4\xa30\xd3f\xb0\xef\xcf,\
L6v\xf3#\xbc\x94NT\xaa\xf7\x14\xd6\xe4\xea\xcd\
\x88g\xf6;H\x5cfg9\xa4\x143+a\xe7\x9f\
\xaf\xc3\xc3_\xf8<\x8a=\x03\x128\xb7BM\x0en\
\xe7WA\xdd\xac\xd7\xc3XNf\xa0\x7f\x97\x8d\xa9;\
\xc9\x9aU\xb8\xfb\xbcs\xd1\xb4\xab\x9f\xd3\x19\xfd\x05\x83\
\xf8\xd4Sq\xd2G\xfe\xc5Y\x03m*q\xea\xc1\xb0\
\x0fg\x01\x08\x82I\xdc\xc9@\xfb\x9f\x11\xb2\xc2\xdd\xc0\
\xe6\xf5\xb8\xf3_>\x8e\xd6U\x0f\xb3\xd4\xecs\xf7R\
x\xe2i8\xf2\xbd\xefE8\xe7 \x88\xe9K\x13\x1a\
\xf3\x0d\xfb\x1c\xf7\x81>\xaa\xa9T\xc9\xddK\xa1\x8f\xcc\
<a\xc5%\xf3\x17r\x0a\x8a\xcbyG\xa5>\xab>\
3O\x1cJ#\xe2\x8e\xb7Fr\xca\xbe\xe7\x1d\xc1\xb9\
i\xc1&\x09\xc2\xde]\xd8\xf8\xab\x9fa\xe3\xf7.G\
\x5c.3\x1a\xae\x90\xf9\xa3\xa4BChE\x88\x90p\
\xf0\x81\xcc\x91\xba\x0e\x8dT\xfe\xb2\xf7\x04\xc08\xcf\xcd\
\x88J\x8b\xdec\x8e\xc6\xb2\x0f~\x00\xcd\x8b\x97J\x07\
+\xb2LQ\xe4\xc6!\x96\x1b\xb3V\xa4<\xdbx\xa0\
V\x9d\xb0n\xe6r\x08\x99\x91\xa8\xe2\x94d\xe9\xce?\
\xe3\xa1/~\x11\xc1\xa6\xad\xdc\xdb1\xe4lZ\xd4\xb8\
\x00\x18f\x98\xa4\xbf\x93\xd3\xc2\xa5\xbf\xdd\x85\xbb?\xfe\
Q\xb4\xf7K\x1e\xb4\xb7\x18`\xf6+^\x8aEg\xbd\
\x11Ys;l#\x81F_\x1e\xac\x02\x804W\x12\
\xa4\xaca\x08J,\xed\xbb\xc8'*\xa1\xeb\x8e[\xb0\
\xfc\x0b\x17b\xe6\x96\xed\xcc\x8e\xda[,\xa0\xe3\x1f^\
\x82%g\x9f\x05\xdb\xd6\xac8\x81\x90=\x9d\x94z\x16\
p\xb1Ft\xc0\xf7\xfb\x13v\x1f\x9b\xb7M\xcb+\xbf\
(e\xa7\x0d@\x92\x8a\x9b\xd3b$\x81\xa0\xb4>j\
\xa8<\xfd\xc7i\xa6\x02\x18\xeb\x16V\xc4:\xa3\xe3*\
A\x08\xf5\x87\x0d\xe8\xf7\xee]X~\xc1\xe7\xb1\xeb\xaf\
\xb7\xa3#!aSA\x81\xad\x93\x0c\x15\xcdX\x18\xe5\
\xb4\xcb\xbd\xc4A\x02`t\xad\x87a\xdf\xa9\x15X\x93\
\x83\x0ah\xe4*\xc6<\xb6\x95\x14\xe9\xceC\xe61I\
\xc8\x9c\xd3\xcepk3`z\x00\x9bV\xbb/Q6\
\xa0\x9a{7u\xba\xad\x1c\xe1\x13\xe4\xa1\x13&\x89{\
6Xq\x0fV|\xf9\xcb\xa8<\xf8\x10\x9aR\xc1\x03\
dF\x02\x8b\xd2ah\xb4\x12\xbc\x9a9\xb5\x83\xb36\
\xfc\xa8\xd2\x81\x9d6(e\xe8\xfc\xed\xd5Xq\xc9W\
0\xabL\xfe^\x82]M\x06K?\xf0^t<\xfb\
9\xc8\x88~\xdb\xd6[\x85\xef-\x00\xa1\xe4\xe6\xf4\x12\
\xf9\x87a\xcaZ\x83\x8aK(\xd8D\x81G\x0c\xec\xc2\
\xa3W\xff\x16\x1b\xff\xfb\xbf1\xad\xb3\x1b\xd4\xe5\xa7\xab\
\xad\x05\xf3\xdf\xfeV\x1c\xf2\xe2\x17\x09[0o\x83P\
\x1a\x97\x86\xd2\xdf\xbd\xfek\xd9\x8f\x87\xf7\x01<\xb9\x87\
\xe6\xf8\xb3T\x02\xa5V\xfdv\x9ec\x98\x1a\xba\xc8\xd1\
\x07\x0b\x00]\x02Q\x1a\xb3\xf6\xa7X\x80ldw\x94\
THaR%{!\xfe\x80\xfe\x87\xee\xc1\x03\x17}\
\x13\xf1\xf2\xd5N\xfb\x0c8\x01^fxl\x85\x95Z\
\x94w\xca\x0d\xb4V\xfd\x80\x7f8z\x9b\xdb\xdb[\xb0\
\xe0\x8dg\xe3\xb0\x17\xbf\xdcY\xc9M\xea\x9b\x07b)\
\xdb,\x87\xc8\x0f\xc7\xc0\xbc\xfb\x01\xab\x02/\xcb3.\
\x11\xd7q\xc4\x9b7\xe0\x9e/}\x09\xa5\xdbnA\x0b\
\x09}\xef\xba\x19\xbb[\xbc\xa5Q\xb1f\xb2\xee-\xd6\
\xf4V\xf0\xe8\xe5?\xc6\x86_\xfc\x1c\xd3J\x94\x1aJ\
\xd0\xd5\x1aa\xe9\x7f~\x1cm\xa7\x9e\x8e\x84JC\xb3\
F\xd1\xfd\x0a=\xcd$z\x9d\x12\xb7\x17!\x089\x7f\
\x5c\x10\x96\xd3J\x1fV\xfc\xe0\x7f\xb0\xe3\xc7?\xc4\xf4\
\x9e\x12\x07\xfc\x9293\xb1\xf4\xdc\xb7\xa3\xe9\xf4'1\
\xea\x8f\xaa\xa0\x18\xd5\xc6f\xaf\x81odz@\x0f^\
\x05\xa1bB\xa5\xd1\xaa\xef.C\x0b+\x8b\xa9!\xaa\
3\x11\xc3\x98\xa3\xf2!\xbf\x9d\xe5\x18\x811\x0f\xaf\xd6\
(=\x1b\x0a,SP1T>A%y\xe0(\xbf\
q\xae!Y\x16A\xb9\x1b\xdd\x7f\xba\x19\xf7|\xed\xdb\
h\xed\xde\x8eB\xc5\x09\x01\xa2\xcdV\xe1,\x01B:\
\xb2r\x09\x1e\xe0\xb0a\x9eCw\xcf;\x8a!\x16\xbc\
\xfc%8\xf4\x0doA\xd6:M\xe2$\xb9\x05Sk\
\x915\xb6-\x99\xc3\xd1=[\xcb\xd6}\xc5\xb9b=\
\xb8\xeb\xe2\xaf\xa2t\xfd5h\xad\x94\xc5\xaa\xce\xb5\xfe\
\xf8A@4\xcc}\xef~\x9d-\xb8\x03v\xff\x7f\xf6\
\xae\x03@\xae\xaaj\x7f\xaf\xcdl\xdfM\xef\xbd\x87\x04\
\x08\xa1\x83\x80\x05\x04\x1bUT\x04\xe9\xa1\xf7*\xa0\xa2\
\x82\x22R\xa4\x89\xa8 \xa0 \x82(v\x94_\xe4\xf7\
\xb7\xa0R\xa4\xa4WH\x80\x10H\xd9\xbe3\xf3\xde\xbb\
\xff=\xe7\xdc\xfbfv\xb3\x9b\xbc\xd9lBP\x9e\x86\
dgg\xde\xbcw\xdf\xbd\xe7\x9e\xf2\x9d\xef{\xf5\x0d\
\xa0\xb1\x11A$\x82\x1a\x85\x01\x030\xf9\xcb_E\xe5\
\xb4Y\xfa\xfc\x04p\xc8#-\x03J)Z\xd05\xa5\
+jatY`\x91\x9c\x96\x0c\x97\x96\x82\x0d\xc4=\
x'\x1a\x9fz\x0a\xfdC\xc5\xb5\xd4\xa8\x02\xa8\x1a6\
\x1c!\xc9\x8e\xb9\x8e\xb0\xfc\x12\xfd8\xcb\x8fS\xa2\xc9\
\xefU\x96\xf9\xddv8\x10\x9a4\x12A\xa6Lr\x10\
\x11\xccT\xc7\x84\x83\x06`\xda\xc9\xc7!\x185\x0cm\
N\x00_\xbb\xf1\x19%\x14\xe9\x1c\xcb\x95\xe0\x87\x93\xba\
z\xa7\xf9WL\xd2\x0a\xb9\xaae\x03\x8eL5\xc1\xe5\
\x1e\x10*\xcf\xb2:\x13\x01[\xe8\xcd\xb9v\xbc\xf2\xd8\
\xcf\xb0\xfa\x81\x87P\xdb\xd6\x86 \x16\xa5\xdbb\xf5!\
6\x10da&\xea=\x8dx\x97c\xe3\xa8\xa0\xef\x8e\
^\xe6$y\xc9\xe9{l\xd5\x11\xd4\x80\xddgc\xcc\
\x85\x9f\x87j\x18$\xda\x82\xfc\xd9\xa8\xcb\xe27\xc65\
\xc5\xc9\x15\x04\x07@\x06\x80\xf5\x1d\xc8;kk\xc5\xa2\
\x1f=\x84\xc6\xc7\x1eF\x95~\x0e\x0cT6D\x80\x9c\
\x92/\xa7\x17\xa0$9\xcbW\xf3\xdc\xfe;+\x11\xd4\
\xb0\xf2C!B\xdf\x877z\x1c&}\xfeJd\xc6\
O3I\xb8\xb0l\x03`k\xd7\x16#N\x13\x8a\xd8\
DC\x02G\x90\x92\xcf\x8a\xc5Xr\xdb\xcdhz\xe1\
%TQ\xf7\x09\xb5\x9f\x06\x8ae\x99hRF\xae\x85\
\xc2\xca\xd2\x8f\x99\xc4\xda\xf9\x8f\x8f\xff\xe90\xf4\x9c\x02\
\xbdU\x82\x01'O\xa8\xbd2\x83\xfe\x1f\xd8\x1f\xe3\x8e\
9\x06j\xf0\x08\xd6\xb3\x97\xfe\x88\x82A\x5c\x22I\xca\
\x09\xfdt\x5c\x92\x88B\x02\xcb\xe6\xdf\x98l\xb3@\x8f\
c\xc6[\x80\xc3.Or\x0a\x06k\xcc\xe1\x17i\x0b\
6\xae\xc3\xc2\x9bnD\xfb\xbf\x9eAm\xae\xc0yn\
F*8\xd2\xa2\x1dz2\xab<U\xce\xf2\x7f\xf7=\
L\xde\xdf\xf5=\x16|\x07\x15\x13\xc6a\xc2\xd5\xd7\xc2\
\x1d:\x82\xc7U\x942m8\x14\x97@\xb9S\x07\xd0\
\xecA\xc5\xdc\x8d LLn\x9b6\xbe\xbf\xfc\x0dV\
\xdf\x7f\x0fj\xda\x9b!|\x85\x81i\xbc'lLJ\
\xef\x5c\x15\xb9;\x22Cv\xea\xbc\xb4\xcf\xae\xbcq\x90\
\x0bG\xae \x95\x98\xda\xb5\x01\xa8\x9e\xbe#&^p\
\x11\xfc1\xe3\x98q\x92E&R7\xf8\xd9\x87*\xe8\
A\xc6\x9a\x13\x8e\xd9\x8f\x10\xb1\xf4\x98aU]\xf0\x02\
\x96\xdd\xf05\x14\x96\xaf\xe4N?\x07\x9d\x8dG\x97a\
\xe9\xe6\xf5\xbez\x9c}\xd9|\xb2)\xbc\x1b6\xf1\xbb\
\xce\x1d!\x16\xd9\x17\xb9\x96\xf9\x0d\x06]\x064\xd5\xd6\
c\xf2\xa7\x8f\xc1\xa0O\x1c\xa6\x9d3=\x96\x84@\x8b\
\x98\xd0\xca .=&g\x91\xee\xbf(\xf1\xc2\xc46\
\xd8f\x17c\x10\xec\xb8w-\x0f\x95\xa0\xfb\x88\xae\x8d\
\xba>\xdd|\x1br\xcf\xfd\x13\x0b\xef\xbe\x17\xee\x92e\
\x22\xe5\xeeD\x86=\xd8\x11m\x01e\x84IR\x8fk\
\xdc\xcd\x08l\x123\xd8\xc3\xb0\xf7&\xf4\xd8Tj\xb0\
\xe7D\xa4\x18\x00P\xd7\x0er\x0d\xf5\xd8\xe1\x96\xdb\x91\
\x199\x82\xe7n\x01\xc2\xa9\xe0\xb1e\x0c\x93TNY\
\x1e\x91\xe3\xb3\xc1u]\xc9\xa7y\xf9\x10oj/y\
\xc5\xed\xb7\xa1\xb6e\x9d\xe08\xe3\x0c\x97\xc3#\xce\xab\
uF\x02l\x5cZ,\xfe\xe0\xc5\x12\x9a\x14\x08UK\
\x9b\xcb\xcb{\xef\xa6lS\x09\x13I\xea]\xba5\xf0\
1p\x8f}1\xf6\xcc\xb3\x80\xa1\xc3K:\xf0\xca\xb3\
\xd6\x96\xba\xc31h1\x12\xec\xa4}\xc3w*Y\x04\
\xa1\xe3\xa5\xe7\xb0\xf4\xda/!X\xbb\x81\xd9g7\xf3\
\x88\xdf\xd1\xa37\x9eho\xef\xc5\xb6\xfc\x08\x17\x87\xd5\
\xa1\x8d\x93dR\x81\x0aL\xf5\xfd0\xe9\xe2sP\xbf\
\xcbn\x08\x83\x1a\xfd=\x19\xae;\x13\x7f-O\x0cG\
Pc^I^\xce1F\xbe\x9c\xe7(\xd7\xcf\xa0v\
\x14t\x18\x18\xe4\x15\x1a\xff\xf2\x17,\xbc\xf3\xdb\xa8\x5c\
\xf76*\xe8\xb9\x16\xc0\xc4\xa3\xd4ZL\x1e^O\x93\
\xbd\xfb\x89Y~>\xe7\x9d\x9e#\xd6\x03\xa0\xaa\xd6Z\
\xbd\x90f\xdfz;*'Mf\x96\xe0\x02Cx=\
\xce\x991q\xaeS\xc4s\xa6\x1ft\xcb7(\x92\xef\
\xae\xf6\xb6r/\xbd\x88\x17\xaf\xbd\x165\x8doI\x82\
1\x16\x15l\xe5\xc6e\x09\xb7\xd8>:\xce\xfd\x90\xa1\
\x9e\xbb\xd7n\xca2\xecP\x04\x17i\x03\xd0\x12\x04\x18\
|\xe0\x871\xee\xa4S\x11\xf5\x1f\x98\xb0\xc2\xa4\xd7B\
\xb4e@/\xf9\x99;\x99\x88\x9d\x86\x90\xfeN\x85\x9e\
4\x05lx\xe6\xafX|\xcd\x97P\xd3\x96c\xb7\xf1\
\xbdC\x0eF\xe91!\x87!\xf6\x90\xde2\x18\xf07\
c)\x0a\xfa\x19E3\xa6`\x87\xb3\xcf\x86;n\xb2\
\x1e\xdbjC\xc7\x96\x93\xc6\x13\x03\xce\xe1\x8ar\x5c\xcc\
\x16K\xcc/\x933\xed\xac\xa1\x84-m\x0c\xac\x99\x17\
\xf9p[\x9a\xf1\xca\x8f~\x80\xb7~\xf9\x0bT\xe7\x18\
\xbe\xc9\xd7Fd\xd1\xb1\x95\x1dK\xfd8\xdf\x9d\x09]\
e\xe2\xfd\x96\x8a\x0c\xa6^~%\xea\xf7\xd9\x07\xd0\x1b\
gd\xca\xa2\x82\xd9\x88L\xbfF\xfa\xfd\xdf\xe6\x17\xb8\
\x98\x10\x17\xc4\xab\xc9k\xcf\xee\xb5U\xf8\xe7\xc5\x97\xa0\
z\xed\x1a\xc6Y\xb8*#\x1f\xe8\xa6\x12\xb0\xa9s[\
]\xc8\xd81\xb2c\xd6\x00\xd8}\x87\xe0\xb9\x8d\xd9\x00\
C\x0f?\x12\xe3?{\x1c\xc2\xea:\xe3B\x96\xf1\xa0\
\x0cmW\xec\x14\xe9\x0a\x99)\xc8\x95i\xec\xeb\xf8\x85\
\x08G\xde\xfe\xdd\xaf\xb0\xec\xb6o\xa1&_\xd8\x88\xea\
\xbb/\xac|zG}\xeb\xef)\xe5U\xc3\x95\xa9\xd5\
\xa3\x88#7\xef\xa7\x5c\x00\xbdR\xd0\xae}GE\x16\
\xd5\x07\xbc\x0f\xe3O=\x05N\xff\xe1\x92\x91g\xfa\xaa\
\xc8T\x0dL\xbb\xa8\x92\xb8_x\xfeLw\x9f\x93\x8e\
]\x99\xaf\x82={=\x99\x89?@\x1bon\x14_\
\xb5\x0c\xcb\xbe{\x07\x9a\xff\xf5,*\xf4\xf3# \x8c\
\xaf\x8c\xe2mR\xadIs\xfe\xdeP\xc8\xa5\x19\xdf\xbe\
\xffD\xe7\x8fK]\xbf)\xe3c\xc4\xa9\xa7c\xe4\xa1\
\x87\xea\xa1\x0d\xc4\x16\x1a\xec\x0b\xabm\xf3W\x94g\x00\
x\xf5\x93'\xa5\xd7\x08\xc9\xe2\x81T\x9d\x9b\x9b\xf0\xf4\
i\xa7\xa3\xea\xcd\xd7Y\x94\xc7#z\x92\xd8\xbaw\xe9\
\x5c\x80R\x03`q\x1b\xce|m\x00l)\x812\xc0\
\x14\xa3o\xa8\xcc`\xe8g>\x83\x09\x9f\xfc4\xa2\xca\
\x1a\xe1\x9a\x8f\xcb1\x00\xd6i\xb5_f\x0c\x88#(\
6\xdfL\xcaU\xf7\xdd\x8d\xd5\x0f=\x84\xea0,7\
\xe2\xfb\x8f>J\x9dt\xdb8e!\xd8\x9ev\xf5C\
\xca\xd0\xd3X\xfa\x1e\xd6\xd5d1\xf2\xa8\xc31\xe6\xe8\
\xcf\xe8YQ\x0d\x22\x06\x09=y\xd4n\xa2\xec\xa3\x92\
\xde\x7f./\x02\x1b7\xa7\xf40\xd8\xbc)\xb8F%\
(\x16\xb2LE\x7f\x13g\xdd\xc2\x97\xb0\xe8\xf6[\x10\
,^\xc4q?M\x11\x0f~\x11d\xb2\xf9\xd3\xe3\xdd\
\xe2\x01lt\xfd\xa6\xc4\xd2\xa4\x9fA\xfdQGa\xca\
\x89'q\xcb\xbc\xe4k\x0cW\x9fk\x15\xac\xca3\x00\
\x0e\xa1\xfc\xd8\x03\x10&b\xa5\xc3e'\xd7\x8e\x7f\xcd\
9\x0dU\xaf\xadd\xe3\xee\xeb\xf7\x90\x8c\x18\x85\x03\x89\
\x0b\x9f\xea\xfcN\x92\xf7q\x8a\x06\xc0$bL\xe6\xb8\
\xb1\xb6\x12\xc3\x8f\xfd,\xc6\x1cz\x14\xa2l\x95\xb8\xef\
]\xe8\x8e\xb1\xa9\xefT]+\x94\x8e\xb8\x9c\xae\xcd\x12\
S\x13B\x1e\x0bo\xbb\x19m\x8f?\x81\xca\xa8\xd0\x07\
O\xa4\xbb\xb7l\x89\xaam9\xd7\x92\x22\x01\xb5\xa9\x92\
S7\xbfS\xb0c\x15\x17\x13tJ\xca\xa2\x0c\x86V\
.\x87S\xc4\x9d\xd81\xa8\x1e\xd3\xcf;\x07u\xb3\xf6\
BA\x87\x02\x9e\x97ef\x1b\xdeA\x94\xf1\xc4\x1c\xab\
\xe7T\xa4nO\x0b\x1c\xe2O)\x03\xf5\xa5.N\x03\
;r\xf53l|\xf2\xd7\x98\xf7\xed\xdbt\x18\x97\x87\
\xd3\xa9\xd9K\x8eR\x9a,\x07N7_\x1a'\xf7V\
VI\xaeWI\xbf\xde\x1c=YF\x87\xbf\x9f\xc8A\
\xfc\x0f}\x08;\x9d}\x1eTe\x95$\x07\x95\xe1\xe9\
M\xbc,\xcb\xe8\x97\x0aH\x0f\xd1'T\x89\xee\x1fg\
\xfa\xf3\xedx\xe9\xfc\x0b\x80E\x0b\xa5p\xab$\xb4\x13\
\xe6\xae\x12\x0f`sn\xaf<\xa5$\xc9\xeb,\xd0\x06\
@\x19\xd6\x1e\xea\xc3\xa7\xd7\x1b\xfb\xd7a\xd4\x89\xc7c\
\xc4A\x1f3D\xa0\xaal\x0f\xc0\x8eQ\xd1Z\xc8\x03\
\xa3I\xc4\xa0\xa2B+\xe6^\x7f\x1d\x0a\x7f\xfe\x9b6\
\x00a70\xc9-\xd9\xff\xb7\x91\xef\xb0U\xbe&i\
\x091\x00\x9b\xa2\xfe+M\x88\x82\x1f\x8az\x8d\xf2\x05\
\x04\xa4\xcd@\x9e\x12t\x93\xc6c\xfa\x19g#\x98:\
\x8b\xb5\x1b\xd8e\xd71\xa4kp\xe8\xb6\x0e\x10:v\
\xf1\xa74\x8dI\xe9H\x5c\xde\xc8\x89\xcd\xf9\x5cQ\x12\
j[\x8f\xd7\x7f\xfc\x00^\xfb\xd5oP\xd1\xda\xa1g\
\x90\x09\xe6\xba\x90e\xf6|\xc4\xdd\x7f\xe9v\xe7\xfbu\
\x09\x1a\x99\xdeB\x1b\x00\x22\xaf\xddsO\xecz\xf9U\
P\x15\xd5FT\xa5\xb4[\xcf\xec\xb8e\xd4\xaeU\xa7\
\xd5,\xa1\xb9\x9b\xcfa\xe1\x95\x971d\xdf\x8f\xa5\xd4\
\xca\x1b)J\xbc\xbb\x14\xe3X\xea\x01\xf0O\x0b\xf6\xda\
U\x09\x83\x0fM3\x9f\x1fG\xf3\xa0\xfe\x183\xe7$\
\x0c\xd9\xff@\xbd\xc3d\xd9\xbdC94\x5c\x89\x01\x90\
\x0b(-\xef)ed\x97\x0a\xcdx\xfe\xcb_\x02\xfe\
\xf9oT\xc6\xe9K\x8c\xef\xf6#}q\xcc8\x93\x5c\
\xff\xf7\x0c\xf4S\x1bJ7\xcf\xa5@\xc2\x82gB\xca\
\x07D\xcc\xfa\xdb\xaac\xd1\xec\xde\xfbb\xca\xd9\xe7\x03\
\x0d\x038\x93L\xcf-\x82\xa5\x90\x96\xe7\x90\xe4\x16\xd2\
\xfb\x8cE\xe0\x10\x97\x89a\xceG\xafP(\xa2=\x91\
\x15K\xb1\xe0\xae\xbb\x10?\xfb\x02\xb2D5N\x1f+\
\x99/\x9b6\x02\xef\x8e\x10`\xa3\xab6\x06\x80\x9a\xd7\
r3g`\x9f\xaf~\x1dqE\xad\xe8\x05&\x14m\
B\xd7QJ\xdd\x9d\xe6\xe8j\x00x\x0c\xb5\x01Xv\
\xed\xd5h\xfa\xdb\xdf\xf5s\x97\x10\xdb5\xa7Ue\xe4\
\x00\x14\x8a\x1b\x02\xe7_\x16\xee\xb9\xab\xb2j\xb0\xae\x92\
\x96\xce\x96\xe1\x831\xf1\xac\xd3\xd0o\x8f\xfd\xf4\xe4\x0a\
8\xbb[\x1e\x0d_\x09\xe8\xc4\xb8\xb2\xd6\x18\x80I%\
\xf4\xe8\x15\x1a\xf1\xb7K.F\xd5\xbc\xa5\xdco\xde}\
\xfc\xd9\xd9\x85\xefZ\xd3\xc4\x16x\x0d\xbd\x0b\x0fJ}\
v\xf4\xf0]=\x9dY\xa5~?G\xf0\xc6e\xcf\x84\
>'R\xc9\xf5\x8fM\x87\x99p\xac\xba\xc6\x9d\x97G\
Je\x9d\xe6L\x05\xc6\x1c\xfdI\x0c9\xfa(84\
\x19\xf5\xb3\xb3MD\xf6\x1b\x9c\xa4\x158\xfd\xb3\x8c\xb9\
\xb4%\xaezDb\xa2\xd4\xe7N\x22-\xda8\x11P\
\xc9\x0fs\xc8\xcf{\x19/\x5c\x7f\x132D%\x16\x8a\
\x11\xe8\xba\xf0\xbb3\x04\xaa\x04<[\xfc\xbb\x5c\x1c@\
\x917!\xcd\xbb\xd3\x9f\xb7\xbb\xb7\x99+T\x122\x93\
t]\xcb\x84\xb1\xd8\xff\xba\x1b\x11\xd5\x0c\x90\x867s\
\x07\xb2\xa6\x9c$t*\xe7(\xce03;\xf2y\xbc\
v\xcb\xd7\xb1\xfa\x09\x22mE\x82\xfe\xdbl\x9bA\xa7\
1*R\x8b'c\xbdH\x1b\x80\xc8d+\x99g\x5c\
{\x01\xcd#\x87`\xea\xf9g\xa2z\xe7=\xb5\xc5\x0f\
\x18iT\x8e,D\xd1n\xa9\xc4J\xf1\xf9].>\
\xc2%\xb8q~\x03\xfex\xf6Y\x18\xf8\xea\x9b\xc8\xb2\
V\xfd\xbb\x0f\x11\xb6\xb5\x0eU\xf2G\xd8v$\x83O\
F@`\xc1\x82\xad\xc8\xfbR\x1at,\xa1\x87\xef\xa1\
\xb1\xbe\x1a\x93\xe6\x9c\x82~\xef;\x00a\xa6\x8aE,\
=e\xe7\x9f\xc4\xa2iw\x0c\xbe\x16\xd3\xe0bH\xc4\
\x8a\x13\x9b\xc2\x10mub\x8f\x05\xb5\xe0\xe9\x18u\xfd\
\x1f\xff\x88y\xdf\xfb>\xea64I\x0f\x01iF\xf4\
*\x04\xd8\xfe\x0f\x1e\x17\xfd<r\xda\x03h\x1e=\x1c\
\xfb}\xf5:\xc4CF'\x0b\x97\xd3\xb6\x94<\x8d-\
\x15{y\x1e\xb4\x94\xea\x04\xb6M.\xbf\xa3\x0d\xc0\xea\
\xef\x7f\x0b+\x7f\xf5;\xd4\xe6\x85V\x8f\xc1\xf1e\x94\
\x18\xcd\xa9\x8b\xff \xbb\xb4\x80=\x80\xc8p\x99\xb9\x9c\
\x81l\x1e1\x04\xd3/:\x0f\x95;\xee\xca\xd8\xfb\xa4\
\x7f,e\xd2\xc5\x96\x1b\x1c#1m\x0d\x80c\xea\x80\
,B\x9a\xdb\x80\xc7O\x9d\x83\xa1k\xd6\xb1\x01\xf8/\
\xe8\x1f)\xef0e&\xc5\xf0\xde\xd0\x00J\x88G!\
\xc3\xec\xc8\xc4<\x1b\xfa\xa1Qf\x12\xc3\x1a\xe9\xf0\xa0\
#\xa3M\xf8\x84)\x98|\xf69\xc8L\x99\x8e\xd0\x0b\
\xe0\x9b\xb0\x8b{2\x1c'\xa9\x1d;%\xdf\x95$n\
]\xb3 \xad\x8d0)f\x82\x16\x8b\xcb/\xca9,\
)\x0f\xc9\xebR]Z\xc59\xa8\xa6\xf5X~\xdf\x0f\
\xd1\xf4\xc4\x93\xc8\xb4u\xe8\xc9i\xe8\xb1\xcd\xce){\
\xa3\xc5\xac\x95\x07H\xda\xde\x8eHI}\x9f\x92\xb0m\
#\x86b\xef/~\x05\xf1\xe8If(\x1d\x13\x97+\
\xee\x86e\x10\x5c\x19\x06\xc0\xae\x97\xd8l\xa0\x0c\xd3\xd7\
\x06`\xcd\xbd\xb7c\xf9\xcf\x7f\x89\x86\x82P\x8e\x11s\
\x10\x19\xd9\xb2)2\x952 b\x87\xaa\x00\xbb(\xe5\
\xd8\x06\x11\x01\x9d\xb4\x8c!\xfd\xb3\x0bQ=y\x07(\
\xbf\xc2$6\xd2w\x03\xdaGk/,a\x096\xc4\
\x05\x04pp\xdb[\xf1\xf8\x89'`\xd8\x86\x0d\xe2\x01\
l\xaf\xc7\xd6\xc8G\xa5\x01(\xa8\x22<\xb7\x98A6\
\xbb\xb1\xb2oT\x86sA\x96\x16\xe9\xc6\xd1\x9f\x9c\x93\
A\xb0\xe3.\x98q\xd1e\x88\x07\x0ea\x92\x0f\xc7\xe4\
y\x22\xe3\xbar~A\x19\x01\x17\xd6\x0f\x90\xc2m\xec\
\x16\xb8E\x98\xf34J\x1a\x85d\xd77W\xd0E\xe3\
!\xa9\xf2r\x99P\x1b\xaa\x95+1\xef\x07w\xa3\xfd\
\xef\xcf\xa0*\x22#\x10\x19\x88p,\xc4&&tq\
\x19\x11\x12\x02\x86\xdb~\x9b\x8f\xf3\x16\x9e\x96\x95\xb0\x19\
Y\xa9\xc3\x80\x91\x83\xb1\xfb\x15_\x84\x9a0\x8d1\xf6\
\x09\x93\x93\xe1\xc4tU\x91\x12<M\x15\xc01\xd4o\
\xb0|\x0b\xf4Z\xa1\x03\xeb\x1e\xb8\x1b\x8b\x1ey\x14u\
\x1d1'[cH\xe3\x9el\xcc\xe9n\xd4\xb2js\
W)\xcd\x8by{\xef\xc2OT\xbcB\x9f\x937\xad\
\xe3Fb\xea\xa5\x97\xa0j\xd24m\x00\xb2\xdc'\xe6\
\xa8\xa8,\x03@\x87\xa8\x05I\xfc/\x08u\xa1\x09'\
\x03\xe047\xe2w'\x9d\x88a\xcdM\xe2\x01\xf4\xfd\
s\xfa\xef9\x94\xc4\xbf\xd4\x8d\x17*\x12y\xc9`\xbd\
^\xbc\xe3?u\x0c\x86\x1fy\x14\xe2\xbaz\xfd\xba\xb8\
\xed\xcaL\x16K,\x19\x19\xb0\x16\xe1\xd7%\xc6\xa7\xae\
\xc2\x02S\x7f\x09\x8d\xbb \x07Se\xb1\x09\xf2\x1d\xe5\
\xd1<\xf7%\xbc|\xdd\xf5\xa8y{\xad>O\x1e\x05\
\xeeg\xf0\xb8tU\xe4\x0c\x10pR\xd2?\xff\x8e\x1f\
\xe5\x85\xb8\x91QY\x22\xc3\xd8F\x06\xe0\xf2\xab\x80I\
; t\xdd\x92\xe4\xb7\xcb!\x80\x80\xb3\xca\x09\x01\xcc\
\x0e`<\x08^\x9ca\x076\xfc\xf8\x07X\xf8\x93G\
P\xdb.\x06\x80\x1a\xf7\x04\xa1\x9b\x9e#O\xb09\xe2\
\x99\xf3U\xce\xd5\x06@\x88\x0b\xe8K}~\x88m\x13\
Fc\x9a6\x00\x15\xda\x95\xb4\x06\xc0E:\xc6\x99\xd2\
Ar\x13\x85Z\xcb'\xefI\x12JORg\xfd:\
\xfcF\x1b\x80\x11\xad-\xc8\xc6\x1b\x9f\xbb\xbb\x12y\x9a\
G\xd4\xb9<\xbc)\xb4]y\x9b\xc3\x96\x22\x07\xfb\xa2\
l\xdd9]Xr\x0dJ\x9e&c\xea\x18'\x103\
\xbbO\xfb\xc0\x81\x18s\xc2\x09\x18\xb0\xff\xfeP\xd5\xf5\
\xd2\xd4eZ\x86m\xb7!7\x1b\x11\xde\xdct\x1bR\
8\xe8\xe8?\xa4\xc2D\xc6\x82z\x0a\x5cU\xce\xb3\xd7\
\x9f/\xb4a\xf5\xcf~\x8eU?y\x14\xb5\x8dM,\
\x96A\xc2\x19\xcch\xcbMe\xa1\xd9\xe9\x0cT\xbc/\
\xd6\xbf\xf1f\xb64\xe9\xb7q\xa2\xb98\xea\xf6\x19Z\
\x0f@Z\xdb\x81\xd6\xe1\x03\xb1\xfbeW\xc0\x99\xb6\xb3\
\xf6\xc0\xdc\x92\xf2w\xd1=W\xe5$\x01-a\x03`\
\x12\x88d\x00rhz\xe8^\xcc}\xf0!\xf1\x00\x18\
k\x10\x99D\xbb\xbb\xf1\xb5\xf7pS\x09.\x07\xb2\x01\
8s\xf7\xd1\x06 q\xef\xc5\x03\xe8\x980\x06;\x5c\
v)\x02\xe2:\xf3\x84\xe5\xb4\x9cIP\xf4\x00\xdc\x84\
\xcdF\xc6Rv\x00\xd6\x0f\x5c\xfb6~s\xf2\xc9\x18\
\xd9&\x06\xa0\xef\x8e\xde\xf8}\xdb\xe63[\xab\xba\xcd\
\xdd\x96T\xc2U\x12\x17:\x94\xa9\xd7F6\x0a\xf4\x82\
\x1e6\x0c\x13\xcf?\x0fU3w\xd5\x0f\xa4\x0a\xd4\xaf\
F\x1a\x0f\xf2\x5c\x8c\x0b\xc9\x80#\x9f\xf3\x09\x91\xd1\x00\
\xf0#\x89qcC\xc0\x92\xfe\xd9+\xc1\x1f4m\xc0\
\xd2\x1f\xfe\x10\x1b~\xf78\xea\xda\xf3\x9c\x08P\xaeI\
%R\x1e\x81wP\x03]\xee\xcd\xb8l\xbe$\xb4\xd5\
\x9e\x86\xcdq\x91\xf9\xa2 \xa6e\xc4@\xecv\xc9\xe7\
\xe1\xcd\x98]\xa2\x9e\xc5\xc5R#\x13V\x1em{\xd1\
\x00($\xcc?:\x04hy\xf4\x01\xbct\xff\x0f\xb5\
\x01\x00\xe7ub\x83\xdfq\xbba\x05\xee\xe9\xee$\xbc\
pL\x8e.\x12\x03`k|.M\x22\xbd\x18\xf3\x93\
\xc6a\xc6\xe5\x97\xc1\x1b7Q\xdfPF\x08\x1f\xe3\xde\
\x85\x00tXJq\xc7\xe2\x8f\x8d\x01x\xfc\xd4S1\
\xbc\xa5\x19\x01A\x1d\xb7\x0b7\xf0]z(YLT\
\x81\x0a\x91g\x16%\xd6\xab\xd3\x81|\x8b~-\xbb\xfb\
^\xd8\xe9\x8cs\x11\x0e\x19&D\x13\x11\x0c\xd7\x82\xb0\
41\xcf \x19kz\xfe\x8ec\xcaWH\xea\xd7&\
\xe4Ou\x08\x1b\x16e\xa7=t\xbc\xb2\x04/\xdev\
3\xb2/\xceCE\x9e\xb3\xbf&\xe4\xb0;\x90-s\
\xbd\xfb\x0e\x86\x01\xe8\x81!\x0ck\xeb\xc8A\xd8\xf5\xe2\
\xcb\xe1\xcf\x9c\xcd\xa62N\xc2%\x0f\xd6\xc0\x96\xe7n\
\x16s\x00\xd6\x00\xb8\xda\x00\xb4\xfe\xe2'x\xf1\x9e{\
Q\x9f\x97\xca\xc0\xa6\x0c@O\x07\xb3lY.\x00X\
\x03\x00e\xdcB1\x00\xb9)\xe31\xf3\xd2K\x13\x03\
\xc0,d\x94\xc4\xe1\x8b\xdb\xfc\xcd\xf4d\x00l\x93\x04\
e\x92\x9d\xb5k\xf1\x879\xa7bhsS\x1f\x1b\x80\
\xed\x11E\xb6u\x0fK\xefML\xcb\xae\x9e\x19\xa4V\
\xebz>\xc2\x98@B.\xf2\x99*\xf4\xff\xe8!\x18\
\xfb\xd9O\xc1\xad\x1e\x04\xd7\xcdJ7\x1b1\xfe8\x91\
a\x1es\x12\xb9/i\xe2RF\xc7)6\x06 \xa5\
sM\xb9\x06O\x1b\xa0\x9c\xb0\xd9\xb4\xbd\xf4\x1c\xe6\xde\
\xf8MT\xac^\x8d\x8c~\xce\x11+L\x05I\xb7\x5c\
\xb7\xe8\xe0w\xc1!\xa5}\xe9\xffo\x1d5\x18\xbbj\
\x0f\xc0\xdfa\x17\x0e\x09\xac\xd1,E`\xa6o\x05C\
\xcf\x06\xe0\x97\x0f\xe3\xc5\xbb\x7f\xc0\x06\xc03\x82-B\
\xc6R\x06O\xbe\xd5\x96pDPd#\x03\xc0!\xc0\
\xc4\xb1\x98~\xc9\xc5\xc8L\x98\x8c\x98r\x00&\x93\xb9\
\xa5\x1e\x00\xdd\x8cD}\xfa\xc27\xac\xc3\xefO9\x05\
C\x1a7\xe8\x10 z\xcf\x03\xd8\x82#\x86e\x0f\x16\
\x973\xa0\xe4\x90\x02SE\x90\x98$\xe5\x05Z\x06\xd6\
a\xfcg\x8e\xc2\xa0C\x0e\xd7\xdbG5\xd3\x8bQb\
*6\x7fX\xde\x9a\x19\x9b\x1d\x03<\x12e\x22\x17\xa5\
\xb1h\xf7\xdf_:\x99\x05\x09+\xea\xb6\xdc\xcb\xd0\xde\
\x82\xb7~\xfd\x08\x96?\xfa0\xaa\xd7o\x10\xb7\x9f\xe9\
\xcd\xa4\xbd\xbc\x8c\xfc\xd5vu\xf0\xf5\xeb\xff\x117c\
\xb3\x0e\x01\xf6\xbe\xe2K\xc0\xc4\x1d\x12\xbd\x86b\xac]\
\xea\xef\xa4=y\x0f\x06\xe0g\x0f\xe2\xc5\xfbt\x08\x90\
S\xac\xd2\x14;\x92\x03\xf0\xca\xa0\x05\xe7\xf6\x01G\xc8\
u\x03\x22t\xb5!\x80X*1\x00\xed\x13\xc6`\xda\
\xc5\x17\xa1b\xd2T6\x00\x5ck\xeem\x08\xe0\x14\xe1\
\xa7\xae\xed\x92\x22:I\xbd\xf3\xff\xee\xc4\xe31\x5c\xff\
\x9d\xe9\xa1\x0a\xd0\x17{\xf9\xb6\xf0\x07R%'7\xf3\
\x9e\xee\x92\x8c\x9b\xfeL\xf1\xb7\x8ae\xa2\x22v\xe19\
\x14`\x94\x9e\x08yP\x16\x9f~S\xd0s\xa40\xb0\
?v\xb9\xfaj\xb8\xe3& \xae\xa8&\xea\x7f\xbdK\
{\x06\xae.\x91\xad\x1b\xc9b\x17\xf5!SxL\x19\
\xc0\xdaI\xcf0\x01\xae:\xb8|\x1d\xd1\xea\x95Xv\
\xff=hy\xeaO\xa8h\x17^H\xceSp Z\
\xac0\x94\x00\xedR\xdc\xf3\x96\x8ey\xf7\x88\xcdM\xef\
\xd5\xc5\x7f\xc7\xa6<W\xd0qW\xf3\xa8\xa1\xd8\xe7\x0b\
WC\x8d\x9d\x0a\xdbr\xc5\xefvzo\x00`\xc0w\
\x8e\xe9\xe6$\x03\xd0\xf2\xc8\x8f\xf0\xd2\x8f\x1e@}\x0e\
\x22\x14j\xca\x80\xe5x\x00\xca`\x12\x18\xcdI\xec\xdc\
I\x12\x90\x9f\x81\xf4\x8a\xb7\x8c\x1d\x81i\x97\x5c\x84\xaa\
\xc9; \x0e\xb2\xb0}\xe6\xe5u\x90I\xbc\xc1?'\
9\x00\x8f\xe3C\x87\xaa\x00\xedm\xf8\xdd\xf1\xc7ah\
c#*\xa2h\xa3\xc9_\xd6\xd1]\xc9\xa0\x9b\xf7\x94\
nbeW\x17J\xdf\xd3\xcd\x87\xd3.\xd6\xee\x7f\xd3\
\xe5\xf7]\xae\xb5\xc7S$\xaf\x89D\x14\x97\xd4\xb4{\
M\xc0\x13\x97\xc5X\x14w\x0c\xd2b#c\x5c\xd0\xc6\
 7k\x1af\x9e{:\xdc1$\xf7V\x09\xe4\x1d\
d\xfc\x0a.)QH@\x87\xa7J\x22s\x93\xbdN\
\x93_\xb7\xf8\x8f\xd8\xd2\x98\xeb\xd3\x05\x8e(CA\x1b\
\x81\x17\xae\xbb\x16\xceK\x0bX\x5c\x84\xca\x92\xd4\xea\xea\
\x96\xe0\x1c\xba\x1d\x93n\xcb'\xdd\x0cz9h\xde\xf4\
oG\xf7\xa6Y\x80@\x8c\x81\xf4\x0873\x0c\xfb|\
\xf9Z\xa8\xe1\xe38\xffR\xca\xdfPD\xb8\x96i\x00\
J=\x00\x14\xcb\x80\xf3\x7f\xfc\x13\xd4u(\xe6^\x90\
\xf0M&Kws\xa5\xa7\xb9\x151\xf4\x9fy\xf6m\
\x19\xb0\x88\x03\xa0\xa3i\xccpL\xbd\xe8B\xd4L\x9b\
\xc9\x1e\x80\xb2\x0f\xb1\xbc\x86\x80NU\x00\x91\x05\x932\
\xa3\xa3\xf2\x0c\x04\xfa\xe3\x9c9\xe8\xbff\x0d\xe3\x00\xde\
\xa5\x9e\xe0\xf6q(\xe9\x0c\x08\xf99\xfb,\x1fE\x07\
q\xca\x93\xa5\xf7\x8c\xf0'\x01?Z\xab\x03\x0c8\xf8\
\x83\x18s\xec\xa7\xe1\x0e\x18\xa6\x0dr\x861\xfd\xacm\
G9\x01\xd7\xe0\xd7cA\x00\x96J\x93\xa79\x1c.\
\x1d\x0ap\x88&\xa9\x13\xc6\xa6\x87!D\xeb\xdf\xff\x8a\
%\xb7\xdf\x09\xff\xad\x0d\xdc\xaa,L\xc4}\xe8\xa1m\
\xc3\xf4\x8f5\x00y\xcfE\xd3\xb8a\xd8\xefk\xd7#\
\x1a8\xd2\x00\xb5\x84\xe4\x84\xc1B\xbd\x82:\xbb\xc9\xe7\
\x84\xcfA\x9f/\xcca\xed\x8f\xbe\x8f\xc5\x06\x08\xc4\x1a\
\x04J\x0c@98\x00\x15\xcb\xb3$\x8eG\x06\x19\x95\
\x02\x81\xc4\x03Ph\x1a5\x0cS\xb4\x01\xa8\xdba'\
\xd6\xe6\x8b\x8c\x01H?\xb6f\xc77\x22~\x1cgB\
\xa8\xac\xc8\xea;q\x9ei\xa5\xfev\xd1\x05\xa8X\xbe\
\x82=\x80mj\x00\xb6x\xa2\xf4u\xd9)\xed\xf96\
\xb6\xe6\xa5\xa8AAl\xba\x22 I\xf6\x9aD?\x9c\
\xc8\xf8o\x1e\xefN\x85\xb0\xc0|\x82\xe3\x8f\xf94\xea\
?~0P\xdd\x808$~\x19\x01\x01E\xa6)\x8c\
\xce\xc1\xac\xbf\x0e\xca\xc2\x80Hl/\x88?\x16\x7fr\
,\x0c\x5cO\xd6\xd6F\xbc\xf2\xdb\xdf\xe2\x8d\x1f?\x8c\
~\x1b\x1aY\x84D\xb9N\xf1&,\xac0\xa9\x9d\x17\
\xcf\xbb\xf9\x8dtK\x1ej\x0f\x9f\xed\xf6e\x09\x1d\x88\
\x8b\x83\xe6r^\xffi\x9e0\x02\xfb}\xe3&Du\
C\xccG\x0c\xc8\xc9)q\xe5{\xe9\x01\x94\x02\x81V\
\xdfs'V<\xf6\x0b\xd4\xe5\xb5gE\xcf\xc7\x02\x81\
\xec\xea\xe9\xe6Z-\xa4<\xf9\xb5\x92>\x06\xea\x16U\
\x14\xd6\xcf\xdb{\xb6\x12\x95W\x879\xfc\xe8\xdfM\xc3\
\x87`\xd2\x05\x17\xa0\xdf\xce\xb3\xb9\x0a\xa0\xcaj\x07.\
\xf2\xfa2\xb8\xc4QE\x10\x84\x12\x03@\xd8v\xa7\xb5\
\x05\xcf\x5cu\x85\xbe\x80\x97Q\x19F\xe8\x8d\xd6\x8f\x9d\
l\xff\xed\x87\xcd8'\xf3\xc6\x22\xfd\x0c\x04\x95*;\
\x94m\xa3\xa7\xe0s?\x80\x8f\xd6A\x030\xe5\xd2s\
QO\xa5+\xb7\x02\x9eG\xb9\x02\xd1\x08\xb4\xb0pz\
w\xc4\xc9\xe1h\xd3H\xc0N~\xb5\xbe\x8eH\x82F\
\xaaKZ\xd3\xcf\x135\xca\xc3i\x5c\x87%w\xdf\x83\
\xf5\x7fx\x02\xb5\x05CvBtb:n\x09%@\
\x85%\xac\x10AY\xc7\x94)\xe5\x0b\xacB\xfa;=\
\xdeF\x9fIGP:\x04\x98:\x09\xfb]\xf7MD\
\xda\x98\x16\xddn\x95\x0cI\xec\x14\x19xR\x85,6\
\x07`ss\x9c8\xed\xc0kw\xde\x80\xd7~\xfb8\
\xaa\x0b\xdaW7\xe3\xec\x1a\xe3\x92\xb0\x0f\x17\x91\xda0\
\xed\x08\xdcH\x16\x9b~$\xbe2\x9b\xf0'\x030W\
\x1b\x00\xd7\x18\x00r\x11\xe9\xdfM\x83\x07b\xfc9\xe7\
b\xc0\x9e{\xe9\x91\x0f\xe4we\x0c\x8f\xb2\xd6\x9c4\
\x00\xf9\xdf\x12[\xba\xfa\xfcqDtF\xfal\xf9\x1c\
\x9e\xbf\xfaK\x88\x9f\xfb\x07\xeb\x9d\xbdG\x0a\xbaeG\
\xd7\xe5\xd9u\xc7T\x9d\xde\xab'm\xe0\xc3\xdbu'\
\xecp\xc2\xa9\xa8\x18=A\x87z>e\x04%+\xaf\
'\x86\xec\x12\x81t\xbd\xb1\xf2m\x1a(0\xa0\x0c\xb6\
\x9f\xd4\xa5\xc8\xfb\xe0\x90\x826\x02\xf2J(\xb1\xa8'\
r\xb4|\x19^\xf8\xc6\xf5\x08^Y\xa5\xc3\x15\xbd\x94\
\xb4a\x08\x08#@T\xd5\xb1\xa8IQ\xe3hhp\
\x03\x84Q\x088\xac\xee\xc2~\xf3\x0e\x8e5\x03~\x08\
3\xa3\xaf/7k6\xf6\xfa\xcaW\x10UV\xc2\xa6\
\xd3\x1d\xc3\x8b\xc9\xe1\x10l\xae#\xdd!\x01\x80\xa0\x0c\
E\xfe]\x1b\x800\x8f\x957_\x8d5O>\x89\x8a\
\x82ad\x8a \x90`G\xda\xc1\xe9\xba(\xff\x13\x96\
\xc0\xbd=%\xd7\x10\xb9\x86\xf9\x9b\xce\xec\x8a\x17Pp\
\xbd\xee\x0c\x80\xc2\x86\xfe\x0d\x18s\xe6\x99\x18\xba\xff\xfe\
\xfaF\x03A\x0f\x95\xb5\xd3\xda\xac\xaeU\xf11m\xab\
z\xd0h7b%[\xa2\x04\xbb\xf1\x06\xb4>\xf5G\
\xf6\x00\xfa\x86\xbakK\x01\xbb\xdb\xe2\xd8\x12\x10r\xdf\
\xdc\x11\xed,\xf4\xac\xd7k\xe3>x\xff=1\xf1\xf4\
\xd3\x81\xfeC\x91\x0f|\x9e|Tb\xa2\xd8\x9dwo\
\xdfM\xe2\xc6t'\x97\xeeD\xc7(9\x87<1\xf5\
\x02\xa6 C?s\xc2)8\x85\x164>\xfb\x1c\x16\
\xdc\xf1}dW\xbf\x86J\xbd\x01\x90$!\xc9\x8d1\
\xb8\x85\x16\x97q]\xa9s\xd43\xb0Z\xd3[\xb8M\
\x1fjwU\x01eR\xe24V\x14\x02\xb8\xef\xff\x00\
f^x!\xa2\x8a\x0aXh\x93\xad\xffs6\xc0 \
i\xd3\x1e\xdc\xfe\xedH\x07\xa6\x0b\xe1ut\x0a9,\
\xfd\xcaeh~\xfaidbO\x14\xa1\xf5s\x0a(\
\xacs\xe2d\xf1\xd3A\x8aZ,,\xa2\x8a\xaf\xd1\xb7\
\x07\xb1a\xfe\xd6\x9e^\x9c\xf1\xf0\xd6\xc0\x01\xdd\x1b\x80\
u\xf55\x18y\xca)\x18u\xf0\xc1\x9c\x04\xb4\xe2\x8f\
e\xf0\x82\x9b\xff:\xc9\x0d\xc9p\x88\x0bG]h\xe4\
\x01\xac\xb8\xeb;X\xff\xcb\xc7\xd8\x00l\x1f\x0d!\xff\
%\x87\x92dP\x1cd\xd0T\x19`\xccq\x9f\xc1\xf0\
\xc3\x8eD![\x85\x82\xf2\x91!\xba)~[\x9e{\
\x07\x1cb\xa0M\xbb\xea\xcc\x84\x93\x18X&#\xe5\x90\
\xbc\x90\x8b\x94:\xa4 \x18[\x08\x7f\xc3\x06\xac\xfa\xd5\
\xe3X\xf5\xf0\x83\xa8ji\xd3\xbf\xcb\xe8}\xa2\xa0\x0d\
\x84\x8bBdDd9\xbe%Y8CW\xd7\xeb\xa4\
Z\x9f\x0f\x1f\xbb\xd4\xc4\xc9\xd7\xa1\xd7L\xfd'\x8f\xc4\
\xb8\x13OB\x5cQi\xa0\x90F\x0f\x83\xddx\xb3\x06\
\xca\xe0\xbb\x88\xa38\x81a\xb3\x16\x16\x85\x10\xb9\x0e,\
\xbc\xe2\x22\xe4\xff\xfd\x02\xe7w\xb8\xf1\x8a<\x0b=\xb6\
\x05Gr4\x9e\x19\x9a\xd0\xb8\xfc\x84\x16\xf4c\xeb\xb1\
\x18&.\xfd\x99P{fmY\x17\x03\x0e?\x82\x0c\
\xc0\xae\xca1YKe\xdaF\xd7VWb\xe8\xf1\xc7\
c\xfca\x87kKQ\xc1\xf1y\x1c\x95W\x01(\xce\
\x05\xb1\x87\x94\xcc`io\xcf(\xd9\xe6rx\xeb\x91\
\x87\xb1\xea\x07\xdfGU\x18\xf5\xecalY\xd7N\xdf\
}(u\x0e/U]p+\xde\xcb\xe6O\xa9\x0c\xf0\
\x8b&0\xb9\xb0\xf9\xb1#1\xfe\xd4\x93\xd0\xb0\xfb~\
\x882u\xdaM\x97\x86 \xd7\x93\x96]\x15\xf9\xa9/\
\xc4\x86\x7f\x9e\xe9%\xe0\xee8\x8e8\x1dX2\x92(\
.h\x93\xa2\x9f\xf9\xfa\x0dXp\xdb\xcdhy\xfa_\
\xa8\xcc\x85I\xc9\x8a\x1a]\x08e\x97\x08\xca\xc6H\x0c\
@\x12\x8cnT\xcf\xeb\xc5D\xe9^<q\xb3\xcf\xc3\
\x96:i!v\xe8e8\xe2\xf4S1\xf8\xf0\xc3\xa1\
\xb2\x95\xda\xc0I\xd0]4\x98\xf6\x22UI\x5c\xb6\xb9\
\xef1M]Fa\x89\xd7\xa76\x00s\xcf?\x17\xde\
\xc2\x85\xe2\x838\x82\xdc\x8cM]\xdfU\x22\xf0*F\
W\xbe\xd5\x17\xf45\xbb\xff\x1c\x02\x98\xa1\xcbk#\xeb\
\xe9g>\xf1\x9c\x0bH\x19hW\xe5&\x0d\x0br\xd1\
k\xb3\x01\x86|\xf6\x18L<\xfa\xd3\x08\xb3\x95\x92\xa0\
+\xc7\xf0&Y\xdcb:\x97JQTf\x22\x9f\xc4\
\x8d%\xe5\xd7\xf8\xc7'\xb0\xfc\x1b\xdf@\xa5\xf6\x06\x98\
Y\xa2\x9b\xc1N\xfbP\xca\xfa\xcc\xf6|l\xe5\xbe\x16\
\x0e\xc8\xccs\xc9P\x83\x8e~\xaem\x19\x1f\xfe\xe4q\
\x98<\xe7\x1cdf\xec\xc2<\x90\xd0\xb1\xba\x8e\x088\
dS)3o\x021\x95\xbf\x03\x83(L\xf8\x0b\x1c\
\x01,\x91&\xa4k\xd4\x8c\xa1B\xe4\x96-\xc6\xfc\x9b\
n\x86\xb3h![\x0d\xb7\xe0\xa12\x0eX\xa2\x9e\xcb\
\x98\xae)yA\xa4\xe2\xdd\xd2\x89\xf8\x0e\xf5}\x89\x01\
\x88\xb9\xbd\xb9]\x87\xc8\x13.\xbd\x10u\x1f\xf8\x10K\
\xb4EJ\xa13O\xb7\xe1\x03(\x83\x85\xc9\xea\x02\xc4\
&A\xca\x04:\xed\xedx\xee\xd4\xd3P\xb3j\x15\xe7\
g#~\xdd\x84J\xae\xb0G\x0b\x034\xac\xaa\xbc\xec\
\xfe\x0e\xc9\x80\x81\x81`\x16\x90\xdbT\x95\xc5\xf0O\x1e\
\x8e\xb1G|V\xa4\xc1\x98\xf5M\x15\xcb.\xeb\x02\x0f\
C\x8e8\x02\x13\x8e\xfd\x1c\xf2\xd5\xb5:\xcep9\xe3\
X\xd6\x80\xa1\xc4\x00\x00\xdcoN\xd4c\xd4\x15\xca\xde\
\x80\x1e\xa8\x96\x7f\xfc\x1d\xcb\xae\xf9**Z[\xde\xc3\
\x01l\xa3\xc3\xba\xaf\x94\x07`\x06_r7\xf5dk\
\xcaz\xa8z\xdf\xbe\x98q\xce\x85\x88\x1b\x86\xa0\x90o\
\xd7\x06\xc0-\xc2RS\x9d\xdb\x1a\x00\xe1\x0btL\xdc\
\xce\xcaD\x94\x88\xa2\xb2\x95\xa9?'\xdc\xf4\x85v4\
>\xf9\x04\x16\xdf\xf7\x03\x1d\x16\xac\xa5\xe8\x80q\x0c4\
\xa1E\x8d\x88&\xa6'Rg(\xaf$\xb9u\xc70\
\xe6de\x8b6\x96;|\xf3\xeb\xa8\x98\xb9\xa3\xbe\xb7\
\xac4a\x19U&\x9b\x92\x17U\xacr\xb0\x14\x9e@\
\x89\x5c\x83\xc4$\xfe\x8c\xb7\xdf\xc6\xb3g\x9c\x87\xba5\
k\x10{B\x07\xe6*\xf3|\x5ca\x8c\xb6\x06\x80\x0e\
/\x96d\x22\xd1\xc8\xe5\xb8\xe7B\xc8IU\x86\xa0\xcb\
C1\xfb\xca\xcf#;v\x8a6\x00\xfb\xec\xa6D\xc6\
\x9b)`\xb8\xec\xd3\x9a\x090\xf0\xfd\x07`\xdc\x9c3\
\x10\x0d\x1c$\xf1\x5c\xbc\xb9Zf\x89\x99L\xca\x0f%\
2\xa1\x94\xb8\xa0\xe2\x89\xbe\x00\xc2\x80\x84\xfa?\x85E\
\xf3\xb0\xe4+_\x81\xafo*(\x13d\xf4\xceO\x01\
\xa0{\x93\xbe}\xbb!EX\x8fch\xc7e\xc1\xe6\
}m\x04\xaa\x02\x8c<\xeah\x8c>\xecSP5u\
\xdc\x04\xe6\xbaH\xcaQ\x9b?\xb7J\xdcc\xcf\xea\x08\
\x98\xdc\x8f\x05\xc7D&\xb3O\xee\xab\xe0\xd9\xf5\xdc\xe8\
h\xc2\xaaG\x1f\xc1\x1b\x0f=\x84\x8a\x8e\x0e^0A\
\xec\x98\xf2\x96\x9b\x18-@\xf5\x90M\xef\x05\xdan\x8b\
\xc6\xd0\xfcO\x0fNKe\x1dv\xba\xe5fd\xc6\x8d\
\x03\x8bz\xd2\xd2\x8dE\x1e\xcc\x82\xa8\x5c\x85\xcd\x18\x80\
\xces\x86\x0d\xa7# ,n\xf6\x09\xf5\x12^\xb2\x18\
/\x5c~5j\xd6\xad\xe5.\xce\xd8\xd6\xff\x0d)I\
\xd7^\x1dW\xc8\xfe\xd9\x008\x8ex]t9\xeb\xb2\
\x0e\xc6\x1f\x7f\x1c\x06\x7f\xf23\x9c\x03\xd2\x06`we\
\x91d\x9c\x83\xd5'\xec\xc8dP?k'\x8c=\xef\
b`\xc4p}\x16.H\xa4\x1e [\xf3\x8c\x1d'\
yp\x9eij\xb0-&D4\x1a.\x99\x8f\xc57\
\xdd\x80p\xd1\x12\xce\x04\xbfwl\x9b#.Y\xfc\xfc\
\xb3#aA\xe4\x84\xe8\x18:\x18\x93N\x9c\x83\x86}\
>\x88\xa8\xaa\x02!\x09\x82\x1a\x95\xe74\x872!\x00\
\xd3\x7f)IdYe!\xc7\xec\x0c\xa1\xa11\xa3E\
^\xa0p\x81&o\xd3\x06\xcc\xd7\xe1`\xf3\x0b\xcf\xa0\
\xaa\xd0\xc1\xa5?'\x16\xa9r)#w\xe11|G\
\x0f\xc5\xd9\xf4\x82\xe7#?d\x18v\xd4\xd7\x9d\x199\
Z\xaeP\x09\xb9\x0e\x19\x00av.\x0fI)gw\
\x99\xeb\x8f\xc3$\x0a5\xb4\x97\xd4\xfc\xcc\xb3Xp\xdd\
\xcd\xa8m\x5cOn\x93y\xa7g\xaa\x0c\xc6\x00\x94\xe4\
E(\xe9\x17rK\xb8\xcf\xb9\x00\x22\x92-\xe8\xdf\xb5\
N\x1c\x89\x1d\xbfp\x152#&\x01\x15\x01\xc9\x83\xef\
\xaeD\xdeY\xd4\xdeY\x83^\xbbiUS\xa7`\xdc\
\xa5W\x02#G\xe9\x10@.*\xeda\xf3*TU\
\x90A\x88\x0d\xdb\xa0\xc8G\x91;\xe7S\x86t\xe5\x12\
,\xbc\xeb\xdbh\xfd\xe7\xb3\xa8-D]\x06a\x13\xd0\
\xf7\xad\xfex\xb7\xe7=|\xcb\x0f6\xb5l\x00Lu\
\xc64\xad\xc4\xda+\xcbg|8\xe3\xc6c\x8a~\xf6\
\xc1\xd8Q\x883T\xd3\x0f\xca\x9a\xc3\xa5$\xb8\x9cs\
(\xa1\xfc\xb3\xa1\xb02\xef\xe3<\x1c\xd5\xb3s\x05\xb4\
,x\x01\xf3\xef\xba\x03\xde\xd2\xc5\xc8P\x02+\x16\x16\
!F\x11\xa2\x98$D\x0f>\xc0\xb6{f\xe2\x01\xb4\
\xfa\x1e*\xa6\xcf\xc0\x94+\xae\x82\xab\x0d\x81\xa4\xec\x22\
q\xcd\xc9x\xb9F\xd2-A\xe7\xa4|>%\x007\
\xaa\x82\xb8\xb9v\xbc\xf5\xe7?c\xd9m\xdfEM\xcb\
\x06\x88\x06\xb1\x03!f\x15\x03+2p\xc5\xf1\xa7\xda\
\x7f\xe8H\xbe-\x13\x8b7\xd6R\x9b\xc5\xa0\xa3\x0f\xc3\
\xc8O\x1f\xa3?U\x03Z\xd8\xc6\x00P\x12!\x12\xb7\
A\xbb\x0c\x1d\xfa$\xee\xc8\x11\x98\xf8\xa5k\xe0\x8d\x19\
\x8b\x0c1\xcb\x94\xb1A\xdb\xe6\x22B\x9c\xb1R-?\
<\xca\xee\xea\x87\xe9f\xa4\x11$\xcai\xd7o\x03\xe6\
\xdd}\x17\x9a\x7f\xf7\x04\x1ara\xc9\xa3L\xce\xb4\xd1\
\xb0\xf7\x9e\xcb\xbf\xfb\xd7;3\xca\xf7\x16\xae\xdb\x95\x97\
\xbe4E\xdd\xf5>\xb6\xacm\xa8\xfb\xd7\xca\x9b\xfe\xaa\
\xe4z\x1d\x03\x1bc\x87\xd2\xd3\xcfY{{\x1d:\xf6\
w\xf7\xd8\x0d3\xce9\x1b\xce \x82\xb7\x06\xe9\xca\xb4\
\xaa\xe4\x1b\x9c\x12(o\xf2\x0f\x89C\xad\xde!\xd3\x0e\
\x1a\xaas.@\x87-X\xf7\xb7?\xebM\xe1;\xa8\
]\xb3\x96C\x04\x18\xc4\x9d\x18\x00\xcb\xc3\x93\xa2\xf3\xab\
\x0fq%\xddS\xb1)l\x08<\x8c8\xe8`\x8c8\
\xf54Du\xfd\xcd\x95\x16$\xc9\x1d\xcb\xdc\x8fl\x18\
P\xc6\xccM\x90\xb4\x8c\xe6#\x06\xed6\xacx\xec\x97\
x\xe3G\x0f\xa3\xa6\xbdIh\xd8\xf9\xb4\x96\xc6\xad\x98\
\x03\x90|\xbdbj2\x0a\xe7\x03\x92nwdS\x8f\
v\x9a\x84\x1d\xce;\x1f\xce\x88qzMW#_\xc8\
\x8b\x01p\x8d\x07\xc0\x00\x04\xb2(\xda\xb2\xb5\xd6Vc\
\xdau\xdfD\xd5\xe4)\xc2kb`\x9e\xe9\xee@\x5c\
\xb5\xc8\xc6D\x8et\xfb\x91\x01\x88\xc9\x08x\xa6\x1f@\
\xc7~\x8b\x1e{\x18k\x1f|\x04\xfdZ\xdbQ\xb4\xee\
j\xe3\xd1\xf8O\xde\x92\xb7\xf9a5\xe7\xdc\x12\x07\xb5\
\xb8M\x17\xf4\xa4\xed\xa8\xc9b\xf4\x11Ga\xd8\xa1G\
B\xd56\x18\xcc\xbe\xc5v\x14\x17CI\xa1GJ\x8b\
\x06k\x1a\xfa\xb2\x0b\xd1\xef9\x9e\xb7\x8b9\xa9\xe5\x0b\
\x15}\xecJ\x1c\xcbj\xe5\x9e\x9e\xc4z\x87[\xf9\xe3\
\x07\xf1\xe6#?EM\xa1\xc0\x9f\x11J\xf2\x825S\
F\x10\xa5\xb3\xc9\xb6\x86\xcc\xde_\x91\x98s\xebL\x1c\
\xca\x8b\xac\xab\xcc`\xf41\xc7b\xe4Q\x9fFTQ\
m`J\xf9$|!\x03\x10'\x02\x1e\xe5]\x89\xd5\
Td\x18vG\x1b\xe6\xde{/\x1a\x7f\xf58j\xb4\
7\xe0\xd1w\xf0&\xeb\x9bg\x18\x1b\xe5'\x950\x12\
K\xe8\xed2\xb9+\xf9\xd6\xeb\xab\x02\x8c8\xe9h\x8c\
\xfa\xc4Q\xc8\x07u\x22`\xe4\xfaV\x1e\x5c\xdc\xf4\xd8\
\x11\xebJ]F\xcd\x15\x15\x98\xf6\x95/\xa2z\xd7=\
X\x91V)UT\xf7\xe94\xf4\xd8\xf8gei\xa4\
\xcc\xa42\xf5_e\x18\x15\x89G\xde\xa7\xb6\xe0(\xc4\
\xab\xff\xf7\x14V\xdd\xf9m4\xbc\xf5\x16k\x128\xfa\
\xbb\x18\xaeh\xd1M&\xadI%D7)\xaf\xa4-\
\xa9l-\xc7\xb07\xbbO7\xafon\x03\xefj\xfc\
\xfarc\x83\xd4\xe9\x93\xafP\x8ea\xe9\x05\x8b}\xe4\
\xf4\x02\xce\xd5\xd7b\xf2\xb1\x9fC\xbfC>\x01\xe5\xfb\
\xe63D\x1b\x16HbP\x15\xf4\xe2\x96\xe7D\xf5~\
:<\x13\xeb\xc7N\xe9\xe2,\xf14L|X\xac\x8e\
{\xa6\xd6\x1d\x19rR\xbdk\xbe\xf9\x06\x96\xdcy+\
\x9a\x9e\xf9\x1b\x1aB\xc5\xcdJ,\x95\xe6\xc9\xfb\xa49\
\xcdC\xa2\x8b\x07I2KWc\xccMM\xa1\x17\x09\
\x07eJ\xb2\x8c\xe22\xdd\xb8\x5co\x17U\xe9A\x1b\
b\xe3\x80\x06L<\xf34\x0c\xde\xf7@\xc4\x84\x01 \
\xa3\xa6B6\x00\x9c\xffp\xe3\x92\x90\xc7I\x0f\x0f1\
\x0dRa\x143\xd2\xcf]\xf7&^\xba\xe3ft\xfc\
\xe5\x1f\x82\x9ae)v\xe9\xb1\x10\xfa6\xbd6(\xe4\
p\xe4ge\xd0\x92\x94V\xf3\xf4\xf3\xea\xd0\xe3\x96\x1b\
;\x02\xbb}\xf3\x06\xb8u\x03\xf5\xf8HW.ku\
\xce\xdb\x8b\xca\x80\xa2\xcc\x13\x81\x0b\xbf\xf0\xf5\x0e\xdd\xac\
\x1f\xf8\xc83O\xc1\xd0\x8f\x1f\xa6\xdf\x9cM\xea\x8b\x9b\
\x9a\xcf]\xe7-\xec`\x1a\x82\x09i\x0eQ\x9c\xba \
\xe5\x18b\xa4h]\xba\x14s\xbf\xf6U\xd4\xbf\xfe\x1a\
\x87\x19N\x9c\x91D\x0a\xb7\xa6:\x02KUT\xc7\x8c\
\xd8\xb5r\x8d\xc5\xebT\x97UH\xd8Z\xcbq\xb3\xca\
[K\x9d\xab\x1c%\xb6\xae\x9b\xef\xee\xe1\xec\xdd\xd4\x93\
\xcb\xcesl\xc2\x8e\xa4\xbf\x15\x93\x9dw\x12\xfb,\x8a\
\xb3D B\x1dz\xfa\xf9\xe7\x5c\xc5\xbd\xee\x18<\x08\
3\xae\xf8\x02\xb2\x93&k\xcfP/|\x8a\xcb\xe9}\
z\xa2S\x22\xd7\x8f\x8b\x88?\xcf\x18\x91NF\xad\x9b\
=#\xf9\x15\x97\x9e]\xf3\x19\x11\xd2\xa4\x12\xb1\x1b\xe6\
\xd1\xb2\xe0E,\xfe\xde\xb7\x81\x05\xf3Q\xc1\xcd0\xa6\
OA\xf4pL\x85A%\x1c\x06L\x84\x12\x05<7\
b\xaf\xc0z\x89\xa2T\xbc\x09\x03\xd0\xe5\x91*\xd3\x92\
VZ\xb2Or\x15]\x06\x99\xe2\xf4\xf6q\xa31\xf9\
\x9c3Q7s7\xfd\x9d\xfa\xbb=i\xbcrb\x8b\
\x9c\x8dMS\x96\x93tk\xa6z\xb6\xb4x\xa9?&\
\xa8\xe0U\xec\xae\x5c\x8a\xf9\xb7]\x8f\x8e\x17\xe6!\x1b\
J\xb7!\x8d\xbb\xe5o\xa4\x1c\x89\x17\x89\x86\xa40\x12\
\xd15\x88\xa23%\x01\xdf\xaa\xf21\xe9\xc4\xe3\xf4Z\
>\x0a\xb1>g\xa7\xf5\xc9\xf2\xe0\xcc&\xa3Xy\x86\
.\x98\xd4{[\x03\x1f5G|\x1c\x93O\x99\xa3}\
\xf7\x0a~P\xe5\xf4\xeb\x94Z\x7f\x18k\xc8\xc9\x09\xfa\
\x16\xea\xf0\xa2\x0b\xd4.\x9ejm\xc53\x97^\x8c\xaa\
eK\xb8\xd4\xe8Q\x7f:}\xde%A\x898\x01\x0d\
\xb1\x07\xd0\x83\x01\xd8\xa2\xc5\xb0\x15\xceQ\xfc|\xe7\xd9\
\xbfq\x06\xa3\x1c\x14Sy\xd9\x81M_\xa0\xbc;v\
\xac\x0a\xb1\x89Qi\xfcI\xecS\xef(\x8c'\x0f\x5c\
\xb4\xe8\xbf\xeb\xf7\xdd\x07\xd3O:\x05j\xe8p\xfd\xe6\
J\x94\xba\xf0\x8cFs\x04\xf3\xe1\x99\xc7\x92v\x9eX\
W\xb5X,4\x1e\x1f\x95\x9cs\x1dh\xfa\xdf\xff\xc1\
\xf3\xdf\xb9\x05\xb5m-\xa8,dd.\xb9\xd2e\xca\
o\xa3\x89\xee\x14\xcc'\xc9\x90\x04\xc9\xeb.'\xe3\xd2\
;\xdeE\x03\xa0\x8cq)\x8el\x22\xf4Qb\xdbh\
\xc5\x843\xa7a\xe6\xc5\x17\xc2\x1d9\x9e=\xa3\x22\xee\
\xc5z\xaaq\xa7\xc4\x5c\xda\x83[\xa8\xb9\x81\xd3G\xa4\
\xe3\xf4x\xd1\x5c,\xba\xed\x06DK^\xe1\xe4\xa8\xf0\
s*C\xdb\xee\x18\xdc\x05}\xd2KX\x9c\x19{A\
\x0d?d\xccgL\xc5\xd4\x8b.@\xe5\xa8q|\x9d\
\xa5\xa1<\x1b\x00e\x0c\x80\x90v\xe9A\xd0nWN\
{\x00\xf9\xddv\xc1\xec\xab\xaf\x86\xaa\xa8d\x03P\xd6\
\x1c\x03:\xb9S\x82\xea\x96\xd8\xccuM\x06\x9a\xca\x8b\
\xda\x08,\xb9\xfe\x1bh\xf9\xf3S\x8cL#\x9a\x22f\
<'\x95\x99\xc0\xe1\x87-\x06@%\xe1\x80M2m\
\xda\xd1\xdex\x0bJ\xbfP\xbak\x01\xe9KO\xbc\x9b\
\xf3\xab\xcd\xa5X\xd2\x19\x80t)\x13+)Z|\xbf\
g\x0c?/\x01\x0a\x05\xf4\xee\x9f'\xe4\x86\x9e@m\
\x15\x01\x06\x7f\xe4#\x18\xfb\x99\xe3\xe06\xf4\xa7\xae\x1d\
\xc4Q\xc8\xa5\xdd\xd8\x11\x03\xc0\xe5*\xcb\x00U\x8e\x01\
0H?n\xffu\x0ct\x88]\x0a2H\xedX\xfe\
\xa3\xbb\xf1\xf6\xcf\x1fEuk$j8\x0cyu\xf9\
\xbd\xf4\xd9 .\x98d\x1b\x0cf\xc0\xe3\xebp\x93\xb2\
c\xf1\xdb\xba\x13a\xed<3D\x05\xb7G}\x81\x12\
\x03@%5g\xff\xf7a\xc6E\x17AU\xd7q\xa3\
\x9b\x8a\x0a\xdcA\x19\x99\xcd\xd23y5\x19\x93\xf43\
F<\x22\x09\xcc\x89b\xbd\xf5\xb9\x7fb\xe9\xcd7!\
\xb3\xfam\xb3\xd0\xc5\x00\xb0\x07`\xef\xc0)\xba\x0fd\
t\xfcX\xca\x80\xed\x03\xea1\xe2s'b\xc8G)\
\x8cs$,/\xc5\x1c\xcc\xdf{7\x8a\x9aL\x1f\xb8\
\x9bh\xd2\x13}\xd4\xfa\xd1\xa3\xb0\xef-7\x22jh\
\xe0v\xce\xb4\xcb\xa8k\x08`\xd5l\xf9;<\x03p\
\xa0\xc9F\xa7\xc9\xe5\xd0\xf8\xc8\xc3\x98\x7f\xdf=:\xde\
\x8b\x04G\xed\x0a\xd9\x81`\x9c\xbdD\x029\xb1\xcc\xef\
\x09\x89n\xe1\xb1\xb1\x01\xe0\xe9\x1f\xcb.N5\xe8\x88\
\x0bZ\x8a\x93\x7fy=g\xda\xfb\xd5c\xf2\xf1\xc7c\
\xc0\xc1\x07\xe9\xf8:\xab\x9f]\x96Q\x84\xb1\x13\x17\x09\
':=\x9ft\xd0a\xdbY\x0fV\xa6\xf6\x84;B\
\x09\x18\x86\xae\x22\x5c\xb5\x02\x8b\xee\xba\x13-\xff\xfc\x17\
jc#\x96)\xe2\x05\x86\xda<\x84m7\x17\xaan\
\xbf\x04\x83PF\xe7 \x0f\x84\x11\xd8p:\x8fK\xe9\
t\xb3)\xcc\x0e\xed\x1d\x0d=\xe6\xb3\x18r\xecq\xda\
\xfd\xf7\xe1\x13\xe8\x8dT\xaeck\x00Tb\x84$\xfd\
Q\xa6\x01`o\x87\xd6\x5c\x0eo\xfd\xcf\xef\xb1\xe2\xf6\
o\xa3\xba\xb9\xdd`7J\x18\x87\x94\x9bl\x90Q\xa2\
F,\xdd\x879m\x18\xf3;\xef\x84].\xbc\x1c\x18\
:\x1a\xae\xa7\x04[P\xfa]\xe4\x01\xc4\x86%\x94n\
\x8f\x19FC\xc5d\x92\xeb\xfb5`\x9f\x1b\xafC4\
~\x1c\x90\xc4]\xa5#\xd6\xf3\x8ed\xff%\xdah\x06\
G\xc0\x08I\x89[\x94\x9e<>AM\xb5\x07\x90{\
\xf6\x9f\xf8\xd7\x97\xbf\x8c\xc1\xadm\x9c\xf8\xd0\xbf`H\
\xa5\xeb\xa2(\xafl,\xb8\xfc\xff\xbf\xd4\x00\xf4Y\x12\
\xd0I\xc6\xd2N\x07>\xad^`\x02\xfb\x8e\xb9$\x98\
'\xbavWv[\x06\x0a\x8d\x1c\x8a\x19\x97^\x88`\
\xf2LD~\xad\xd9\xdd\xc2\x12\x17\xd9M\xf5|\x8a\xde\
\xa1b\xcc\xbft\xbeQ\xcd_\xa8.\x89\xc9\x90\x80,\
>e\xa9\xdbr\xc8\xcd\xfd7^\xbe\xf36x\xaf\xbe\
\xa2c\xe0\xc8$\xd9\xc4\xf3\xc8\xf9\x92\x04\xf3Uq\xc9\
r\xd8\xa8D@S\xa5u\x5c\x8d\xd1\x11\xe9\xac\x92R\
\x1cJ\x5c\x7fS\x9f'\xea\xb5\xc6\xaa,f\x7f\xfeJ\
x{\xbdO\xc2\x1fW\xfa\xec){\xaall\x0e$\
\xe1j95\x00\xdbL\x0c&\xe2m\xc3k\x0f<\x80\
\xd7\x1fx\x04\xb5\xf9P\x0c\x10\xe7\x16,Y\x8a\xc3F\
;\xe4\x86\x1f\xa1\xee\x8f\x95\xe8\x11\xb4V\x06\x18y\xe6\
\x19\x18q\xd0'\xb4\x91\xaab\xaf\xda\xe5\xf8\xba\xe8\x19\
9\x0b\xc8\x00p2\xc5\xa0\x96L\x9c\x1d\xea\x13\xe7j\
k\xb1\xd3E\xe7hWg\x1f\xfd\xce\x8a.\x06`\xd3\
\x0f8\xb9\x19eA!\xc5\xc1\xb5\xca\xa9txz\x92\
\x85o\xad\xc6\xf3W\x5c\x81\x86e+L\x19J&\xa7\
\xa7\x8a\xfa\xea\x0c\xb10\xc2\x8b\x9d\x95m\xd17\x8b\xe2\
?\xed\xd8d\xa1\xa2s\x12\xb0\xf4yqa\xd0\xe0\xf4\
mi\x8f\xd9\x1at\xac\x9d\xd3!\x997k\x16\xa6\x9c\
v\x16\x82\xb1\x93\xf4\xe2\xca\xb2 (\x11\x7f\x84\x8c\x16\
\xf0\x8d\xb7\x17#\xcd\x83\x11\x03\x10\x0bZ\xd0\xf1\x13\xe9\
8\xa22\x83\xfe\xc3Z\x05\x94\xfc\x0b\x0bX\xf7\xbfO\
`\xfew\xee@}S\x13\x9f\x99J\xca\xf4{\xe6A\
\xa4\xb6Y%\x95,\xc9K\x08\x89\x08o4e\x18\x00\
\xa0\x14vl\xc7\xa3\x04\xd9j\xa8\xccs\xda8n\x18\
:\x10\xfb\xdfr\x07\xc2\xfa\xc1p\x03\x87\xb9\x17\xc9\x10\
\xf89\xe9\x9c\xe4\x0a\x809\x97B:\x1c\xadE\x1d\xf0\
|\xa7\xdd_\x1b\xc7\xa8\xf5m,\xbc\xf5v\xe4\xfe\xf4\
7i\x9b\x87\xcdqH\xc9\x9e\xbd\x9d8fo:t\
\x84\x09\x9a*\x14\x85 @v\xeadL\xf9\xf2\x97\xe0\
\xf6\x1b\x0c\x22\x8b\x8d\x13\xcd\xb2\xa8\xb3\x01\xe0\x97x\xb0\
\xc4\x05\xe7\x81\xa0ZnE\x05\x86}\xee\x18\x0c\xfe\xd4\
Q\xfa\xc4\x15pR\xa2\x017\xaa\x02t\xf9\x9d\xd8\x11\
\xd9'\xf8\xc15\xae\xc5\xd2\xdboC\xee\xc9\xffe\xd4\
a\xde0\xc6zq\x94\x18\x00\xba\xe1\xd0\x91\xcb\xdb\x0e\
Ha\xb6\xebc\xf3\x95\x04\xb3\xc3\x94\x18\x80\xae{v\
)\x1a\x83%\xbd\xa2<|\xed\xbd\xb5UT\xa1\xfe\xe0\
\x0fc\xfc\xf1'3\xb58%\x99\xa8zL{7k\
\x0a\xa82d\xb0\x8cP(W\xbbM+:\xab\x1cQ\
>\x81\x92\xc6T\x1a\xa4x\x9et\x0a[6`\xf9\xbd\
\xdf\xc3\xfa'\xfe\xa0\x17\x99\xd4\xc1}*\x1b3\xd8\xc0\
rMD\x06vL\xd0W\xb7<\xfa0k\x00\xacW\
d\xab\xcdJ\x12\xa3\x8ai\xd6\xc1\xdd~\xb9\xac\x8f`\
\xcf\xdd\xb0\xd3%W\xe8\xf8\xbf?\xe7?B\x22@\xd1\
\xab0\x933d\xaafC\x958\x1de0\xf7K\x08\
F\xdf\xc7D\xaf\xeb_\xc7\xbf\xbf|\x0d\x82\x97\x17\x8b\
\x8a\xb6\xd9@\xdd$\xa7!\xfcA\x04\xe4\xa3\xce\xc0\xd0\
\xd0\xaf\xb54\xd4c\xecq\xc7b\xe0\xc7>\x0a\xa5\x9f\
\x93\xca\xeb\xf3Q\x05 \x92\x04ng\x03\xa0\xe4\x82\xa5\
t\xe2\x8b+\xc48b\x1d\x10|\xf0\xfd\x98z\xde9\
@e\x1d\xd2\xc2\x81\xbb&\xa4z\xb8\xcd\xe4]\x84t\
Z\xfd\xcb\xc7\xf0\xda\xdd\xdfG6\x9fO~\x17\x18\xa2\
\x12\x1b\x02Dn\x92\xefM-\xb7T\xae\x83\x90N\xc4\
\xb3\x17\xe8\xa4\xb2\xc4+\xbb\xbf\xf6\x8d\xee\xa5\xb7\xdeO\
\x89\x01H0\x01\xe8\xbe\xdeM\x87U\x91\xa1\x1c\x81\x9e\
\xe6\xd8PU\x89\x19'\x9f\x8c\x86\x8f|\x04Qe5\
\xa7\xa4\x18%@5j\xcf++@\x93\x05'\x9b\x0e\
\x89\x86\x8a\x0b/\x99\xee\xd0\x15\x00\x99\x17\x91^E\x01\
\xce\xeb\xaf`\xe1\xf7\xbe\x8b\xf6\x7f<\x8f \xcc\x0b\xe1\
i$\x9a\xd3\xdc\x09G4\xe8nl\xc80\x9c\x8d6\
\x8aM&r\x13\x03\xa0\x92\xc4\x9ah\x22\xd82\x9e,\
f\x22\xdfh\x0e|L8\xe5d\x0c\xfb\xc4a:j\
\xa9\xe6\xa5\xc8i\x09m \xfd\xd0\xd0x;E\xe3V\
\x1c\xe8t#C\xcd;\x04\xcbv\xf5\x06XX\xb9\x18\
O_r\x19\xfa\xafm1\xc4(\x96a[\x96\xbf2\
\xcd@\xc4\xba\xcc\xb2_^\x06y}\x1d\xde\xae\xb31\
E\xbb\xff\xee\x88Q\xda\xf5W\xac\x14%\xd1\xb5\x87R\
X/\x1b\x00\x18\xea\xe1\xd0+0\xc0\x82\x5c1\x12\x99\
\xf4\xb5E\x0bg\xed\x84i\x17_\x02w\xd00=\xc0\
\xe9\xec\x98u\x99\xba\xba\x98=\xcdUJ\x086\xfd\xeb\
\xaf\xda\x0b\xb8\x19\xee\x1bo\xa1\x92\xa0\xa7\xe4\xc7\xd0\x84\
Pb\xe5\xc4\xc2\x8bUM\xeb\x89lw\xc7V\x0aW\
\xca6r&\xc64\x98\x9c\xce\xbb}\x17#`\xe3X\
).\xe9\xe0\x90\xaa\x0341G\x8d\xc4D=\xc1\x1a\
v\xda\x99w\x18\xee\x83\xa7\xda\xb5\x1f\x08\x09i\xca\xc3\
\x22\xd6\x1c\xdb\x14`\x1da\xb6\xf4.\x97\xc1\x02\xed\x1d\
P\xb1/K\xd4\xe2/\xbd\x80\x85\xd7\xdf\x82@\x87\x8d\
\xdaWd\x94[V\xaf\xbe \x92EZ\xf0\xc4S\xf4\
L\x22,\xf5L\xb1aj\xa9\xfbo\xc7&\x12\x1e\x03\
Z\xe4\x94\x10\xed\xa8\xab\xc6\xb4+\xaeB\xdd\xec\xdd\x00\
3.l\x22\xcd-0\xe8\xcd\x15q\x16\xc5|\xcb\xdc\
\x98\x8b\xb4\x06\x80\x165\xe3\xaa\xb4\xd7\x15\xfe\xe3\xff\xf0\
\xcf\xaf~\x0d\xfd:b\xc6\xcf\xc4Vh7)W:\
\x89A\xa0$$\x91\xf8\xb65\xd4j\x03u\x0a\xfa\x1f\
\xf8\xe1\xa4E\xd9\xd5F\xab\xa0\x7f\xef9\x8e\x81\xf5\x9a\
\xe7;\x7fO\x82\x02K\xccB\x06\xc05\xa0\x0bZl\
\xdaf\xa0y\xecxL\xba\xe0B\xd4N\x9b\x81\xc8\xa0\
\xc1\x9c\xaeK\xba\xe4G[/\xb5\xcc\xe6\x89K\x85\x22\
\xd0w#\xa0\x05\xc5z\xaf/\xc5\xdc;\xbe\x89\xfc\xb3\
/\xa36\x0a\x18\x17\x12y\xa1\xb9I\xab\xb9\x1e\x9b\xef\
~\x97\x1a\x80\xed\xe4\x88Q\xe4\xadKD@\xd1s\xf9\
\x8ej\xca4yb\xbd{\xc4\xbe\x9e\x9ca\x8c\x5c\x90\
Av\xd6\x8e\x984\xe7T\x04\xe3'\xea\xa5\xe9qy\
7\xa6$\x9d\xd9(\xec\x5c(=J)\xaa\xed\xe6\x90\
\xec\xd4\xd6\x08p,K4d\x81P\x00\x12/\x001\
\xe4\xe8]\xd1ko\xc3\xdb\xbf\xfe5\x16=p\x1f\xaa\
\x1a\xd7#\xab\x0d\x0e%\xad}\xe5\x19D\xa2\x016\x8b\
x_z\xc3h\x90\x8a\x12\xb3\xdb\xb11\xad\xbc&\xe1\
F\x5c\xfa\x84\xaak\x982\x19c\xce\xbf\x04\x980\x9e\
\xb2e\xfa\xb2\xb3,wF\xdf\x19\x19\x22T\xaa\xa1d\
\x98\x5c5\xcb\x08[\x0b\xb6K\x03\xfe$\xfb\x19\x04\xfa\
~\x0a\xedX\xf3\xc3{\xb0\xea\xc1\x87Q]\x90'\x17\
\x9b\xc5\xc3O\xd0\xc0\xab\xa9Z\x93!\xc5gm0\xda\
\xf4\xe7\x22m\x94g\x7f\xfe\x0a`\xc0@\x84\xa1T\xd5\
X^\xcc0\x0d\x97\xd6\xd0\xb5\x01\xd8\x8d\xf3$B\xe0\
HVJ\x92+\xf6\x11\xae\xd5\xd6d\xdcYgb\xe8\
\xfb>\x88(\x931u\x10\xcax\x1a+m\xb2\xfc\xb6\
6\xcfnn\xc9\xae\x92d\x88K\xee\xb044\x93e\
\xad-x\xa1\x19\xf3\xee\xb9\x13\xad\xbfx\x1c\xd5\xed\xfa\
A\xb3\x09\xcc38\x89w,J\x0a\xd9\x13\xf6\xe8\xa3\
\xbf\x13\x19\xc1\xde\xc0\x82\xd3\x9es\xeb\xdcO'\xd8\xab\
}\xa1\x87#I\xe2R9PE\xbc\x10\x02\xed\xe6\x17\
\x22q\x85\x07\x1f\xf8AL<\xf5T\xa8\x86\xfe\x5c\xd0\
S\x86\x0dWB)\x17V\xd9F\x90tq1\x89k\
\x16\x9c\xbd\xa2\x044f\xcb\x8a\xcc -\xb3\xd0q\xa4\
-\x96\xb8\xf2\x5c2.\x1b\xde\xc4\xab?\xfe!S\x8b\
\x07M\xed\x0c\x97\xe5]\x9a\xabb\x86N;\xe1\xe2K\
\xfb,\xe4\xf7\xa5\x0a\x15\xc2\x95)\xda{\xb1\xf60\xc2\
\xc0\xc1\x06\xfdg\xf8\xc1\x87`\xdc\xe7NBL\xa4\x9a\
J\xd6L\x5c\x10\xa3\x13{\xb1\xa4\xd1\x08W\xcb|]\
\xbe\xc1\xd0\xa4(IZ\xaf\x99J\x9dz!\xa3\xbd\x05\
s\xaf\xf92\xf0\xb7\x7f S\x90\xdfE\xae\x94^\xe5\
\xb9%)J\xf8T\x92\xd5\xc6\xa9\xa9\xb6\x1aS\xce\xbd\
\x18\xf5\xfb\x1d\x80\xd07\xf4{\xdc\xce\xed0b\xb0k\
 \xe2,\xd8s\xb6\x92\xf8I\xdc\x1bz\xc0\xa4\xe8\xe2\
\x17(\x93\x12`M\x10c\xc21\x9f\xc2\xb0#\x8fA\
TUk\xdc\x8d\x88\x0d@\x1c\x1b\xe8\xa6\x12\x9eTA\
\x84\xb9f\x91\xabN\x0e\xc2\xa6\x96\x08\xbbqq\x0e\xcd\
\x7f\xff+\xe6^w3\xaa\xdbZ\xf8b\x03R\xb7\xa5\
\xde\x00*w8yc\x00\xbc\xf72\x80\xdb\xf2(\xd9\
\x9dm\xf7`\xc8\xde\xa2\xc3\xddfm\xd5\xda\xdd<\xf1\
\x04\x0c9\xe4@\xc4\x15\xb5l\xcc=\xcb\x03\x11Ye\
\x1b\x93\x1cD\x94$\xb0<\xbb\xe3\xca_%\xb3\xd2\xfc\
\xc3\xe2\xab\xedaB\x05iq\x0fQX\xb6\x08s\xbf\
}'\xa2\xe7\xe7\xa1\x9a\xa2\x8f|N\xbf.\xed\xb8r\
\xb9\xae\x89\xbe\xd3g\x01-\x1aV\xc04\x16f\x1c\x89\
PJ\x98A\xa4\x17\xff\xda\x86jm\xf0N\xc3\xd0\x03\
>\x80(\x9b)\xd9\xd8\x8a(\x19kU\x8b\xde\x8f\x93\
z\xce\xca\x86\xa8\x03\x07*#\xae~\x03\xff\xfe\xf2\x97\
Q1\x7f\x01\xe7_\x08dD=\x0e\xb1\x819+\x93\
;\xa1\x10:C\xb9\x09\xbd@\xaav\xdb\x03\x13\xcf\xbd\
\x1c\xce\xe0!&\xa7\x12\x9b\xbe\x09\x8f\x7f\x8e\xed\xd8\xda\
+\x9b\xbf\x97p\x02Z2\xc1\x98\x1f\x0e%3\x1cn\
\x00i\xf4\xb5\xcb\xb3\xfb,L\xb8\xe4\x0a8\xf5\xfd9\
\xa1@\x89\x04\x02\x0fQR\xc1\x02u\x1c\x03\x0dM\xac\
\x92SF\xff0}\x22\xca\xc1ii\xc6?\xce9\x1f\
Uo\xbc\xae\xdd\xce\x82\x99\x1e\xbe\x81hF\xc5\x9d\xa3\
\x07TbwI3 \x95\xe1\xddD\xb2\xcdF\x5c\x9b\
C\x1ev\xf7ZoP\x88i\xaf2\xfd\xfb\xbb\xbd\xc6\
n\x92\x9d=\xdd\x0b\xd3z\x99dX\xec\xd8d\xac \
\xf8\x0a\xda@G\xa3Fc\xec\xf1\x9fE\xc3~\xbb\xeb\
0\xb1J\x88<<G\xdc\xceH$\xe2\x22\xd7I\xea\
\xd7\x8c\x0a1\xc9\xdd\xd8M?O\xc4\x13\xd4\xbb}\xd8\
\xaew\xd7\x10\xf9\x85\x0b\xf1\xd25\xd7\x22\xf3\xe6\x1aT\
\xba>#\xdfX\xd9\x22,\xc0\xb6\x00\xf4$\x1c\xd35\
!\xc8U0\xca\x1dPk\xb2\x11!\x09=)-:\
\xacU\xa0ch\xed\x95vL\x19\x8f\xd9_\xb8\x12\xce\
\x90\x11\x8c\xff\xef\xeb\x83G\x870\x10a\x1e\x8d\xffz\
\x06\xcbn\xbb\x05\x95\xaf\xbf&P|X\x96\xa1\x88\x1b\
\x9f\xac\xd0\x07\xe5_<?F\xd3\xa0~\x18{\xca\x1c\
\x0c\xda\xf7@\xa8l\xb54'9\xd2\x14%\xbe\xc0\xc6\
c\xcd\xcd@\x96\xb3<v\x8a\x19_?\x12\x98aG\
\xc6E\xdb\xe0\x01\x98}\xd3\xcd\xc8\xd0M\x93'\xe3\x0b\
[\x09g\x17]\x19\x04\xc7X^'\xc90\xab\xcew\
\xb5)W,\x96\x09E\xdc\xe7+o\xbd\x15\xaf\xff\xfe\
\xb7h`T\x95\xc5\xab[>8+\x22\xda\xd5\x00\xf4\
\x8d\xab\xfc\x1e\xa4\xa0\xe40\x83\xc1K\xc0\x91\x12\x1fo\
\xeaF1\xd8a\xfe\x08\xf0\xa4l\xf3+\x11L\x99\x88\
\xa9\x17\x9f\x0ew\xd4x\xfdxj\x85\xb6\x8avO\x1d\
.P\x19O\x12\xc8\x96\x1a\xacH\x18\xea$\xaaC\x9b\
\x82_\x1b9.\xda\x95\xc9=6 \x1b\x12\x98}\xfb\
W\x8fb\xc5\xc3?A\xf5\xfafxL\x7f\xebp\xa2\
\xd2\xca\x9b\xa7\xbd\xd5\xc8\x88kd\xf4\x7f\xfcH\xf0~\
\x94P\x94\xe65\xc9\xb6\xb7i#3\xf0\xe3\x1f\xc5\xe8\
3\xe7\xe87V\xd1B\xd8\xe8J7?\xa6\x9b\x0a\xef\
Tr-~\xae\x1d+\x7f\xf1+\xbcy\xff\xbd\xa8h\
\xda\xa07\x7fj\xc42|\x0a\x108\xb4\x0dQ\x22=\
\xb6\xed\xda\x00x\xfb\xee\x81\x99\xe7_\x08\xa7\xba\xbf6\
\x80\x15,\xb4\xa2\xac(O\x12\xaa\x97^\x03\x88\x16\x5c\
\x0c@\xc2(j\xa2C\xc6y\xd3\xc9\xf5n\xbfN\xbb\
:\xb3\xbf\xfa\x15T\xee\xbc\x8b>q\xc0\x80\x08\x97E\
>\xac\xf0\x81\x9d\x14E\xcb\xaeJ\xf8\x007?0\xda\
\xef\xf0H\xfd$D\xf3_\x9e\xc2K7\xdf\x80\x01M\
\xcd\xfaax\xe2n\xbaB\xb1\xe4\x1a/ m\x12\xb0\
7\x0b\xbaWF \xc5\x87\xd2\x95\x17\xdf\xd9\xa3\xbb\xdb\
\xb0\x06@\x12u\x8e\xf1\x10\xa9\x0b0\x92\xdd\x9b2\xf4\
*@\xab\x9e\xa0U\x07\xed\x83\xe9sN\x07\xaa\x07\x0a\
\x82\x90\xde\xedQ\x84\x1c 25l\xf6$ba\x8b\
\x92\x0e\xc2\x18iu\xa7$\xa9,\xdd\x83\xc4\x87O\x92\
\xf5\xf1\xda\x95X\xfa\xc3{\xd1\xf4\x87'Q\x97#\xcc\
\x802\x14g0\xc2\x99\xdd\xcf\xc2\xae\x1e\x80\xcd\xae\xd3\
\xc2\xf2\x852I{\x00\xa6\x18\xc5\x10z\x85\xb5\x99J\
N\xaee\xf6\xddK_G\x90\x1a\x18W\xeeA\xe3\xea\
\xaf]\x8be\xdf\xbb\x07\xeb\xff\xf882a\x8e\x0d(\
u6\xfa\xb1mY6\xc6\x93\x1b\xb7\x5c\xac\xad\xc9b\
\xd6\xe7/Ef\xaf}\xe1\xb9:4a\xf1\x10\x97\x0d\
\xa1\x943\x95\x09\x9f;g\x01\x12\x03`\x13w<x\
T.\xf0\x8aw\xdf\xec\x07h8\xeaHL:\xe1\x04\
\x84\x95U\x88\xc2X\xc7(\x12\x13\x86\xb0FCN\xe0\
\x99\xbe\xe1\xb44\xc8\x96G^)\xd9e\xf2\xabW`\
\xd1\xad7\xc2y\xf6yT\xe5}\xe4u\xccC\x0f\x82\
\x5c0\xa6Gv\x8c\xd6\xdc\x16\x1f\x9br\xed7\xe7\xd8\
oNY>]\xc2is\xbf\xeb\xf5\xf7\xf4\xd2\x95\xe9\
\xae6^\xac\xe2\x98\x1c\x00\xef>F\x8dXO\xae\x02\
\xcd\x1d\xee\x84\xd3F\xa02\x83\x91G\x1d\x85\xe1\x87\x1d\
\x0e\xa7\xae\x81\xf7Nn\xde!hwl\x1b\xce\xe49\
G\xac\x19 \x06\xc0\xed\xb2Ul:\xdc\xf2%\x01M\
Y7\x83\xccs\xdfx\x15\xcf\xdcx=\xdc\x97\xe6\xeb\
9c\xbcY8\x9d\x0c@r\xceM\x9d\xdc\xdc\xa7\xfc\
W\x19I-Ib\xc6\xaa\x80\xfc\xe4)\xd8\xf9\xeak\
\xe0\x0f\x19&X\x81-B\xa4\x9b\x0b\xd9(\xfe\xa4\x9a\
\xbd\x1e\xd7%\xcb\xb0\xfc\xeb\xd7\xa3\xe3\x95\xc5\x5c\x8d\xa3\
^\x1c\xe2\xf6\x93\xf0\xc4\xe1p\x84\x10\x93df\xf3N\
\x06\xfe\xde\xbba\xba6Nae-<\x12\xf8ae\
'\xcf\xf4\x07\xc4\xc6\xe70\xbd\x16%\xdf\xe7\xcc3\xb4\
\xe0\x16\xbb`[v\xb9\x11A\x09\xbdp\x07e}w\
\xd9\x05\xbb~\xe1\x0a\x14\xfa\xf5C\x18:\xc8B\x14\x83\
\xc3\x12\xd7\x9ec\xa8H\x9a\x13\xd2\xd2 [\xeb\xcb\x00\
d\xda$\xc2V\xbc\xfa\xa3{\xb1\xfe\x91\x9f\xa2\xb2C\
\xe2MFR\x19K,\x92\xc8e\xc8!c\xfbp\xeb\
\xb7^>\xbf\xb7gM\xffYy\x02N\x02\x11\xe6\xd7\
\x0c\xf1\x84\x80\x9b\x84\xd5\x872\xe8m\xc3\x86`\xea\xc9\
'\xa0\xee\x80\x03\xa88\xa5\x9f\x97o\x12\xc6y\xae$\
0\x8a#\xb6(D\x99#\xe5\x09N\x19\xb9l\x03\xd2\
a\x0d\xa1H\xc7\xcb\xcf\xfe\x1d\x0b\xef\xb8\x05\x997\xd6\
\xa0\x82{\xe6\xddb\xcd9\xf5\xb9e\x99\xd8\x8f\xe5=\
\xe1!\xa2\xeb\x0f\xf57\x0d:\xf4P\x8c:\xe948\
\x95\xb5\x09\xa7\xd2\x16==\xe3I\xdb\x7f\xcb\x15H\x7f\
D\xcb\xbf\x9e\xc5\x92\xaf}\x03A\xebz\x10\x8d6\xad\
\x0f?2!\xb6\xfeL\x8e\xee\xdfW|]\x85~\x03\
1\xe1\xec\xb3P\xbf\xef\xfe\x88\xfd\x8c\xb0+\xd9\x9c\x0d\
\x92Tk\xd2lU:\xde\xc2\x07\xd0\xc5\x05\x8b\x9cb\
\xbd\xd6SbM;\x86\x0f\xc7\xceW^\x86h\xc6t\
\xed\xce\x05\xc8*q\xc1\x22\xb78\x97\xb8B\x10\xbb=\
\xd3 w3\xe7\xe4\x99\x1a\xb8\xaf\x22\x90\x89vw\x9e\
\x7f\x06\xf3n\xf8&\x825k\xc5\xf5t\x0d\xb7<\x8a\
\xd6|\xbbX\xd5\xff\x81G\xf7\xbeO\x5c\xcc\xed\xa0\x88\
oG\xc9{\x1dC)\xd6\xe6kC0v\x14f]\
\xf5\x05\xb8\xc3\xc6\x00\xd9j\xe9\x92S\xa19\x97\xf8\x11\
\xae\xe9\x03\xb0\x0a8i\xae\xab\x18C\xc7\xc5$\x22D\
3\xc0\xcf\xb7\xe0\xb5\x9f?\x80U?\xfb9j\xden\
D\x86'\xa3\x834^z\x02\x822\x892\xcfP\xe0\
sU\x8c\x92\x8b\xb4\xe1\x0cl\xc0\xb83NG\xfd>\
\xfbIi\x9a\x0c_\x1f\xccAJR2\x89\x08\x85Y\
\x9eA\xe9\x85\x1dx\xf3\xa1\x1fc\xe5\xfd\x0f\xa2\x82\x14\
\x95\x95\x88\xe7r\x0b=w\xca\x8a\x86\x22\xb1\x0fuT\
fQ\xb9\xef>\x98z\xea\x99\xc0\x90\xe1\xda{\x17\x0f\
\xd9\xe7zb\x0c\xdb\x92$HFi\x12*-\xc3'\
\x06\xa0t\xa0\x14\x8a\x0d\x11\xd6\x1a\x16jj0\xf4\xe4\
\xe31\xe0\xe3\x1f\x03\x82Z\xedb\x98F\x0e\xb7Xs\
\x15\x0e8\xdb6\x5cNvW\xf0\xcf\xf4\xb9\xb0\xa0\xc3\
\x8b\xe6ux\xe6f\xed\xd2=\xfd/\x04\xa1\x00(\xe8\
\x86(\xbesL\xa7Ujo\xfb\x1d9\xb6\xcb\x8b\xea\
\xf5a\xf6\xff\x12\x00WI;qr\x9bE<>\x19\
\x81\xda\x03>\x8cI'\x9e\xa4'\xe5\x10\xc9\xef\x90\xde\
\x9f2\xc9?GD?\x89\xb5\x86\xfa\x0c\xe2\x94+I\
\xa2\xcb\xd8(\x05;&\x1f\xe0H\x9a\x8eB\x82\xa67\
\xb1\xf4\xbe\xbb\xb1\xfe\xf7\x7fDm\xde\x18\x98\x14\x1e\x80\
\x9d\xefE\x03\x10'\xdd\x86J\xc7\xcd\xedA\x06\xc1\xde\
\xbbb\x873\xce\x803l$\xe7\xbe\xfa\xe2\xb0\xbc\x7f\
,\x98\xeb\x99\xb2\x05}w{\x13\x9e\xbe\xfa\x8b\xf0\x9f\
\x7fI\x1b\xb2X\xd8\x9a($Q\xe2\x99\xb3f+\xa4\
G\xa3q@?L\xbd\xe8\x1c\xd4\xcf\xda\x9by\x09\x89\
\xa9\x89Bt\x06Hq\xd8e\x9a\xa2\xd8\xbd7*\xc5\
%\x1a\x1c\xce\x82\xbdfK\x15\xdf\xec\xfan\x5c\xcc\x05\
\x14\xc5\x18\xf4\xc2\xf4]T\x1dt &\x9cz\x1a\xe2\
\xba\x81\xa2\x01O\x9f\xf1\xba\x14\xcc\xac\x01(\xa3g_\
\x99\xf6D\x02zx\x94\x5c)\xb4c\xed\xff\xfe\x01\x0b\
n\xfa\x16j\xa9\xa4\x13E\x8c\xf4\xf2\x22!\x13\x89S\
\xe6\x17\xde;\xfa\xe6\xb0\x11$\x1d\xae\x05\x06A\x12r\
Q\xa7PX\xe8\xa9(\x84\xccU\x0f\xc2\xa8\xa3\x8e\xc0\
\xe0#?\x81\xb8\xaaV\x7f\xc87\xecN\x96e7\x96\
\xfe\x08\xd7I\x15\x03XaY\xde\xfdc\xd7T\x87\x84\
2\x8e\x1ag\xc4\x8b\xcc#\xff\xcaB<w\xdd\xf5\xc8\
,{M\x87\x02!7\x16m\xfe\xdc\x9d\x0d\x00k\xf1\
1\x9d\x18x\xb7m\xae\xab\xc7\xf0SN\xc2\x88C>\
\x82\x90\xc0pd$\x9cr\xda{z\xf8^\xa5\x92\x16\
c\xbe\xb3X\xca\xa4\xee\xaae\xf8\xd3\xa5\x97\xa0\xdf\xdb\
\xeb\x11\x18\x0b\xcb\x85w\x8bRTR\x99h\xf3|T\
\xec\xb9\x07\xa6_z>P3\x00\xa4\xb8\xa8\xbc\x88\xd7\
\xa6\xefy\x89(ol\xee\xcfUn\x22\xad\x96x\x00\
\x04\x04J\xa8\x85\x1ca\x12\xb1\x22\x83\x91)\x0bRt\
W\xd0\x01za\xe2TL\xbd\xe0rTN\x98\x04\x15\
\x88|Sd\xda9m\x99AY\x98a\x19\x06\xc0I\
\xfa\xa7m/\xb7>\xef\xba7\xf1\xfc\x15\x17!^\xb1\
\x02\x15\xf4|\x19ji\x8cN\xf2\xc1-~\x06\x1b\xcf\
\x84-\x01\xeem\xe6a;}]\x06\xd8\x9a\x8eF\xa7\
\x5c\xa3\xcd\xb9\xc4I\x8bp\x82\xdc\xa3\xd9\xe1\xc0T\x82\
\xc0\xa5?vgc\xe2\x93\xa8\xc5\x949\xa7\xa0\xff\x07\
\x0f\xd2\xb1i%\xef\xa6B\x09\x1eu\xc2\xdc\x97\x03\xd5\
\x81\xf9\xde\xc4\x93\x88%\xc9e3\xff\xbe\x93G\xf3?\
\x9e\xc6\xfc;\xbe\x87\xec\xea\xd7Q\x19E)\xcek\xff\
v\x8d\x8e\x9f\xb8\xd1\xb4\x0e\xf2z\x9e\xb7\x8e\x1e\x83\xdd\
\xbfq\x13\xe2\x86\xfeP\x19!*\x91\xae\xba-OF\
\xdb\x1c\x00\x87\x01\xae\x84\xd5\xeb~\xf9(\x16\xdfy;\
\xea\xf2\x02\xe2\x91\xbaW\xcc\x82*\xbc\xbd\xea{Rz\
C^\xdf\xbf\x1fv\xb9\xf42T\xee2\x9bc\x7fV\
$b\x84n(\xb0\xe3\xd81\xf0d\x812S\x87$\
\x9c\xce\xde\xfeF\x06 \x88\x8a\x9a\xe2\x92\x05\xe5\x7f1\
.\x7f]M\x7f\xcc8\xeb\x22\xf4\xff\xc0\x07\x18\x13N\
\xa2\xee\xd2\x9d$q?\xb7\x83\xc2\xc4]e\x1a\x00\xc9\
6\x1b^9\x9ap\xed\xadx\xfd\x91\x1f`\xf9O\x1f\
FC\x071\x08\xfb\xe2x\x1a\xb6\xe0\xd28\xa6\xd3S\
t\xba\xfc\x5c\xce\x0c{\xef\xd8\xf80\xb9\x19q\xf7\x95\
\x01\x02\xc9\xafh\xae\xf0\x0e\x0cp\xcd\x9cYjh}\
\xeb\x9d\x09a\x8e{\xd2\xa3\x09\x131\xe5\xdc\xf3P\xa5\
7\x8fBPa\xbc\x87(A\x8d\x92\xbb-\x1e\xa3\xfd\
>\x93\x86\xb3t\xda\x9d\xac\xbd\x09@LIRv\xee\
X\xb2\xfd\x9e\x8b0\x22X\x92\xbe\xb8\xc6F\xbc\xf6\xdb\
_b\xd5#\x8f\xa0\xa6\xb1\xc5\xf0\xf5\x17'Dw(\
\x12\xe3\xdf0[5\x9d36z\x05\x1b*}\x8c\xa6\
\xca\xc6gNFH$\x9d\xbe\x10\xd5\x90\xb7Z6\xe5\
xI\xe2_~V\x89\xeb\xcf\xbb?\xfd{\xc3:\xcc\
\xbf\xed&D\x7fz\x12\x95\xfa\xfb\xf3D\x8d\xe0\x89g\
b\x15\x9dh\x1fi\x0a\x14\xea>\xf4AL<\xe5t\
\xa0a \xeb\x00x\xa6\xd3\x97\xae1&\x88\xb2\xf2E\
\xfa\xcdQ\xa6C\xd2\x85\xed&,\xf6\x02\xe8\x10\xc0<\
g$\x8d\x19%\xcd!\x96\xc6\x99\x8cD\xb3\xeba\xe4\
A\x1f\xc6\xd0\x0b/b\x1a$\x86v\xc4q\x92\x03\x88\
\x8d\xa6\xb9\x9c\xbf\x1b\x19\xa7\x1e\xaak\x8e\xc9N\x12\xa9\
\x82$\x03\x03\xc1\x04,x\x06\x0b\xef\xb8\x0d\xd9\xa5+\
\xf4\x8d\x18*\xe3\xe4Q\x15\xab\x16\x5c\xbf5\xd7mC\
\x17\xd7T0\xca\x22\x85x\xef\xd8\xf80\xd9\xe4\xe2<\
\xe8,@i1%6\x5c\xb4U\x1a\x82\x88\xb3v^\
\xe0\xa3\xdf\xbe{a\xfc\x89\xc7#\x1e9F?\xb7J\
\x14\x88\xef?\x90sf\x0c\xcb\xadrl\xfe\xdd\x8a]\
\x88\x1a\x90kD0##\x08\xe2\x94\xb8\xb0\xa59\x08\
\xf9\xd9$\x07\xf5\x0e\x197\xad\xc7\x92\xef\xdc\x81\xc6\xa7\
\xfe\x0f\x95z'\xf53\x0e\xcb\x92;\x06\xa4*\xad\xb4\
\xaep 2hI\x98t\xc8\xc1'^\x0cJ\xa6\xe9\
\xc8\x1f\xebG\x0e\xc3\xf4+>\x8f\xea\x09\xd3\x11\x92\xb2\
q`\x5c\x8d\xcdU\x00Jzn,\x01\x8fe\xf1\x89\
\x8d\xec\xb7b\x03\xe0\x17\xdf\x93\xcf\xa1m\xc5<\xcc\xff\
\xd6\x8d\xa8Z\xb8\x94\x09rc\xe5\x98Rf$\xfa\x9c\
\x84F$\xda\xf6\x91\x03\xb4w\xa5c\xff\xdd\xf7g\x94\
%\x1ce2\xff2\xdfE\x02\xde*3\x9b6z\x0b\
W.y\x86\xce\xfc\xbdgov\xab\x16\xb8!\x84\x1f\
n\xd8P\xcc\xba\xfd6\xa8\xda\xfe\xda\xea\x06\xdc6\xec\
\x990+4|\xe6v\xf1\xa7\x82\xce*\xd9\xf1\xd9\x00\
\xb8R\x8e\x94\x9a\xbf\xfeGn=\x96\xdfw/\xd6\xfd\
\xea7\x08r\xa4Q\xe7\x1a\xf6h\x95\xe4)\xec\xf9<\
eq\xea\xb6\x1a\x01N\x16u\xa6\x85\xea+\x9fyK\
\xea\xfc[\xe3x'\x92\x8e\xdd[s\xf6\x02(\xeb\xef\
V\x98^\xf5\x18\xadY\x0f\x03?v0\xc6\x9fp\x12\
TE?8A%\xef\xd6$\x04\xc2\x13+A\x088\
\x0c`!#\x10IM\x98\x8d\x00=\xdb\x98\xe4\xc9J\
\x0c\xc0\xe6n\x976\x90h\xe5\x12\xcc\xbd\xe9fDz\
1e\x0by\xbd\xd8\x1c\x91\xd5\x86c\x16\x83\x01\xb1%\
\x12i\xf4\x1d\x11\xc28\xcf\x1e\x85\xbeX\xd4~\xe2\x10\
\x8c<\xe5\x048\xd5\x0d\x9c\xfcs\x19\xd3 \xc1N\xb7\
\x08\x8dn\x00\x07E8\xb5\xa4SM\xbb\x94\xbeM\xed\
\xb5\xc4\xd2\xee\xc6\x0b5\xd7\x867\x9e\xfc-\x96\xff\xe0\
n\xf4[\xd7\xac_\xcb\xc0\x0a\x7f\x08\xf5\xb7\xb4:\xb7\
Vg\x91\xfd\xd0\x01\xd8\xf1\xe43\x10\xd7\x0c\x82J\x08\
>zFSv\xba,\x94\x18\xce4\x06\xc0 \xa2\xd9\
\xb2\x93`\xc8\x8c/]\x81\x9aY\xbb#\xceV\x19\x03\
`X]]U\x027L?\x95\x1c\x9bsp\x95\x19\
(\xa3\xa9\x1e\xb7\xa1\xf0\xd2\x5c<\xfb\xb5o\xa0v\xdd\
\xdbp\x0bD)n\x88\xc1\x1dY\xec\xd6\xb2Y\xeb\x16\
\x96\xb4\x22X\x02\xc5\xf7B\x80mw(\xc3\xe6T\xa0\
L\xb5\xde\xdd\xc8C\xa4\xe7\xda\xdcP\x83ig\x9d\x8d\
~{\xed\x0f\x95\xad5\x8a\xc3!7\x15\xc5\x06I*\
\x94\xf4\x9e\xd9\x10\xc0^\x00\xed\xc6\xec\x15\xc6\x16\xdc\x9f\
.\xb4\xe4D^\xa1\x0d\xeb\xff\xef),\xfc\xfe\xf7\xd1\
\xf0V\x936\x0a\x94\xcb2\x98\x1337b\xa7( \
B\xc93\x22\xad\x8d\xb4a\xcai#\x16\x0c\x1e\x8bq\
\xe7\xccA\xf6}{\xe8\xf7f\x18\x89'\xac;\x16\xc8\
\x9c\xee\xb0\x08\xc6D\xbe\xcb\x00\xfe\xc9C\x22\x1a/\xaa\
\xfb{\xb4yn\xd0\x1b\x9e\xf6Z\xd6<\xf5$\xeas\
\x05\xfe>&\x185IS6\x00\xdah\xbcU\x93\xc5\
\x9e_\xff:*&M\x83\xf2*M\x22\xb5\x8cgT\
:N]\x0d@\x8f\x0d!t!\xfa\x02:\x82\x0c2\
\x1f>\x003\xe7\x9c\x8e\xa8\xdf`\xb6\xa8\x84\x9d\x96\x1d\
\xd96{\xa0L\x1ad\xf9;r\xad\x8c\xa8\xf0\xba\x13\
\xda\xcb\xcb\xe5\xb0\xf0\xf6;\xd0\xf1\x87'\x90\x8d$s\
L\xdf\x11\x197Ft\x0d\xcd@;02R\x16\x08\
!\xee\xe5\xf6\x00\xc1\xdd\x08\xf0U\xf2\xf3\x7fR\xd1\xb0\
(\xe0\xad\x18QJI.\xaa_\x93Pen\xecX\
\xecp\xf69\xc8N\xdf\x11\xc8Vr\xc9+\xf6D\xdc\
\x92\x12\x83\x9c\x01\x8fE\xf5GHj\x94\xc1\xf4\xc3\xc8\
\x8d#UY/9\x08\x07\xdf\xb4\x0e\xab\x1e\xff\x0d\xde\
\xba\xf7AT\xb4\xb63\xd7>s\x0dB\x0cP\xecZ\
n=\x8f\xcb\x92\xcc\xb9\xa3\xaf\xa9\xc5\xf7P\xff\x91O\
`\xf2I\xc7#\xdf\xafN\x08F\xb4\x11\x08\x0b\x11\xc3\
\x82\xcbYsRe\x93w\x8b\x11\xa0X\xd5\x93*\x8a\
o\xfa*\xf4\x5c/,]\x82\x17\xaf\xfc\x22\xb2k\xdf\
f:<\xc7\x84\xde\xb6%\x9bf\xf6\x86\xac\x8f\x81\x1f\
|?\xc6\x9du!PU\xc5\xa5>\xaa\xb0\xa4\x1d\x95\
\xae\xa9\xb1T\x1e\x80d[\x08\x90\xe3!\xa7\x07\xa70\
i4f^p\x110y\xba\xfe\x95\xc8\x0f\xbb\x06l\
\xa0\x12L\xc1\xc6\xfam=\x9f_.\x81\x09\x0d!\x99\
J\xc6\x95\xd1\xcdkW1\xff\xc2\x0b\x98w\xedu\x08\
\x1a\xd7\xeb_\x89\xd0\xa8\x90?*\xaeZp\xf5\xc1q\
\x922\x89k\x90B\x12\x83\x95A\x0a\xd1\xe7\xc7;\xb7\
\xb4S\x09\xa9\xa6\xf5\xd66q\x1b\x1b\x1b6\x9f\xb1,\
>A\xb8\xf5\xceF^\xa3\x17I\x0a\xab\xbd\xb2\x12\xd9\
\x9dga\xd2\x19s\xe0\x8f\x18\xa5?\x985\xf5\xfc\x88\
wb8\x96E\xda\x13#\x00e2\xd82\xf9]\x13\
W\xa7\xaa\xba\x98\xff\x12i\xa9\xdb\xdc\x88\x857\xdf\x80\
\x0dO\xff\x03\xb5\x05\xc5a\x06\x87\x12&\xa9\x99\x84\x1f\
F\xfe\xae\xe0\x916f=f]s\x0d*\xa7OG\
\x87\xa2\xfd_B\x04\x8aX|j\x12*\xad.\xf4\x00\
pK\x0c\xbc\x92\x0d46eR\x86RG\x19&\x0a\
\xa4\xea\x1aq\x0e\xba\x85V\xac\xfd\xddo\xb0\xfc\xd6\xef\
\xb2&\x22\x93\x8a8\x91\x81^;\x9c\x07)\xe8Ah\
\x195\x14\xd3\xcf=\x1fU3\xf7\xe0J\x9c\x80\xf1\xdd\
\xcd\x0fH\xc9\xe3N\xea\x17\xaa\xd4\x00\xf4\x04\x966\x9f\
\xa2\x8e..\xf9i\x0b\xd4\xa2c\x90\xd1g\x9c\x8a\xc1\
\x07~D_h%[T\x9bl(x\x82\xf8rU\
7z\xa8%\x89\x91\xceS\xd5\xfe\xd3\x15\xdd7\xc3Y\
C\xe4\x0f\x04!u\x1b7`\xc5\xf7\xee\xc6\x9a'\xff\
\x80\xeaB\xc1b\x9b\xf8;\x83X\x06HB\x02k-\
\xc5\xf8H\xb6\xba\x1b\x03\x90\x0e\x8a\x9f\xfe3i\x8e\xad\
a\x0b\xb6\x97\xd0\xbf\xe4wJ\x89\x0b\xefx9q\xe1\
9\xe2\xceHc\x90~K\x98\xa9D\xdda\x94\x0f8\
\x11*S\xcbL:\xb2\x10\xa5\xcf#6\x89@\xd7t\
\xbe\xc1z\x01f\x07\xb4\xc9B\xab\xb8\xedl\xe2Y\xb9\
6\x1b\x15\x86\xe8X\xf0<\xe6}\xfbvd\x96\xac\xd0\
\x1bV\xf1\xc3V[\x8f?f\xc8E\x9b\xb5\x97K\xfd\
\xfec\xcf9\x17\xaa\xa6\x96e\xba|%\xadhL\x0d\
\x16\xe6\x05\xb8\xb6)\xd7\xb2S\x12P\xf2\x0d\xb1!6\
\xa1\x9f\xfc0`cC\xfd\xfdd\x00\xbc\x96ux\xee\
\xbak\x11\xfc\xfd\xdf\xc8\x14\x88oA\x0c\x00q\xfdy\
L\x8c\xa2\xd7]\xc6A\xddG\x0e\xc2\xf8\x13O\x81S\
?\x0c\xf9(\x0f\x8f\xa8\xf5\xe3\xd2\x8aD\x0f\xa6\xdf\x1a\
OH\xb5\x8d\x0d*\x8dqZ\x0f\x80\x5c \xa2\x85\xa2\
:h\xbb>E\xf5\x01\xfbb\x92\x8e\xe9\xd0o\x04\xbf\
\x85\xba\xa8\xe8}9'\x07\x8ft\xc7\xc3t\xb2L\xaa\
\xc4\x000y\x04\x90h\x09\xf0\xdc \xce\xf5\x5c\x07\x9a\
\x17/\xc4\xcb\xb7~\x0bU\xcb\x96\x22\xcb\x90\xe1\x90\x09\
(\xc9\xfd\xf7\xd9\x1a\x17\x11e\xb6>\xad\x8c\x01\xe8\xf5\
\x84\xde\xd2c[-\xd0\xed%\x860\x15\x03N\xd5\xb9\
\x05I\xc0\xb2o\x18Hi\x97\xfcC\xfd`\xdb*\xab\
0\xe5\xa4\x13\xd1p\xc8\x87\x11\x075\xfa\x01j\x03\xa1\
==\xca\xef\x84\xb4c\x07\x01\xe2P\x99\x16\xe4\x98c\
\xf2\xa2!\xefi\xb7\xeb\x9ct\x93\x85\xa7\x04\xb0Cl\
9*\x8f\x0d\x7f\xfb3\x16\xdf\xf5m\xd4\xacy\x93\xe3\
M\xeal%\x9a\xb1\xac\x01\xe4\x90\x0a\x12\xfd\xdd\xa1C\
\x95\xc9\x17\x5c\x80\xda\xa9;p}\xddM\x90\x87\x8a\x89\
s\x8a\xdf\x9e\xb2\x97B\x89*\xb2h \xc4\x1c\xe6\xfa\
\x14\x02\x10\x92_{\x00\x04\xf6\xe9x\xe6\xafx\xe1\xe6\
\x9bP\xbb\xa6\x91\xcbu4\x0e\x9egx\x17b\xe2]\
\xf0\xf4u\x8d\xc0\x0c}]\xde\xcc\x9d\xb57\x9eAR\
\x0cU\xe5\xa1n\xf9\xca\xed\xb3Jk\x00\x94\xf8u\xfa\
\xc2\xb4k\xee\x07h\x1a\xdc\x1f;_u\x052Su\
<\xe7\x04\xa2\xd9G\x17\xea\xe6\x84\xce+BJ\x03 \
\x16\x89\xcb$\xb1UT\x11\x88gD\xf4\xd0\x8e\xdc\xa0\
\xeah\xc5\xf2\x07\xee\xc7\xbaG~\x86~\xb9\x08\x05\x1f\
\x9c\xd0!\xff\xcag\x04\xa1\x0b\x8bh,\xd2AI\xb6\
\xb6\x9b9R\xd6\xa4FJ\xb7s\x9b\x1fe\xb8\xe6\xbd\
\x1a\x83r\xef\xd9(\xe1H'\x9d[,\xd3\x99\xba\x93\
k\x1ay\xe8w\xe1\xc4\x09\x98p\xda\xc9\xa8\xd9i\x16\
\xf2z>QGa\x90S\xcc5\xc1*7\x0c\xc9u\
\x0d3O\x1a\x03\xb0\xf1\xa5\xc3\xe0\xf5)\x94\x0c\x0b!\
\xfc\xd6F\xbc\xf6\xe8Cx\xed'\x0f\xa1\xaa\xa0$\xa9\
\x17\x0b\xd9&\x972\xb5\xc7\x99\xf7}4|\xfc#\x18\
\xfd\xb9\xcfA\xd5\xf5\x17\x06\x22%>ilj\xe4N\
\xd2\x14\x95\xd6\x00H\xbf\x03\xc5\xf5t\x10&\x9f=f\
\xf2\x96I\xcc\xa3=\x87e?\xbc\x17\x1b\x1e{\x0c\xd9\
\xb6\xd0p\xe9\x085:7\xf0\x90Q\xf2|\xd4~\xfc\
\x10L:y\x0e\x0a\xda+!\xac\x05\xe5\xe4l2\xb3\
\x9c)\xc3Wn=\xe54I@:\x22\x8bG\xa2\x01\
\xd3\x03\xd5\xe2;\x18\xfb\xa9\xa30\xe8\xf8\xe3\xf5\x8dT\
\xe9\x1b\xf4\x84\xae\x833\x9a@9\xc5\xf7\xc81\x99\xfc\
\xd8\xf0\xa9+Qv\x11^x= \x19\x1dWjw\
\x07+_\xc1sW|\x11u\xaf\xbd\xc9\x03\x977\xb8\
eR\x1a\xf6l%\xd8\xb1\xe0\x05\x8bG(\x09\x01J\
n.\xfd\xdc6%\x22\xf4\xb4\xeflZ\xf23\xc5\xa9\
\xfb \xea\xd8\xf4;{w\x8d\xbd\xf9v\xb3\x1b\xb1\xd2\
t\x86_\xb1\xd8sf\xea\x89e\x07%\x96\xdfF\xe2\
\xd0\x9f9\x1dS.8\x07\xfe\xe8\xd1\x08\x9d\x0c\x82(\
\xcb\xd9\xfb\xbc*\xb0\xa7\xe9% \xa4\x22\x8di9(\
|\xce\xb2\xd3\xae\xcb\x82\xb4>\xdc|\x0ej\xdd\xdbX\
|\xcb\x8dh}\xfe\x05T\xb6\xe6\xb5c\xad\xbd\x0d\x9f\
\xda\x9aC\xc4D\xa9=b8f]r1\xd4\xa4)\
\xf0\xb4\xa7\x228\x17\x944\xd2\x18w\xbb\x0c.\x00[\
w\xf7\x99\x18\x98\xbc\x01\xe1\x08TN\x81\xe1\xcb\xed+\
V`\xe1-\xdf\x82\xfb\xe2\x5c\x16W\xa1q\xf2y\x0d\
Q\x1e\xc5G\xa8\x8dRn@\x03v\xfa\xdaW\x91\x1d\
3\x01J{%$\xe0J!roP\xf1\xb2\x92\xe5\
Z\xd2y\x000\xf5t\x8a\x19\x1c\x01\xe4p\x1b\xe2\xc4\
1\xd8\xf9+W\xc3\x1b2F?\xd8,\xef\xd8\x14\x8f\
xe\xa4\xdd\x19c\xe0\x08\xa8\x84E\x1f\xbd8)\xed\
Y\x00\x0a\x97\x07\xe3\x82\xde!rx\xf3g?\xc7\xaa\
\x87~\x8cLk\x9btG\xd1\xae\xe3\xa1\xd8Ni\x91\
d\xdd\x19\x80mpl\x8f\x8e\xc2\xb6\xbd_N\x03\xf3\
\x82a\x9dA\xf3\x1a-f\xaay\xc7\x81\xec~\xc4\x13\
\xd0\x9a\x0d\xd0\xef#\x1f\xc6\xc4c\x8f\x81\xea7H\xbf\
\x98\xe5\xcd,\xd2\xae\xafd\xc7\x91\xd4\xeb\x85w\xb2\xac\
u'\x08ErE=\x97\x85KX\x8eN{\x02m\
\x0b^\xc4\xc2\xbb\xee\x82?\x7f\x09*\x22\xea\xfa\x8bX\
G\xaf#[\x89\xb1'\x1c\x8f\xe1\x1f;T_g%\
Si\xc7\x86\x08\x95B\x19\xcf\x02mJ\xc0G\xe9\xae\
\xc30\x0b\xc5^\x02a\x96y\xa9\xaf-\xea\xc0\xda\xc7\
\x7f\x8d\xf9\xdf\xfd>\x06\xb7\xe9\xab-\x08\x8b\x12\x0c\xdb\
OA{)-5\xd5\x18v\xc8A\x18}\xd2I@\
U-T!\x16V.r\xb4c\xe9\x0bHs-\xaa\
\xe4o\xf6\xa3\xe2\xb4!\x00\x07w\x14G\x91u\xf2\xd8\
\x80Q<\xd3\xda\xaf\x06\xa3\xcf8\x05C\xf6\xfb\x08\xe2\
L\x8d\x1e\xa8\x82\x0cL\x92\xaaMwQ\xdc\xef\x1f\x9b\
<\x83\xa1a\x92\xaa\x82\xd4g\x19\xc9\xa4\xcfM8\x80\
\xe8\xf5\x95x\xf9\xf6\x1b\x91\xfb\xf7<\x0c(\xb8\x9c\x04\
l\xd5;\x06\x95\x93\x5c\x03\x00r\x8d\xcb\x15\xbf\xe3U\
\x80\xff\xc2\xc3t\xd1\x85\xda\xbd\x0d\xa8)%\xf2\x12\x1d\
{\xc5.-L8\x00f\xb2im\xe8\xaf\x17\xddg\
1\xec\xa0\x83\xf4\x16Y'\x01\x84~\xe4yz\xdeJ\
\xb2\xdf\xa2\x1b\xa0\x12\x94[\xe7\xefC\x8f+\x91]\x7f\
\xd3r\xcc\xce\x22{\x87z\x83\xca\xb5b\xc3\x9f\xfe\x84\
\x05\xdf\xfd.j\xd6\xaf\xd7;\xa9\x8f\xd6\x0a\x1f\x95\xd3\
&c\xca\x85\x97\xc2\x196\x86\x95\x8a2\x1cA\xc6\xc2\
\x17\x08\xc7\xe41\x1cN\x1a\x96\xa5:\x04Q\x09\x16\x8a\
p\x0aq\x0a\xc2\xaa\xc4\xe0\x9fV,\xbd\xe6\x8bX\xf7\
\xf43\xa8%\x9e?\x1a\x17\xc2=2t\xd7C\x81T\
~\xc6\x8f\xc1\xa43\xcf@\xfdN\xbb\xe81\xf3d\x8e\
\x93B3\x8dg\x92wI\xf1h\x92\xab\x11\xa5\xa2\xb2\
\x0c@\xcc\x10\xcf\x80]\x12\xa6<\xd6\xa7i\x0b\xb4;\
\xb7\xf7\x1e\x98q\xfa\x05\xc0\xa0\xe1\xa2\x87F\xb1\x9f\x80\
\x8b\x93\x8b*\x8dP\x04\x12Y\x84\xedZkj\x15X\
\x22\xd7\xba\xac\x11\x03A\xd9u\xe3\x87\x10r\x0d\xd7\xcf\
\xb5`\xfd\xbf\x9f\xc6\xc2o}\x07\xb5\xab\xd6B\xef\x19\
(\xf8\x8a\xbd\x0f.\x0b\x9aN\xae\xc8\x91\xa4\xa0[n\
\x15`{<\xdeM\xd7\xab$\x17S\xf0\xf2l\x9cI\
\xc9\x97\xbc\x01\x89\xeb#\xc1\xbf\xbb\x22\xfe*\x95\x1a\xbd\
\xf8\x86\x0d\xc1\x949'\xa3\xdf\x9e\xfb\xb1\xb2\x8d\x94\xfe\
b\x03\xd8\xb11\x92k\xf0\xb2\xe97\x16\xe2\xad\xa4$\
 9\xa6\xc4\x5c\xe4\xfb\xae\xa1f\xd3W\xd8\xda\x8c\x95\
\x0f=\x887\x7f\xfes\x04\xed\x05\xb4\x0d\x1b\x8c)g\
\xcdA\xff]\xf7A>S\xc9\xc6\xc3\xcb\x17\x92>\x15\
\xc1\xef\xf4\xce\x00X\x82\x0eE\xf7\x0d\xc9i\x90\xea\x8f\
\x17E\xe8\x98\xf72\x9e\xbb\xea\x124t\xe8s\x16\x14\
\xab\x0csN\x8c!\xcd\x0a\xedUY\xd4\x1fy\x04\xc6\
\x1d\xa7C\xed +\x01\x88\xf6L\x90\x13\x00\x0cI\x92\
\xb9)}\x00U\xf2\x0f+\xc3\x9e\x1a\x0alxy\x90\
\xc8|\xf3 h\x17e\xe0\x00L8\xff\x12\xd4\xed\xba\
'\xf3\x07\x12kkl8\xda-ki\x9c4\x15\x15\
\xbb\x0d\x85aV\x16\xbc\xb4`\x96\x5cdi9\xd2\xc4\
8\x16\x00\xc2H\x01m\x04^\xbd\xedN\xbc\xf5\xfb'\
\x91\xa1\x0a\x00\x09G\xe8\x07\x1c\xb0\xab))\xc5\x90c\
6\x17\x96~\xf2\xbdc\xdb\x1d\x16\xdc[\xec\x09\xeb\x99\
\x98\x83\x0cA\x9b\x8eq\xb3S\xa7`\xc7\xcb/\x87\x1a\
2B\xc7\xbc\x01/<\xee\x12-\x842\xbd\xf5\xdc\x22\
^\xc1\xb4\x1d\x95\xa5\xa1%\xc5\xde\xa1'\xd7\xc1\xde\xa1\
\xf1`\xa3U\xafb\xde]wc\xdd\x8b\xcfc\xd4\x81\
\x1f\xc2\xc4\x13ND\x5c\xd7\xc0}\x00\xbe\xef\x9b\x8e?\
$\xed\xea\xa9q\x13\x1b]\x0c\x19/\x12N\x899\xae\
\x8fM+\xb4\xd7\xda\x84\xb9\xf7\xdf\x87\x96_?\xc6\xc2\
\x1fR\xbe\xce\xf3\x82\x8eC\x09\x97\x9a\x86\x0f\xc3.W\
}\x01\xfe\xc4\xa9&\x89j\xa8\xfb\xc3\xacTZ\x5c*\
\x8b\xa7K\x8c\xdaqq\xac\xe0\x89\xd3\x03\x10\xa8\xeb\x86\
c\xe9\x8fl\x5c^\xf0\x8cP\x94~x\xadz\xa0\xea\
?\xac\xe3\xb8\xd3\xcfD\x5cUot;\x1c\xa9M\x96\
,\xea\xd0\x18\x00\xcf4\xe986\x0ar\xcbs\xd3\xd9\
z\x17:\x90\x7f\xe5U\xbc\xfc\xcd\x1b\xe0,Y\xc2B\
\x15*\xd2.\xa7!\xab\x149k\x97C\x0aS\x9b\xda\
\xe8\x067\xc6#\xa4\x18\xb82^\xef\xee}H\xfd\x98\
J\x1fV\xe7\x0fmI!\xa37\xaf\xf5\xd5\xb9\xf9u\
\xb5q\xdd\x9e\x93l~\x16Mz\x1e\xd5}\xf0\x00L\
:\xe9\x048\xfd\x07\xe9\xe7)\xa1&=\xc20\x8c\x10\
\xf8\x19\x01\xdf\xa4\xcc-\x8b\x01\x10\xe9l\x12\xe8\xa0\xba\
\xbaM\x10\x0bEY\x01\x99|\x07Z\xf5\xfc\xf9\xe7O\
\x1f\xc6~'\x9c\x04o\xf4x\x84\xac\xa3\xe7\x09\xe9m\
\x8aV\xe2t\xd7\x22\xd8V\xda\xdd\x1dmT\x18\xff\xef\
;h\x7f\xe1Y\xbcx\xeb-\xa8xu\x95\xd0}\x81\
\xbb \xd8\xad\xa7\xcf\xb4g=\x0c:\xe2P\x8c>\xe1\
d\xa8\xa0:\xd9L)\xe5\x1d\x90^\x22+\x12G)\
3\x00\xc5#\xa1\x0b\xa3\xb5\x946\x09(\x899I\xcc\
\x14\x5c/)\xf7\xe4\xf4`n\xe8W\x8f}\xbf\xf6\x0d\
\xa8qS\xe1\x05\x1e\xf3\xb2\x13\x11$\xac\xeb\xe3\x14\xdd\
\xfdb\xb7\xa1\xac@\xae\x00 ]\xe7\xa0E\x0cDQ\
\x8e3\xffM\xff\xf3\x04\x96\xdf{/\xb0v=\xe7\x9c\
\x09+\xcd\x1c\x05\xae\x0c 7\x03\xa1o\xbb\x01\xcbY\
\xf0\xef\x16\xaf\xfd\x9d<\x14\xb3\xebx\xc8S\xf8\xd7\xbf\
\x06C\x8e\xf88\x86\x1dq\x14\x9cl=g\xf19\x01\
L\xb9 \xf2\x1c\x9dR\xab\xbd\x99\xca\x87\xe1\x0c\x90\xf9\
&\x0c\xc6\xe2\x85\x1a\x0a.\xfd?B\xf4!\xd7\x8ex\
\xc3z\xf8\xf5\xfd9\x91\x0d#\x7fG\x8b?a\xe9\xd9\
\xc2#\xe6v\x1d\xc58\x87\x98\x92|\xf4\x1d\xcd\x1b\xf0\
\xeaO\x1f\xc4\xdb?\xfd)*Z\x0a\xa2\x08\x9ct\xea\
(\xe4\x03}\xedcFb\xcae\x17#;i*B\
\xe2\xda\xf4\xc9\x03\xf7\x8c\xd0\x87d\xcf\xcaJE\x98s\
\xc3\xc8\xed1\x9bWZ\x03 \x1f2\xe2\x9c,w\x84\
\x84\x84\xa1][\xb3\xfe\x87\x1e\x86\xf1\xa7\x9c\xc9\x0f\x8d\
.\x94\xd9`\x8d\xa5\xb1\x1c\x01\xa54c\xa5\x10\xa0r\
n 6\x8d@4\x17\x82\xb5k\xb1\xe8\x9e\xbb\xd1\xf4\
\xc7'P\xd1Q\x80/t\x09Ikj\x10\x1b\xa5\xfa\
\xf7\xda\x81\xb7\xdb\x83E-\x88U\x98\x8c\xb5\x9e0-\
\xc3\xfac\xa7\xb3\xcfBv\xf6^\xfa\x01W1)'\
gw\x95Pc!5\x1d\x97\x93\xc0\x89-\xa46\xe2\
\x96s\xd74\x8a9\x22>\xaa\xc3G\xdaL\xf8\xb5 \
#\x9eC\x18\x0a\xa9\x09\x87\x01QRa\xea\xf5\xe1H\
\x08K\xbb?\x81\x8f\xc8\xf8\x14^Y\x8a\xb9\xd7]\x83\
`\xd1\x02dB# \xeaq{\x12\x87\xd0\xcd\xd5\x15\
\x18v\xe4a\x18s\xf4\xd1(T\xd7i\xbb\x94\xe5\xd2\
\x1f\x0b\x82\xc4\xc4\xa8\x1c\x1a\xc5f\xa7\xcc\xfe\x08\x18\xa7\
\xd8c\x0f\xa9,\x03`\xd5y}\x16\x0fu\xa5\x1b\xcf\
\x00u:\xc6\x8c\xc7\x94\x0b/F\xf5\x0e\xd3\xb55W\
\x22-n;\xf2\x92\xee\xae\xd22Ng\xb7?\xed\xae\
\xca\x17\xeb\x09P\xc8\xd7\xaea\xfc\xfaJ\xbcx\xcd\x17\
\x10/\x7f\x05\x19\x93u\x96]#fi1\x89?\xdf\
\xdb\x8b\xb7\xc7C\xf8+\x0c\x7f@\xe80F \xcex\
\x08\xc7\x8f\xc6\x0e\x97\x5c\x88\x8a\xd1\xd3\x10yU\x88%\
e\x0d\x15\x86pS:\xbc\xec\xe6\x127\xbe\x81\xdb\xd2\
f ,W\x0e\x1b\x1c'\x1281'\xae]\xf1Z\
IP\x845/ha\xd0\x8eLeKC\xd8)G\
\xef\xfc:a\xff\xd5\xf3\x90x4\xb5\x91A\xbe\x1d\xeb\
\x7f|\x1f\x16>\xf8#\xf4\xa3<\x03\xf5\xf8R\xf5\x84\
\x02\x05R_\xd6\x9f\x09\xa7M\xc2\x8c\xf3\xcfEf\xdc\
\x14\xc6'0\x11\x0bmj\x91xC\xb1\x91N\xa7\xdc\
Bg\x02\xde\x9e\xdb\xcc,\xe8\x8e^\xe3\x92{9\x06\
\xa04\xb1#\xed\xbf\x12\xbf\xd3b\xa3\x85\xde\x5cU\x83\
A\x87\x1f\x8a1\x9f\xfa\x14\xc2\xdaZa\x09b\x1f\xdf\
\xc85q\x07\x82\x93\x90\x8c8\x86\xab\xdc)#8N\
 \xc3\xda\xb8t\xe4BT\x06\x01\xd0\xd6\x8a\x96\xbf\xfc\
\x01s\xef\xff\x01*V\xbf\x8dl\x14@\x00AVD\
\x04p\xb7\xa23\xfe\x9e\xab_z\x947\x1a\x12\xd3Z\
\x12Jb\xb2\xf5\xb5G\x90\xd7s\xc9G\xfd\x01\x07`\
\xe2\xb1\xa7\xc0\x1d2J\xcfq\x81\xc6\xfa\xaec\x84?\
7\xff5b\x00D\xf3\x926\xaa\xc0x\x0e4\xe9Y\
\xbfP\x0921V\xc2j\xe5y\x96\xde\x1a\xec^2\
__\xa7\xc5\xdf\xab[4\x9fQ\x86\xee\xcbc\xca\xaf\
\xf0\x8d\x15x\xf1\xcbW!X\xf1*_c\xd2\xb3\xc0\
\x80)\x85\x0d:\x8c\x1e\x7f\xfcq\x18\xfc\xc9\xa3\x11\xfb\
U`F@.\xf9\x89D\x9b\x1b\xc7\xa64n\xb8\x05\
6\xe5\x01t\x01\xbfY\x0e\x8d\x80\xbc\x08$\x06\xa0\xf4\
]\xdddjP\xb4\x1c\xd25\x15'\xb0]\x16\xed\xd0\
V(G\xbf\xd5\x96{\xcae\x97#3a\xa2\xb6\xdc\
\x1ewN\x99\xd6\x0e\xc9\x078\x8e\x09\x22\x8a\x99\xffd\
\xd8S\x1a\x006\x1a\x8c\xf0\x02\xc7T\xc4\xa2\x12\xb7\xaf\
\xc7\xcaG\x1f\xc2\x9a_\xfe\x1aU\x8d\x1d\xf0t\x9c\xe5\
e|\xe4b\xa1o\xf2T\xf7\xe7\xe9\xf6\x0bR^K\
Og\xeaS\xe4p\x97\xeb\xd9\x16\xc6f\xb3\xdf\xb1\x99\
7\x94\x8d\x1e\x862U%\x07A\xe8\xb3\xbcw\xce\x8f\
\x91\xaf\xac\xc1\xd8\xa3>\x89\x81z\x11\xa0\xa2J?o\
\x12\x18\x11\xe8n\x92\x1c\xc5&\xbe\xcc\x80v\xc4\xeb,\
\xcabEN1\xe3$\x1b\x84\x91\xceJN\x95\xa2\xcd\
\xb0\x17I &\x13q\xb3\xf0\xda\x9b\xf1\xeao\x1f\xc5\
[z\xc3\xaalj\xd3\x933\x8b(\x0a9\xe1\xe9\x99\
\x12:u\xfc\xcd\xbe\xe6\x1a`\xf8X}\xfd>\xab \
\xf1)\x8d|\xba\xc8\xb2I\x99;\xe2R\xb7\xea\xb2\xcf\
\x9b \xbbt)'\xa1\xbf\xb4\xf5\xfb\xf4YZ\x83E\
\x0f`\xd3\xf9\x5c\xee\x94vDf\xd8\xa3X\xc4\x98\x8d\
\xbc+\xd4Jd\xb9\x08\x170\xe8\x88#1\xe6s\x84\
X\xaad>u\xc5\x19W\x83V2\x05Ue\xcem\
I \xe2rf\x8ccxM\x19\x99\x18\xe9\xd8(@\
\x94\xcb\xc3o|\x0b/\xdfu\x07\x0a\x7f\xfa\x0bj\x0a\
\x06\x06\xca\xe1Id`\xc2\x9b\xbd\xc5\xf2\x9ei_\xae\
\xc6>^\xd9\xdd\xda\xf0\xde~\xc7\xd6\xea\x1dH,\xa5\
%\xbc\x88D^\x9btp(\xbc$\xa9\xeb\xba*\xec\
x\xc1\xf9\xa8\xddc/8\xd9*.\xcb\xa92Da\
\x22\xd7\xb6\x17C(\xca\x1c'\x19\x18i[\x17\xfe?\
/\x91\x13\xdf\xca\xc9\x22r\xbbW,\xc2\xbc[\xae\xd3\
\x0bo!\xb2\xfa\xe7\x82\x0eE\xa8\xa3\x8f\xda\xdc\xa9\xfc\
\xd8Q]\x8bQ\xc7\x1d\x8dA\x87\x1e\xa1\xd7P\x7f\x14\
\x982\xdce\xe6$\xc2\xb7\x902\xb0\x15\xfc\xb4\xb8\x04\
\xaf\x8cf \xd7l\xc6\x9cW!\x1f }\x0e@1\
:\x8a\x89Cc!o '\xbe\xe0\xc8E\x04z \
\xdb\xf5\x09sc'`\xf6\xc5\x97\xc1\x9f<\x85\x89C\
C\xd75\x16X(\x9c\xed\xb3O\x92\x11\xf6\xfc)<\
-\xdb\x5cB\x0dI\x01\xff\x1d\xb3\x821\x95\xfb\xbcB\
\x0e\xf9\xc5\xf3\xf0\xf2\x0d\xdf\x80\xb7r\x0d\xfc\x9ct^\
\xd1\xd8mZ\xa4\xa8\xfc\x95\xb1\xb9Ol\xeb\xb0`\xe3\
H/\x1d(\xa4\xaflD\xf9\xdfT\xfak\xd7x\x01\
F#\x90\xd0\xa6\xda\x08P\xdc\x9e\xa3\x05<}\x1a\xa6\
\x9fy6\xaa\xc7\x8d\x85\x0a*\xc1\x99\xb2\x94B\x22\x91\
c\x9b\xcc\x9cN\xc2&R\x99\x12\xcd\x00\x8a\x9f\xdd\xc4\
-uR\x9d\xbb\xdc\xdb\xe6$\x22\x01\xe9r\x05nF\
z\xfd\x91\x07Q\xd9\xd8\xaaw\xe1 \xe9`\xa54`\
;\xad\xcd)S\xb0\xc3\xf9\xe7\xc1\x1b3\x9e\x05H\x0b\
J\xc0S\xae\x01\xc5\xd1\xe2\xa7?\xdc6\xaf\xdc\xa4c\
2\xf5e\xc7\xa6y\x90[\xe7\x0b=\x19\x80.\x8e\xac\
\x92ED\x8b\x99\x05\xbb\xc9\x05\xe1\xad\x5c\x08<\x84\xcf\
O\x98I\xda\xbd\x00\x0d\x07\x7f\x14\xe3O<\x11N\xb5\
\xf6\x02\x02JRx\x8c_\x0eL\x06v\xe3\x8a@\xfa\
\x83a>\xa4\x14D\xe2\xc1\xae\xa8\xb7x\x91\x94z\xfc\
0\x87\xb5\xff\xf8+\x96\xdds?*_{\x03\x8e\xfe\
\xd9\xe3\xdd\xe5\xddT\x06\xd8\xd4\x82\xe9\xfa\xbb-Y\xb2\
[\xcbL\x95\x99\x070\xd0a\x89\x11cY\x8cz\x9e\
\x14\x1c)\xfb\xb5d+Q\xbb\xdb\xae\x98<\xe7$\xf8\
CG\x80\xe1^e\x80\x81\xec\xe4\xf6b\xdb\x9d\xa8\x8c\
\xd0\xa9\xc9\x09\xb8\x9d\x91\xa9[cHDv<D\xb8\
|)\x9e\xfd\xca\xd5\xc8\xbe\xfe:\x82\x02dA+A\
\xc6Q\x82\xb0\xa5\xbe\x16\x83>\xfbi\x8c\xfb\xd8a\x88\
k\xfb\xb3\xc8G\x9c\xa8 Y\xc8\xaf\x90\x98P^\x83\
*\x02|_\x86L%\xcdA\x09\xd7\x90\xaa\x1e\x9eQ\
\xdb\xea\xc9\x03\xe8\xea\xee\xba\x16\xb9\xc7\xa5\xd8(\x91(\
\xa6,d\xe4G(03\x89\xcf\x09\xc1\xd6\xd1c1\
\xe1\xecs\xd1\x7f\xc7\xe9(\xe8X\xdc\xd1\xbbtTP\
\x89\x01\xe0\xc7\xdd\xa5\xa1*\xed#\xb5zj\x0e\x93\x80\
\x88\x9b\x1f\xc0v\x8c\xd1\x97\xb7`\xed\x13\x7f`b\xc5\
\x8a\xd6f\x06\x818%\xb9\xe3\xae7\xfb^\x02\xef\x9d\
=bX\xde\x08\xdb\x03\x12\x89\xa2\x0f\xb7\xc1\x92\xb4p\
\x80\xe6L\x80\x81G\x1f\x86\xf1\x9f\xfe4\xe2L\xb5\xd0\
\xd39Ng\x0f\xd2\x1cI\xa28Y\xd4n\xb2\xc8\x85\
\x03P>T\xfc\xbdd\xa9\x1ce\xc4Jz\x98\x10\x1b\
\x995\xd5\xe5\x9f\x8emF\xebng\xd3\xf7\x94o\xc7\
\xea\xef\x7f\x1f\xab\x1f\xfb\x05\xa3a\x89`\x841\xfd\x94\
\xdd\x8fs\xdc\x12\x1dN\x99\x84Y_\xb8\x12\xee\xa0\xd1\
\x88(7\x80\x0e^\xb0\xbe\x1e\x03\x225\x81\xdd<\xe9\
;\xdd\x98\x89B\xa8\x9c\xc7\x9boO\x06\xa0\xf4:\x1d\
\x03Jr\x0c\xa5\x99\x85\x02wj\xe7\xecn\x87)A\
B\xaa\x12\xab\xe0\x9a\x94\xbe0\xef\xaa\xa4c\xaa)\x93\
\xc5\xe0\x0f\x1e\x84\xd1\xdaj\xa3\xba\x8a\xd9\x83c\xfd\xa7\
\xa0D\xc8!\x88\x8b\xe7Jx\xde\xcaH\x02\xf2\x03\x8e\
\xc5\x03\xa0X\x91(\xa7\x98\xdd\xc4\xa1\xb2O\x0en\xcb\
Z\xbc\xfa\x83{\xf0\xc6\xef\x9e@U\xbe\x83\xc3\x05*\
\xb5pF\x97\x1aM\x98\x97-cx\xd6\xa4\x18\xa5,\
ur\xb7\xdeB_\xec\xbc\xdde\xadz\xb9\x0b\x97\x9d\
\xa9KE\x10\xd6\x87\xd7\x9b>\x9bj\xb5\x02\xa1\xec\xe7\
de\x1a\x11+\x1d#\x8bD}\xfb\x80\x06L=\xed\
t\xd4\xbfo?\xedU\x06\x1c&\xd0\xc6\x17x\x82\xf9\
g*9\xe6\xd7U\x9c(\xf3#\xc3\xc0\xebZ\xc9:\
\xf3}v\xa1&WP\xdc\x89\x9c\x9e,J7\xaf\x89\
\xdc\xb6\x84\xbf\xa1\x17\x9b\xde\x05\x82\x1dg\x04\xea\xeb\x16\
\xe3r7lG\xfb\xc2\x97\xb1\xe0\x86\x9bQ\xb9r\x15\
'\xb0\x03\x9a\x7f\xcc\xe7\xa7\xd0A`\xbal\x80\xe9\xc7\
\x1f\x8f\x01\x87\x1f\xa5\xf7\xd4\x0a\x93\xe1\x0f9$qL\
\x85\xc0\x81\xcd\x9cA\xc6(\x961\x22\xe2T\xfe\x1e\xab\
\xdf`n\xcbr\x09\xda\xac\xa9T\x00\x0c!\x98\xab\xbf\
\xdf+'\x07P\xc6\xb4!\xff\xa0\xa9\xa2\x02\xd3/\xbf\
\x04\x0d{\xec\xc5\xb1\x1b\xb1\xbfFr\x1d,\xbe`[\
v]\x8b/Hi\x00\x94I&z\xac+\x17\xb3+\
\xe4\xb0tr\xc0 \x910C\xd5\x85V\xb8o\xbe\x81\
W\x1f|\x04\xab\xff\xf7)T7\xb7 \x13K\xc3\x04\
y*\x8c\xa8\x8a\x9dD\xc6L\xf0\x0d\xa1\x81$\xfb}\
9\x1c\xe9\x07\xed\xbf\xc4\x15\xd9\xb8Jm\xfc\xeeN;\
\xaaxz,\x84i\x043\xa8\x06\x1e\x8d\x1f\x87\xc9\xa7\
\x9f\x86\x8a\x9dgi\xa3P)RW*/\x9f\xa1y\
\xa4\x02\xe3\xc6\x87\xa6a'\x1d+U\xb97`\xf9(\
\xb9;P\xb9\x9c\xaf\x90\xd0B\xb1~\x85R\xae\xb1\x0d\
\xa2k\xa0\xde^\x8d\x85w\x7f\x0fm\x7f\xfa3j\xf2\
y\x1d\xde8\xda\x00\xf8\x02\x0cr\xa9\x17\x22\x03o\xe7\
\x99\x98z\xdey\x08\x86\x8ca-\xc5\xb4l\xd6\x8ct\
u\xacd\x9b\xdc-\x9b\x03\xf3Yk\x87\xac8\x88g\
b\x1d\xe5h\x03\x106o\x1d\x03@\x03\x90\xcbd\xa0\
v\xdc\x01\xbb\x9c\x7f\x01\xe2\xa1#\xa5\x01\x83\xab\x08q\
\x89\xee\xa0\xd3I\xaf,\xdd\xf9\x054\xc1\xd6\xd3r\xfe\
\xd3\x8d\x1bJ\xb2\x90\x0b\xa5z\xe0\xc3\x0e\x84\xabVb\
\xf1}\xf7\xa3\xed\xaf\xff@m^\x14V\xa9\xf4!\x92\
\xefB\xee\x1c\xe98\x8c\x9b+\xa8;K~\xfb_\xb3\
\x18\xb7\x8f\xa3\xfb\xc0\x9bE3M\xfd\x9c\x0e\x9a/-\
z\xbb\xaf\xdaeg\xecp\xc9\xe5p\xeb\xfa\x09\x1d\xa6\
/p]n\xf7e\xcd@\xe2\x94\x88\xa4}\x9c\xa5\xc8\
\xfa>\xff#\x80\x1ak\x08\x8c<:D\xa2\x8c\x05s\
\x1d\xed\xbe\xd3&\xe5\xe7\xe0\xe4Z\xd1\xf4\xb7\xa71\xef\
\xce;Q\xf3\xd6[\xc8\xeawS\xc9\x9cQ2\x8c8\
\x04ru5\x18\xf1\xb9\xcfa\xd0\xc7>\xaeC\x9c*\
\xd9\xf5\xd3\x0a\xa6\xa2\xe8I\xdbr\xb7\xf5\xae\xed\xc2.\
\xfd7\xb3\x12\x93\x81\x09\xf5\xdf\xeb\xde\xde:\x06\x80\x17\
\x22\xddh}-\x86\xe9\xb8m\xf8G?\x01UUc\
\x1ef\xc4\xa5\xc1\x82+e\x17\xa1\x14/M\xd7l\xee\
\xb0\x18oI\x1a%\xe2 \x86;\x800\xdc\x5c\xdft\
\xa5c1zu\x05^\xbc\xf1f.\xbb\xd4\x841\xb3\
\x0c\xd1|\xa3\x05\xcf8\x06n\x1b\xf6\xf9:\xa8\x1c\x14\
\xb9\xe9,o\xf9\xedA\x9bx\xbd\xdc\xce\xa4\x94g.\
\xe7\x1d}\xf3\x99\xf2\x8fR4\xbb]\xaa\x9d\x043\x8d\
\x11\x88b1\xf6m\xd9\x0c\x06\x1cy8\xc6\x1f\xfdi\
\xc45uz\xd6\xfb\x89D}\x10\x0a\xeaS\xb1;\x1e\
r~jk\xddC\x82leT\x9d\x11\xe2t\xa4\xb4\
\x18\xd1\x06Eh\xc3X\xc7\xf0\xeb\xd6\xe0\xd9\xaf^\x0b\
g\xde|\xbd\xfb\x0ba.y\x00t/\xbeQ\x0a\x0a\
gM\xc7\xccs.\x04FM\x90F}\xcb]\x90\xf2\
)\x89J\xb2\xe9z\xb5\xf5~GY\xe0\xbeT6\xac\
*\x902c\x93o\xc7\xba_>^\xa6\x01H='\
\xe4\xcb\xf3\xd4\x07>q\x02\xa6\x9ey\x06\xaaf\xce\x92\
8\x869\xde<\xa68\xb6\x88$>\xca\xa8\x1f'\xfa\
\x83&q\xa4l\xf5\xc6dH(iB\x13\x87\x11^\
\x14\x7f-\x9a\x8b\xc5\xf7\xdf\x8f\xfc\xb3\xffFuX\x90\
\xda\xb0\xa1\x1f\x87!\xae$5\x22\xa9\xb3\xa6\xcf\xa8\xbe\
wl\xf9Qj\x00\xec\x14\xe0GY\x82\xbf\x8fM\xe2\
\x97\xe6\x0fU\x07\x9a\x075`\xf2\xe7\x8e\xc7\xc0\x03>\
\x04UY\x97\xcc%\xd6)tb#0bv\xbe>\
p\x00\xba\x9d\xf6\x86\x19\x88Y\x8f\xcd\x97(#CG\
\xe2\x9cD\xf6\xe1\xb5v\xe0\x8d_\xfc\x0c+\x1e\xf8\x11\
\xea:\xf2\xccF\xcc\x0b\xd63\xed\xf1\xda\xa8\xb5f\x02\
\x8c\xbf\xf0\x1c\x0c\xdc\xff`\xa8l\x9d\xde\xc0\xda\xccF\
\x99\xd2\x00\xf00\x19,\xa1\xb2\xd2mE\xd6\x22\xc1@\
\x88\x97\xc2\x09@\x16\xefiG\xb8b)^\xbe\xf1\xb6\
\xbe\xf7\x00\xe4\xa2\xa4\xc6J\xeeu\x8b\xb6\xd8\xc3\x0e:\
\x10cN;\x03\xa8\xa8\xe6\x00E\x123\x12\x9f\xb9J\
\xa5F\x02&O\x03\xa5r\xce\xc6\xa8P\x0cF\xac\xae\
\x0c:\xf2\x18[\xce\xdc\x04\x9ev\x05s\xcdh[\xbc\
\x00\x0bn\xff6\xb7\x0fW\x13\x0c\x92\xad\x06M\x96P\
\xd8\x87Xz\xca\x13\xa3\x90\xda\x1by\xef\xd8\xd2\xa3k\
?\x9b\xfd\xc9z\x01N\x02\xcb\xa5\xe7\xeb33u!\
\xa3w\xd9q\x130\xed\xf4sP9}\xa6\x9ek\xbe\
\xb4\xf8\x96\xd6\xfd\x99%:\xee\x82\x93/\xff\xe8i\xcf\
s\x0c$\xd9|cQ\x93\x92\x91\x86\x1d\x5c\x92n]\
\xb8\x1c\x0bn\xb9\x15\xd9\xe5K\x99\xfc\x83\xa0\xc0.\xef\
Q\x05\xf6Tr\xd4\xc6>v\x14v\xf9\xe6MPu\
\x83\x90\xcbG\xc8VJ\xde\xa3\x1ct\x9a\xcde\xc1\x94\
\x08#\xa7\x98\x17\xf0c1\x000\x5c\x02\x8aD\x5cs\
-x\xed\x17\x8fb\xd5\x83?\xd9\x8c\x01\xd8\x82$5\
w\x0aF\xda\xd5 \x06\xe1\xcaJ\xect\xd1\x05\xa8\xdd\
c?\x1d\x0a\xd41\xd7?+\xc8\xc6&f*\xe7\xcc\
&\xc6\xb0\x14MI\x8cgP]\x91\xd9\x0d\xa8D\xc9\
j\xc5\x9e4c\xba\xc4\xbe\xb2l)^\xba\xedV\x04\
\x8b\x17kk\x1c\xb2\xcc2'\x14\xddb\x93Y\xdaf\
\x93-\x9a=\xdb\xc39{\xee\x19\xe9\xc3k\xdb\xfc\x89\
{jhu\xba\xca\xa9\x97z~q\x01m\x19\x1d>\
\xce\x98\x86\xe9\x97]\x85`\xe006\x02\x8ax\x04Y\
2\xca\x13\xc8+\xcbd\xa7\x9f]i\x87\x8a\xaf\x8f\xc9\
\x0ab\xaejqR\x896\x1b\xf2,i^!\x0f\xb5\
\xf6M,\xff\xcew\xb0\xf6\xef\xcf\xa2\xb2\x83\x98\xb2\xf5\
\xe2\xa4F\x1e\xfeX\x9e\xa5\xc0\xd6\xd5\xd7`\xca\xa9\xa7\
a\xc0\x81\x87!\x22\x96_\xea}L\xd4O\xd2\x8d\xa0\
2\xf8\x00\xd9\x0a\x05VMpj\x1a:\xee\x8e\xcd\x1b\
\x96.Z\x05\x9e\xf0\x0d\xe4\x17/\xc2\x82o~\x03\xe1\
+\xcb\xcb\xf1\x00\xca\x99%\xae\xc4nF\x0e\xa2PQ\
\x81h\xea4\xcc8\xeb<\xf8c'0z\x8fbq\
\x828\x12\xa9\xa1\xa3\xd4\xa6o2\xf9f\xdb@,\xa5\
\x0c\xb6|,#\x05S\xc3\x8d\xf9\xe6c\x13R3)\
\xa5\xfe\x0ebW\xe1!\x0a\xf3\xda*\xcf\xc5\xc2\x07\xee\
G\xf4\xef\xe7QE\x8dJ\xb1P/EF{I\x06\
\xb3\xb7\xf7\xbd%\xc7\xf6P\x0a\xd8\xf6\xd7\xb0\xa9\x8e\xf6\
N\xbf1\xca\xd0\xc25\x13s\xebps\xa5\x87!\x9f\
8\x02\xe3\x8e\xfc\x14\x0a\xfd\x07\xeb\x09\xee0\xd6D\xd2\
\xe0\x9e0J\x97\x09\xd9L3\x02\xb2\xc1\xc9F\xe1\x97\
\xa8ZE<w\x0a\xf0u|\xbd\xf6\xa9\xff\xc1\xa2;\
\xbf\x8dls^\xf02\xf4:\xe1\xfa\xf9\xed\x11s_\
\xfa{\xec\x8eI\xda\x8b\xf1GN\xd1QyA&,\
\xcb\x86%\xc5\xd1\x9eZs:]\x0b\x97\xaf\x932\xa7\
Y%\x84\xbe\x8d\x95\x09u\xc1\xad\xd0d\x002\xed\xed\
X\xfd\xf0\xc3x\xe5\x87?DU\x82\x04L\xee\xda\xf6\
\x05\xa5C\xa2\xf5\x08'UV\x9f/\xe2\x98#\x22I\
\xe3L5\x86|\xec\xa3\x18~\xec\xb1p\xea\xeaM\xac\
$\x92\xcc\x82jN\x89H\x96\x13'\xd8\xed\xd8\xe0\xc9\
%\x03+\x00\x09\x89\x81\x0c\xe2\x8b\xf0\x02\xa4T\xe9\x06\
\xc2\xf2\xda\xd1\x8c\xc2\xeb\xafb\xfe\xb7n@\xb4x)\
\xaa\xdbC\x92}d\xcf!\xe4p\xe0\x9d_\x86\x9b\xbb\
\x7f\xa7\xc7\x7fm\xd3\x0b\xd8\xccU\xa5;6g\x00\x92\
\xbf\xcd\x86\xe20\xe1\x8b\xc7\xbb;\x95\x96[\x07\x0c\xc2\
\x98\xe3O\xc0\xc0\x0f\x1c\x88\xb8\xba\x06\x11\xa3?i\xf9\
\x07\xdc\x5c\xb3\xb5\x8e\xd0\x91EZ\xaaK)\x9e\xa7\xde\
\xfd\x17\xcf\xc7s\xb7~\x0b\xde\xa2\xa5\xf0\x0bDg\x16\
0\xabu\x86\x96cH\x89g\x07-\xf5\x19\x8c;\xf5\
\x14\x0c<\xe4p\x14\xdcJf\xf7\xf1\x89\xdb\xd2@\x08\
\xd2^\xb9\xf5\xb6\xad\x01\xe8\x84\xdaP\x12\x16\x13\x9f'\
\x95\xbf\xb91n\xc5\xab\xf8\xe7W\xaeE\xc5\x8a\xe5:\
<\xc8\x97\x97\x03H\x9f\x0341\x98\x92R\x1d\xd9\x13\
\x12\xf7n\xae\xaf\xc5\x8c\x0b\xceC\xdd^{1<\x98\
H\x0e\x0b1\xf3\xfe\xa6.\x05&X\x00\xe3\xf2\xc4\xa6\
-Rh\xc5\x9dN1\xbcE>1Cp\x14\x8b\x02\
,\x13P\x84\xc8\xad\x5c\x8ce\xf7?\x80\x8e\xbf\xfd\x13\
\x81v\xd1\x1c%t\xe6\xee\xe6\x12\x80\xef\xe4F\x9d\xf2\
\xbb\xdf\xd1^\x85\xb2On\xb9\xa5z>\x8dp\xd8[\
\x19\xef\x98{L\xe81G\xdaj\xb7\xd4\xd5!\xfb\xfe\
\xfd\xb0\xc3\x09'\x01\x0d\xfdy\xf5\x88\xaed\xd0\x19j\
\xda\xd7\xb7(\xd4\xfeB\xad\xc5t\xd4\xe0|R\xb4f\
\x0d\x96\xfe\xf0\x1e4>\xf1\x07T\xe6\x14#\xfe\x18\xa8\
\xe4\x8a\x8e\xa5\xa7\xaf\xb9=\xc8 \xdas&f]p\
\x11\xe2A#\xd8\x98x\x06\x13\x19\x11c\xb2\xe3\x98{\
Mw-\x16\xc4\xc6e\xf5\xd8M\xc0?\xe4\x1c\x87\xcc\
\x97\x192\x89\xaf\xd7\xd6\x81W~\xfc\x13\xbc\xfe\xc8\xc3\
\x0c\x90\xcb\x08\x1f\xc0.\xe9`xe=S\x07\x85\x02\
\xf1\xb8\xf90}\x84\x1c\xab\xb7\xf8z\x09\xee8\x1d;\
]x!\xd4\x80\xa1@E\x9d\xdc\x84\x8a\x90J\xf2!\
I\xba\x14\x99^P\x82\x95\x86\xf5#Jn\x87\xe8\xc2\
Yq.\x16nzF\x0bR\xf8\xe1\xe4\x91\x7f\xf5U\
\xbc\xfa\xd0CX\xf3\xa7\xa7P\x1bF\x9c\x17\xe0\xd6\xcb\
\xad\xbe\xc8\xfb\xf6\x0b\xcaD\xdf\xa7|\xf7\xc6\xef\xdb:\
\xc3bz\xe1\xd1s\xea\xd5\x0aYZ\xef\xb4\xe0\xe6\x99\
\x17\x8f\xbc\xca\x86\x03?\x881G\x1c\x8a\x8a\xe1#X\
v\x9c\xf8\x03i\xd7c\x9c\x87J_N+\xe7\xe0\xcb\
\xf0$t\xa4\x84cD\xbc\x144\x0f;Z\xd1\xf4\xf8\
o1\xef\xbe{Q\xd3\xdc\xc8@\x1f?vMv^\
\xc0o\x84\x91i\xd6!\xf1\xe4K\xceG\xbf\xfd\xdfo\
\x1a\x9cB\x08\xce\x97\xc2\x08\xdf \xff\xa2\x94\x8fI\x06\
Fr_.\x1b\x00\xdbt\x17k\x8f\x22\xef\x86\xdc\x87\
\x10h\xcf\xa3c\xfeb,\xf8\xeew\xe0\xce\x7f\x09\x19\
C\x8b\xd6E\x1c\xb4K\x13P\xf9\xc3b@\x12\xd2\xb0\
c4\x17\x0d\x0b\xa9\xb6D\x94\x10\xd47_\x7f\xd0\x87\
0\xe9\xd8\xe3\x99\xfc\x11\xaa\xc4\x82YP\x05\x9fJd\
\x94c\xa7x]b\x14=\xb3\xfb[\xa1E\xe1&\x90\
+\xb02\xcc\xc5k\x8f\xa8u\xd2\x93sr\xf3\x83\x99\
Dti\x9e\xd2\x13\xa9\xf1m\xac}\xec\x17X\xf6\xdb\
\xdf\xa3\xba\xb1\x09\x1e\xb1\xce\x98\x04T\xc2\x06k/\xc1\
d|\x8b\xf7\x1b\x17\xbd\x0cX\xae\x04\x93\x8f0\x90\xd6\
\x12\x08F/\xc6\xb4\xaf\x8em\x88\x030I\xda(\xe1\
\xefS\xc5f\x16l\xbc\xc8m,\xed\x1a\xf4\x8a\x90^\
\x96\xc0u\x1dS\x12t$\xe9KO\x9c\xda\xce\x0b\xfd\
\x1b0\xee\xc3\x87`\xc8\x91G\xc1\xad\xad\x96yD\xec\
8\xa48\xec\x08\xe6\x93\xa9\xc7\xd3\x1a\x802n\xd7\xc6\
\xd8L\xe6A\x09\xc7@?\xdbB\x1br\xaf\xac\xc0\x8b\
W^\x89\xec\x9a\xb7\x98\xa32\xe4\x9dW\xf4+iN\
\xb0\xba\xaf\xde\x04\xfb\xed\xbe\x07\xc6]x1\xdc\x01C\
\xd8\x888Q\x8e\xb11\x94H\xd4\xdb\xa6Y\xd4\xe9:\
\xfc\x94\xc9\x9fEf\xb8\x05\xfe\xebr\xeb>o~.\
-~\x1d\xeb\xb7\xb4\xe2\xb5\x07\x1f\xc2+?\x7f\x14\xfd\
s\xedp\xcd,\xdd:e\xc0\xe4\x7f\xc5R\x1f_Y\
D\x18\x80\x0c\xda\x1a\xfaa\xd4\x09\x9f\xc5\xe0C\x0e\xd2\
\x83W\xc1@\x1c\x81\x7f\xfe\x7f{_\x1e$\xc7U\xa7\
\xf9\xbd\x97YU}w\xab[\x87u\xfb\x90,c\xc0\
'\x06\x1f\x18\x83\x19\x83\x03\x08\x96k\x80a\x81\x85e\
\xb8\x97\x8d\xd9\x09v7\x82\xdd\xd9\xfdccw\x98 \
\xe6\x80\x01\x13lpL\x8c\x99\x83\x9d\x05f\x01\x9b#\
8lc\x03\xc6\xc66\xb6u\xd8\x96/Y\x92%\xeb\
h\xa9\xaf\xea\xaa\xca\xcc\xb7\xefw\xbc\xcc\xac\xeej\xa9\
[\xea\xb6%\xc6\xe9\xe8\xb0\xba\xbb\xba*\xf3\x1d\xbf\xf7\
;\xbe\xdf\xf7\x09\x8f\x9b\x0dB\x104\x89&U\xfcv\
\xc8\x14\x18U\x8bq\xf9\x02\xcb\xa9\xa7\xc3\xaai{\x22\
\x93K@g\xda\xfaIV\x99>+\xad\xf8\xfb\xc9\xa6\
P\x19\x1b\xc3\xc1[\x7f\x85]\xdf\xf8'\x98\x03{\xd0\
\x95f\xda\xa8!\x8c5<\xb0Y\xf0<\xa0\x86\xca\xa9\
\xac5\xa3\x0d\xf8\xfe\xe0B\xb55\xe5\xe1u&\xf0)\
\x03R_8\x9d\xba\x12\xdb&t\xc1eZ\xa1\x8bS\
\x84Z\xe0\xe0\x83\x99\xd5\x05\xda\xb2\x82\xab'\x11\x11\xc3\
\xc8L\xa8\x10\x07$\xcbN \xa0<\xa4\xa3\xd2Y\x8c\
d\xcd:l~\xfb[1\xfc\xf2\xab\x80\xfee\xb2.\
\xc2a\x11\xd6[\xb8\x96\xc0\xe6\xf2\xca&\xfe\xbe\x84N\
[\xbf\xd5M\x1d\xe9\xbe'\xb1\xedo\xbe\x86\xe4\xb6;\
\xbc{-b\xb5\x09g\xf4\xbdgI0e:\xe0+\
\x06GF\xfa\xb1\xf9\x83\x1f\xc2\xc85\xaf\xf1't/\
w\xb2\x92\x07\xe0\xac`g\x82A\x9c;3\xd2~e\
z\xe81i\xaa\xae;n\x92\xa3^\x83\x88\xe0\xc6\xd3\
\xfe\x1e[L\x81~\xdf\xa7>\x89\xea3\x07\xa54\xa8\
\xe0\xb3\x19\x06`\xc6L\x97R\x90\x9d\x1c\xc2\xf6\x06\x93\
\xe0\x01\xb8\x1cG\xe38I\xa7\x8c/\x10R\x10\xc2\xe0\
7\xa2.L\xaeZ\x89+\xfe\xc7\x9f\xc0\x9c\xb5\xde\xc7\
@]>\x9e\xf3\x8b \x12\xba&\xcb\xc8*\xc3pN\
\xc2SkzE\xf8\x9dP\xcax\xccc1\xe6\x0d\x12\
F\xfb\x06\x08\xedO\x0c\xabD<Ae\x22\x92\xa8o\
M\x22n41z\xe7\x9dx\xfc\x1f\xbf\x01<\xb1\x1b\
\xb5\x86\x94jR\xe6\x15\x94{\x8f\x5cY\xe3@P\xd7\
\x81\xf3P\xaa\x12\x85a\x10\xaf\xc6i\x93\x8a\x0aJ\xa8\
\xc6]>N\xbaB\xe7\xef\x94\x87\x93Q\xad\x9cN\xe2\
\xf1Zo:\xb6\x02\xcd\xf9\xa1\x0b\xf3\x02\x0b\xbf\xafX\
'\x01\x9c%\x9b\xb1hJ\x09\xb5r7cy\x07\x18\
k\x19\x11\x9aY1\xa5\xc4\xfd\x10S\xfd\xdf\x87g\xd3\
\xb5\x0a\xdc\xc6\x8d8\xef\xa3\x1f\xc0\xc0\xe6s\x81\xde!\
\xdaU\xba\x09\x0ac+\xb4Y&\x07\xe6,\xf6\xc5\xf3\
jIn,\x86m\x91~e\x03\xfb\xbe\xff=<q\
\xe3\xdf\xa2\xef\xf0(*\x1a\x8e21nLk(a\
\xde\xc1&\xad\xa1\xcb_\x82\xf3>\xf11\x98\x95\xeb\x19\
{B\xc61G\x9f\xe69\x0b7\xef\xfe\xfeL\x942\
\xb8E?x\x9e\x22\x8cC\x1e\x80e\xfa\xb0xz\x1c\
\x8f\xfd\xd3\xdfc\xdf\xd7o\xc4`.(\xaa\x86f)\
<\x80\xe0\xfd\xd2G$\xcc\xc9&.\x8dU\xad\x00c\
khzW\xcd^v\x11\xb6|\xe2\x03\xa8\xae>\xdb\
\x0f(\xe1\x02\x12\x1e\xd8\xd4\xc7+\x15bhe\xd8b\
x\xb0H\xea\xbb\x8cp\x98o|\xa4\xf7\xa2\x8bJ\xc8\
B\xb5o\xa0\xe1\x98\x05\x96\xf3\xa3q\xe2\x17Z\x03]\
Dt\xb2\xebi\xec\xfc?\xdf\xc4\xc1;\xee@\xd7\xd4\
89d2`Y\xa6Pauo\xf5\xa4\x09\x8aF\
\xa1\x0d\xd4\xa9\xaaM\xa1cO\xf7\x1c\x0b\x8097f\
\xa7\xefu\x5c\xb30\xe3\xf1\xca\x0eY\x81I7\xf9k\
s\xe0\x0f\x8cR\x83\xa9\x09a\x11\xda\x98\xb5(\xa7\xe8\
\xd0X\xe6\xe3\xfd\x97]\xe6\xe3\xfd7\xa1\xb6\xf9L\xef\
\xc6y\xcf\xb1I\x093\xef\xf6G\xa1\x1d\xbc\x18sK\
\xc4\xb5\xb6\xbd+o\xd1\xc6\x80\xabM1\x9a\xd3\xd3\xe8\
\x22\xfd0\x1f6\x8e\xdf\xfb[\xec\xb8\xe1\x0b\x88w=\
\xc9r\xe3l\xf2u\xed\x91\xc6U\xcb\xbb\xfeS=C\
\xb8\xf8?\xfegT/\xbf\xd4\xdb-\xd1AdW<\
\x12\xcb(\xaa\xd8R\xc9Z\x00\x0eH<R\x17\xfeF\
\x06\xd9(\x18(m\xf9\xb5\xbd\xfd>\xdc\xfbW\x7f\x8e\
\xae\xa7\xf6\xa3\x96\xa4\xa5\xac\xcb\x92\x85\x00\xe0S\x91,\
1\xbbtVH:\x99z\x89PN\x96\xea\xa1\x15\x8c\
\xf5\xf5b\xe5\x1b\xae\xc3\x86\xdf\xff\x03\xd8\xa1\xe5\xfcw\
\xac\xe5\xc64>\x86\xeb\xb9\xb1\x83\x22\xfd\x02\xcd34\
\xf97\xbf\xdb.\xd7\x91\xc5\xcd\x928\xdeR\xd7V*\
\xcd$\x8dl\x9a\x0e\x1268]\xd46|\xe8\x19\xec\
\xba\xe9;\xd8\xf7\x83\xef\xc3\x1e9\x84\xee$\x93\x12m\
(+\xb9\x90n4yH\x12\xea\xaf|\xfa\x87\x0fV\
\xa0\x12\xb7*\xb3\x22M\xf2\xbb\x0d3\xce\x0d\x7f\xc8N\
\xcf\x98\x88R\xa9\xaa\x18\x061\xcaA\xca-\xd0\x83E\
N(\xc2\x1a\xa6\x8a\xd6\x8a3\xb0\xf2\xf5\xaf\xc1\xda\xd7\
\xbe\x06v\xf9r\x0e\x19i\x19[:$\x88OO\x15\
\x89\x8b\x92\xb0z\x90\x9a'Z\xfcK\x0e\x11R\xc9K\
\xb2:\xf3Q\xd8\xfa4\xf6\xff\xe0\x07x\xf8k_F\
\x7f\xbd\xa1<\x14F\xd5\xb1RLU#D\x17]\x86\
\x8b?\xf5\xdf\x90\xf5\x0f\xc0\xc4\x92\x9cv\x99\x84\x0b6\
4\xb4)\xc1\x8e[\xc0}\x87$\xa9\x98N\xcb\x9b_\
\x0e\x5c\x1f\xa2NOb\xd7?\xde\x88g\xbe\xf5-\xf4\
6\xc0\x89\xc9r\xa5k6)\xe8Bf\xbb\x03\x94L\
>Z\xae\x10\xf71\x0a\x89\xca3\xfe\x84\xa7R\x1b\x9f\
\x83\x5c>\xa9\xa098\x80s\xde\xf7^\x0c_w\xbd\
\x08\x8c\xc61\x8b\x8c\x1a\xa6\x81\xd6F\x0b\x08\xbe\xb9\x18\
\xfe\xf9\x17.\x988\xc4\x06JS%\x22\xe0v\x08\xa2\
\x87\xaep^\x22\xa6\x13\x84\x1a\x87\x8cXN\xbao7\
~\x94{\xb8\xb7\xfe\xc3\x8d0\x8f<\x8c\xde\xc9i\xc5\
SG\xbaH3\xb5\xd8\xa1\xf2\xe0\xd4\xed/\xca\x90\x05\
,U\xb3\xb2\xb9\xe7;3\xd4:\xd6\xf0\x97\x5c\xf2\x93\
l\x1aZ\xf0\xb4\x9e\xc0\xdf\x06\xb6\x9dT\xc9cd\x1d\
t\xfe\x88\xf6\xd7\xeaZ\xe1\xbf\x91\xa6\xad\xa4\xb7\x1b\xd5\
\x0b.\xc0\xc67\xbd\x09\xbd\xe7_\x04Gd \xd5\x0a\
,S\x88[\x96\xf4\x8e\x8c\xcc\x08m&\xf14\xad2\
\xe5\xa8\x01X@\xb8x\x8c\x18j\xd6\xd03]83\
d\x91'Iad\x0bv\xb2\x8e\x9d7|\x16\x87o\
\xb9\x0d\xfd\xd3\x0dqV}\x98\xd0\xf2\xaf\xa9/\x1b`\
\xda\xfc\xa1\x97^\xe5\x7fXc\xcf$1\xd2\xb8\x163\
j\x15\x08\x8dn\xb2\x9e\xe6\xe7\x05\x98\x90^\xcb\x13\xf8\
VK\xef\xd4\x07\xd3\xc0\xf8\x8e\xfb\xb1\xf5/\xff\x0a}\
O>\xed\xc7-cz\xf2\xf2\xe1\xb9$\xdd\x80a\xb3\
FY\x91\xf8qa\xebp\x9f\xb6\xe5\x98\x88\xfb\xf7\xa9\
,\xb2n\x15^\xf8\x89\x7f\x8f\xfe\x0b.\x01\xba\xfa\xfd\
\xcf\xc8\x00\xa4\x8a\xf4\xd3\xe4\x1f[\xc4\x00\x1b13>\
\xb1#\x1cIO$\xa3j\xb5\x19W\x01\x82,\x19/\
\xb8HD\x16H\x18\x82I\x22#\x01T2\x12\x8b}\
1\x1f\x1e\xec\xd9\x83=7\xdd\x8cgn\xbd\x0d\xd5\x03\
\x078\xd6\x92\xcc\xb6\xe3\x92\xa2\xcb\xab\x13\x92.a\x9f\
 \x0b\xb1G q\x081q\x87J\xc0\xa9\x00\x00\x5c\
\xc4\xc9\x0f\xf6-\x89\x8aG\x8b\x02\xf3\xb7\x11\x00\x0d\xe3\
6\xf8\x14uJ\xac!\xd0Z\xce\x11\xf8M\xc5\xdcx\
\xab\x96c\xe5\xd5Wy\x97\xff-\xc0\xb0?\xf5m\x17\
o\xa6\x94\xa9\xba\x85q\x9a\xbcD\xe2\x960\xca\x0d\xd1\
\xca\xe5\xe7\x0c\x93\xc4\xcc;\x07\xd0\xf9,\x9b\xc7\x9f\x85\
\xd4{\xa6\x0a\xd7)\x9a;\x1f\xc1\x8e/~\x01v\xeb\
V\xbf\xe1\x12^sS]\xdd\xe8\xbb\xfa\xe5\xd8\xfc\xa1\
\x0f\xc2-_+\x10\xf6Hr\x03\x8ciu\xae@\xf2\
\x91\x97\xabFp\xfe\x06@Bmh\xc3\x14\x19\xa7\x0a\
\x09\x906\xa7\xb0\xeb\x8b\x7f\x8d\xbd?\xf8\x09\x06\xa62\
\x86#\xbb\x19\xef\xbb4|\x00\x90\xd3\x90ZlE\x00\
\xd4\xcaC\xf2\x0b\xda\x1b\x1d\xe8\xa7\x13\x15?a\x97\x5c\
\x8c-\x7f\xf8!t\x9f\xbd\x85\xdd\xbb\x88N\xe54\xd1\
\xd2\x9e\xb4uZh\xe3\xce\x02\x04\xe2\xac\x1a\x80V\x94\
i\x05@\x13RV\x16\xa4\xc9_#a\x86\x90,\xa6\
\xfc\xc5\x86\x87^46\x81\xb1\x07\xb7b\xf7\xdf\xfd\x0d\
&w=\x8a\xee\xac\xc5:\xf3\x0cc\xf6!\x04c\xad\
U\x96\x5c\xa8\xce%\xdf\xcf*/6S\xaf\x00\x22u\
\xfe;\xb3\xdb\xe7\x1crIuj,`\xb2\x90\xe0\x93\
\xe4iSe\xdb\xac\xdf\xc1U\x82\xcf\x12\xdf\xbf\x12\x5c\
\xd6\xfd\xf0L\xf9M\xdd\xb5\xe9\x1c\x9c\xf3\x8ew\xa0\xff\
\xe2\x8b\x90\x0c\x0es\x1e\x80\x84A#%\xc7li\xcd\
\x9b\xb2\xeb\xa2\xa9\xe7t\xfe\x0a\x04(\x19\x1d>x\xec\
\x12\x8d\xb7+\xd2\xb9VsC\x94\xfb\xa942L\xdd\
\xf9Kl\xfd\xc2\xe7P;t\x10\x15\x7f\xdf\xf53\xce\
\xc0\x99\x1f\xfc\x10\x86\xaf\xbe\x1ai\xa5K\x93!\xe2\xad\
\xc8W\xaa\x89r\xe4jF\x855\x9d\xcf\xa5\xbd\x08\x10\
!\x13\x02\x12\xc5\xae\x89\xf4\x89\x87p\xf7\xa7\xfe+\xfa\
\x0f\x8c\xd3Y\x86\xb8C\x08:\x83\x12lq\x0e\xa4P\
\x04\x0c\x9c\xff\x14\xdf\xc5\x81\x94\x11\x12\xd7g\xa6p[\
\x88\xdd7\xe9\xee\xc2\xd0\x85\xde\xdd\xfb\xe3?\x82\x1d^\
C&\x80cf\x16D`\xae\xc1\x887eh\xdf\x9d\
\xef\x15\x04L\xb8S\xcciw\x14M\x98\xf8\x5cy\xb2\
Rr\x15FJyNu\x10\xa1\x8b\x95^\xe3'2\
;r\x04{\x7f\xf2C\xec\xfb\xf1\x8f`v?\xc1\xca\
\xc4\x9c\xd3\xa0\xf7eUd\x99\x0c\x13\xb8\xe7s9k\
\xa5@_\x82ux\xaa]\xc1\x00h\xab\x5c\x9e\x0cK\
\xd5\x0c\x12?$qb\x110\x856p\xb3\x12\xa1\xe9\
'e\xda\x1f\x02f\xc3z\xacy\xc5\xab\xb0\xe6\xba\xd7\
\xc1\x0e\x0e\xf9A\xad\x8a\xec\xbb\x95\xba6\x9f_\x99\xf4\
\xd4\x9bPu\xd1N8\xce\x03\xa8\xd7\xc5\xc9^\x05\x9f\
-\xcde\xf8\xa4\x8ex\xe7H\x09O\x18\x88\xbd\x89O\
\xab0\xd3S8\xf0\xe3\x9b\xf0\xe4W\xbe\x8c\xb4U\xe7\
\xd3\xff\xfcO\xfc\x11\xd07\xc0\xa3@\x19z\x96\xf4f\
\xf6 \xba\xfbV^\x09\x88\xd3\xa2\xb5x>\x97\x94\x0e\
\x09\xf8l\xb9\xb9-\x8b\x05\xa5h\x0f\xed\xc7\xf6\xaf}\
\x19\x8d\x1f\xde\xc2HW:\xf0b\xadD\x85yZ\xb2\
*@\xde\xa3\x9fWu\xc2\x89X\x94\x7fRu\x97Y\
_\x80\x05\x11R.\xf3,{\xe3\x1bq\xd6;\xdf\x0d\
70$`\x22\xb6\xac\x91\x00.\x02\xccw\x81\xac\xb0\
\xa1\xf6\x1c2\xf6NO\x0b\xe8i\x11z\xc7\xb3\x9c8\
\xa1\xe0\x1b\xd0\xf3\x0c.\x91\x82\x1e\xd1\x8f\x8f\xdf\x7f\x1f\
\x9e\xfe\xd9-8\xf4\xeb\xbbP\x1d\x1bc\xfe\xb9\x0a\x95\
[\xf4s\x13U\x9fA\x18d\xa7P\xe7\xd3*\x01x\
bGA\x181\xd9\xf8\xaeH\x06R\xbbn\xaa\xf8\xf9\
L\xf8\x18\xa8#t\xdcOk}d\x00+.\xbf\x0c\
\xeb_{=\xba\xcf<\x0bY\xb5\xdb\x1b\x8a\xaa\xbai\
\xea\xb2F\x86\xb5\xf1\xac\x91\x93W\xde?$_\x95\x10\
C\xfb\xe1Sm\x08\x8b\xb2\xa5Q\x85\xe2C\x0dR\xd9\
!\x94]\x16\x89W\xcb\x804\xe6\x9e\xf4\x06a\xf4 \
v|\xf5\x7f\xe3\xe1{\x7f\x8dW\x7f\xf2?\xa1\xff\xa2\
\x97\xb0\xa4]\xc6\x1d\x8ad\x00\xaa\xdc\x07\xc3a\xa3\x8a\
\x97\xca=\x9br2\xff\xb8w\x9f\x18i\xad'2\x14\
\xcb\xd2\xe3\x09{\xca\x93\xf7\xde\x83\x87?\xfbyTv\
?\xc3\xb2\xe4M\xef\xb5v\x13\xde\x86EHJ%\xd8\
v$`\xf8G\xb8\x83\xe3l\xb6\xb6;,\xea\xdb\xe5\
\x8an\xa4\x22\xa1\xa9>U\xa0tV\xcaF>\x91\xd9\
0p\x13W\x86\xc9\xc1eX\xfb\x967a\xf5\x9b\xfe\
\x15L\xf7\x00W\x0c\xc2\x06>^\xbd\xbb\xf3-\x16\x7f\
U\x107\xa8\xf7\xa1e\xa7\x00\x9d,\x9eBr\x04\xd2\
_N=\x02\xe0S\xa8\x95\x88\x82\x0b\x8b\x8e\xee?\x8c\
i\x1f\xef=\xf6\xcf\xdf\xc2\xc4c\x8f\xa3:1\x8e\xee\
f\x93i)e\x01Z\x14\xfc\x85R5\x08\x8c\xb4\xb3\
\xc7o\xfeH\x80\x05\xd5\x87Nj\xed/\xfc\x0d\x02\xf8\
\x8b\xdd\xf3Lf9\xe0&h)U8\xd3m\x98\x11\
\xa7\xd9\x15c\xca\x1b\xfc\xe5\x17\x5c\x88\xf5\xaf{\x1d\xba\
\xce{\x81\xf7\xfc\x86\xf50\x80\xe4Q\x18\xba\x1dk\xdc\
\xea$|T\xef\xd1(\xde\xa4`\x97.\xd4\x7f\x02M\
\x96]\x88\x17\xbd\xc0\x91Iu\x1d\xc7.\xcb\xab^\x96\
K\xbe-o\xbc\xc8\x1040\xf9\xf8\xe3\xd8\xbdc;\
6\xbf\xf2Z\x98\xfeA\xff7\x12\xc2r^\xcb\xc5Z\
\xf5\xc8T\xc4\xd6\xe4a\xc0B.\xe6\x04\xf4\x86%f\
K@\xa8W\xff\x93\xc9Q\xec\xfa\xea\xd7p\xe8\xa6\x1f\
\xfb5\xd9b\x01TZ\xfa\xb6\xe5\xd7\xbam\x97\x123\
\xdb\xaf\xb84\xf8\xba\x0b\x8f\x03\xe6\xf8\x9bP\x8e\xa0\xc7\
\x12\x03\xe0r\xc9\xee`\x1c\xd8\x15\xcfc7\xc3]P\
\x9c\xdc\xf1\xb36\xb5l\x00\x1b\xde\xf1v\xac~\xe3\xdb\
T\x1b\xcdpR0\xd1\xdaz\x94\xbb\xd6\xc5eJ \
\x8a\xa2\xe4T\xa0\xc2\x5c\xd0\x86w\xc5=8u\x15\x8b\
\xd7;\xc5\x19\xb9\xd2\xdbK#\x111\x1b\x13\x99\x02k\
\xbb[\xa57\xcf\xa6\x81\x89#8\xf0\x8b_\xe1\xd0\x1d\
\xb7cj\xebVD\xe3c\xa8\x06\xe4\x1a\xa4\xb6\x1bg\
F\xb3\xdd\xe5\x1b>\xce\x00v\x1a\xe0\xb9\xe4~:\xbd\
\xcdB\xd1{\xe68\xbfo\xbb\xef\xce\x7f\x9b{[.\
\x18\x00'\xdd\xa0\x0ar\xa1v\xd8\x96_\x17\xd3\x83~\
N\xcf\xdb\x80\xf5\xaf|9V^\xf9j\xa0g@P\
\x80\xdc\xe5g\x99\xd0\x85\x8e\x83&\xb9\xd7\xd4\xc3\xee\x7f\
\x1e\xb5\xa4,\x0c\xce'\xa5B\xbde\x05o\x01%\xe8\
4A\x0e\xbc\x94t,\xa2\x80NP\xb6\x0eg\x1e:\
;je\x97\xdc\xa8{\x1b~B\xf4\xdc\x22\x96K\x08\
\xc1\x84\xabX\x9c\x87h\xc4\xc2\x1b@\xef\x1b[\x86\x06\
\xd3aB\xdel\x0b\x9a4VU\x1f\xf6py\xe8\xd2\
\xb6\x81.-\xcb\xf69.nF\xee\x85Bd\x7f\xb2\
S\xe2o\xfa\xc1{p\xf7\xa7?\x83\xfeC\xe3\xa81\
\xf7%o.!\xc2\x85P\x82\xe7Kj\xc9p\x00\xfa\
\xff\xb0\x99\xb2|\x22\xe4\xd3\x05\xfb\x1d(\x8c\xb4\xfe\xa9\
\xf1P\xab\x024W.\xc7\xe6\x8f|\x1c\xcb^r\xa5\
\x1f\xbcn\x89\x01\x89? iq)Qb&\x09\x09\
\x98\xfc1\xb3\x8a\xf3O\x05H\xc1V\xb6\xa2 \xa2,\
\xf7<\x82K\x1e*\x0bE\xcd\xbe\xb8=S\xca\xca\x96\
\x17\x0dw}\x19\xf1\x8c\x18\xb6L\x0d!\xde\xd2\xdb\xa4\
\x89\xec\xe0\xd38t\xcf]\xd8{\xdbm\x18\x7f\xe8Q\
t\xd7\x1b\xa8Q\x89\x91\xbb\x0f\xfd\xfd&\xa2T,=\
\x99\x86q\xea\xc2zc\xf5\xa4\x0b\x83\x96ib\xa9\xbd\
b\x10\x5c\xe9\xbc\xdf\xbb\xf4,\x08\xbf;\xc6\x9c\x94\xb1\
w!G\xd3\xf95\xfa\xca\xd2\xaf\xcb\xdd\x0f\xc1\xce:\
-\xe1\x91\xec\x9bL\x9f2\xf7@\x81O\x5c\xc7W#\
\xeb\x9f\x99\xf4\xee\xc7j5,{\xc1yXq\xf5\xd5\
X~\xd1\x05\x88\xa9\xa6_\xe9a\x8a8\x93'\xd54\
\xa1j\x0bv\x1b\xae\xa73S\x9bU\x03\xad\x8cS:\
IE\x9f\x86)\xa8\xb0\x11\xbc\x03W\xb2\xef\x85\x06A\
y\x03\x1b-5\xe7\x98\x81<u#\x19yv\xcf\xad\
V\x7f\xb2@\x01\xe6r\xb6!\x9bFy\xe8!9\xaa\
T\xe4\xc5i\xfd\xa5\x9a\x16\xb7\x01\xe3 \x5c\x16i`\
<\x0as\xa9\xefY\x82\xd1B*h\xe5\xe7*P\xb5\
Fs\xe9\xb2&\xd4\xbb%\x0fc\xfa(v~\xe1\x06\
\x8c\xfe\xe8\xa7\xe8!\x8dL\x02\xd3\xe9k\x12'\xe1I\
y-t\x08\x01\x16\xefj\xb3\xa6\x9dN\x8e\xb6\xa5g\
5yD\x03M\x84\x09\xfe\x86\xd7\xaf\xc7Y\xefy/\
\x96]q\x15s\xbf\xb1\x1bA\x0f\x93\xc9\x09@\xd6R\
\x8cL\xa4\x1apl\xf7\x116<%[\x02\x1a\xab\xb3\
\xf5<\xc6\x8dw\xbaJ\xef\xc1\x9fK\xaa\xb5~c\x13\
\xdc\xd3R\x9a\xd5\x1b\xa7\xcc{\x00\x8d\xbb\xef\xc3\xa3\xde\
\x104\x1e\x7f\x02\xee\xe0\x01n\xc6\xa8R\xa8\xc1\xd3\xef\
\x98\xeb\x9eB\x8a\xbc\xf3Pw\x94\xd1gc\xec\xb8-\
\xfa#\x8bX\xb70\x00\xc6\x145`\xe4?\x9f\xdb\x95\
\x13c\xa1\xe1Y\xd0@(m\x94Y\xc3Q\xe2\xca\xb7\
z\x0cIU\xb70\x10Z4\xe5\xcc\xb3\xb3\x05\xd3s\
\x10b!\x8f\xadQ\xf5\x9e\xd3\xc82\xf4\x9d\xbb\x19\x9b\
^w=\xa2\xcd\xe7\xc2\x125\x5c\xadG\xdc\xdeL6\
Mx\xc6\xf2iW,L\xe8\xe6\x9d1Mm\xd8\x90\
\xd2\x13\xb8\xd2\xef]\xf1\xbb\x02\x10]0SKbX\
\x8c\xadp\xfb\x87?\xa6\x07\x8ay\xc30\xd3T\xd4\x84\
\x1c61\x9f\xf8\xfc.Q\xd6\xfey(/\xf8\x19\xf7\
\x1c\xe6-\xbf\x970\xb7\x98u\x00\x058\xbd\x8c\xa1\xec\
\x0d\x9b\xe78\xe4+\x0a\xda\x1a\xf9q\xee_\xd3\xaa\xe3\
\xc8}w\xfa\xd8\xff\x0b\xe8\x7fz?{J\xb9I\xe7\
0\xbc\xa0\x1b\x9fm\x00\x9e\xabK\xd9L\x19\xffel\
\xee\xb3\xd1bhRw\xd4\xc65\xd8\xf4\xe1\x7f\x8b\xfe\
\x97^\xe6\x1f\xa2[8\xcdm\xbbk_>\x99\xe2T\
\x0a\xd0Y\xe4C\x06\xa2\x07\x87\xd5F\x9e%\xb8\xf4\xc4\
\xe0\xd3\x9a'\x92\xf8\xdcRF`\x99\xf1#8\xfa\xe8\
#\xd8\xf7\xf3\x9fsh0\xbdg7*i\x83k\xd4\
\x152X\x99a\xcf@\xf4\xe7\x05\x85\xc8\x1a\xf2J\x06\
A\x8f\x91\xaa\x8eZH'\xb6\xad\x93\x00\xba\x09\x9b\xd8\
\xce\xa6T9\x96\xde\xca\xccT\x04\xbf\x87\x99\xfd3M\
\xd9\x02a1\x99RC\x14\x9fBa\xfc\xa5\x92B-\
\xa8\x0c\x97\xf6\xcfX[\xb9\x0a}/\xb9\x14+\xae\xba\
\x02\xfd~\xe3\xbb\x81\x11>U\xa5\xe9'e\xaf0x\
\x82K3?\xd0\xaaNXSr8d\x9a\xf0\x0d\x06\
!\xcad\xa0\xb8CT\xbd#\xf6Ji\xb3\xeb\xc9K\
]ul \x18f\x1c\x01j\x18\x96\xec\xbe!\xc9i\
\x92\xe33\xfao\xa3\xf9%V:\xca4\xf9)>\x93\
\xc0\xe3\x0f\x1d\xc0\x8e/\x7f\x0d\x13?\xfe\x19\x86Z\x0d\
N\x08\x86\xc4\xbbT\xb6\xacz(\xc5g\x1c\xc7\x00\x9c\
X\x22ha\xaczYN\xea)(\xae\x98\x1fL\xba\
\x00R\x7f\x82\xf8M\xb2i\x03\xce\xff\xe0\x07\xd1\xf3\xc2\
\x0b\xfd\xc6\xe8\xf2'o\x95\xcbo\xb2!,o\x16\xb1\
\xf6\x04\x0c\x89\x14\xa0AtPMuI\x97\xc6\x00\xa4\
i\xa6\x13@\x19m\xa1$'t\x17\xe7Y\x88\xf7\x8d\
p\x0c\xe3\xe3\x98>4\x8a\xc9\x07\x1e\xc0\xae;\xbc1\
x|\x17\x86\xa6Z\xa8\xd4\xeb\x5c5H\xb9,\x04i\
[\x0d\x99S\x13p\x0aJ99\xb3\x9d6L^\xdb\
a3c\x1a\x8f\xb1\xf9ga\xf2\xf3\xd4g\xfb\x9c\x87\
\x138+\x9d^\xbc\xdd\x9d\xcb\xd5'\xa8\xe3,\xe1D\
\x947\xd6\xde#\x9a\xe8\xae\xa0JF\xfb\xe5\xd7\xa0\xe7\
E\x17\xa0k\xf5\x1a\xa0\xbb\xdf[\xe6\x1aB\xc7$\x1b\
\x0dz3J\x96e\xe9\x92\x19\x80\x90\x1cd\x17\x9fS\
(\xa9vp\x82\xef\x85\xa1\xb7\x01\xc1i\xa0\xa011\
\x12\xf2\xe4\xc2\x14-\xea\xc1\x99\x8eqp\xb7;\x87Q\
\x8bu\xdf9\xc2OO\xf8H\x0d%}\x9fXm\xa1\
\xce\x94\x07\x83r\x0b\x98\xc6\xd1\xbb\xef\xc6\x8e\xbf\xb8\x01\
=\xfb\x9f\xf1\x1eg\xa2\x90y\x93\x1b;Ivg\xc5\
g\xa0\xa3\x01X\xe8\xa6\x9f\xcf\xeb\xe7\xce0J\xd9\x88\
\x0b\xed\xb2\xedy\xb2*\xaa\x0bGX\xeb&\x1a>~\
\xb4g\x9f\x8dM\xff\xe6=\xe8{\xe9\x95\xfe\x81*\xa5\
\xe6\x1b\xe3\xc3\x05y\xaf\x5c\xa4A\xcbnR\xde\x9b\x0b\
\x0d\xd6\xe9\xbe\xe7~\x96\x99w-9\x80\x8a\xc4\xc0z\
z\x83\xa1\x9d\x8e\xc1-\x11\xd5\xbb\xb5\x02\x82\x96\xb8\xb8\
fj\x12\xd8\xbd\x07O\xdeq\x07\x8e>\xbc\x03\xcd}\
{\x91\x1c>\x80j+A\x95J\x89Zy\xe1\xf6\xa7\
0A:\xf9eDk\xc8r\x97\xaf\xcc\xe4,\xf0\xb3\
\xae\x19\x1e\xa6f\x9c\x0bw9w\x07;\x18\x8d\x22G\
\xe3\x14s/\x0b\x88\xc0]M\xbf\xe9\xebq\x84h\xf9\
\x0aTV\xac\xc0\xca-/\xc0\xea\x97\x5c\x86\xca\x99g\
\xb3$\x1c\x9f\xb4\x95*c:\x18l\x95j\x0f\x07\xf5\
zP\xc27\x15\x8dI3\xefJ\xd3\x02.\xcd\xf3\x84\
o\x82\xc7\x98\xa9q\x956e\xa3 \x1e\xe4\x15\x1bR\
\xf9\x11\x98\xb7\xfc}f\x04o \xed\xca.\xff{\x9c\
\xe0m\xcd\xe7\x01\x83=dO0\x97\xacC\xaee(\
\xf7\x14\x8c\x029\x9e~\x1c\xebG\xf0\xdbO\xff\x19\x9a\
\xbf\xbc\x07=>\xe4\xb4F\x9a~\x08W@^\x04\x01\
\xb0\xac\x8eC\xe7\x1c\xc0sti\x1a\x8f7\x8f\xe1\xdc\
(Y\xb6\x0a\xf3\xf432\xcf\xcfD\x92\xb6\xbc'P\
Cv\xeeY8\xef#\x1fB\xf7\x96\x171\x9e\xdai\
\xd5 X5\xa3\x9c\x01V\xd1~\x5cR\x9a\xa1\xd3\xb6\
X\x17\x0fZ$-\x9f\x12AJ\x99*\xd3\xae,:\
\x19]\x1a\x5cu\xf1B\xc8\xcd\xa72\x0d\xb1\x22g\x87\
\x0fb\xec\x89\xc71\xfd\xd0Ch\xfa\x10\xe1\xa07\x08\
nrR\x5c=\xce\x84;I\xe0\xb8\xd0O?c\xcc\
f\xac\xbe\xb4d\xe4\xda*\xb3\x9d\xee=\xb7\x08\x05V\
\xc1\xce\xf1\xfa\x90\xd9\x0f|\xf3\x04\xe5M\x89[\xb1\xaf\
\x17C\xde(w\x9fw>\xba\xcf\x7f\x01\x866lD\
Le\xbc\xb8\xd7\xdf\x7f\x8d\xbd7\x13\x85\xfe\x08!\x05\
qY\x00\xf5\x88\x17\x11rD\x8b.\xdf\x95?dH\
\xac\xa5\xfay\xa1\xd9F\xba\xe7Ln\x18B\xe8i\xa4\
df2=\xf5C\x93\x924\xb6\xd9T\x0c`+\x0e\
\xd8\x8e%\x0a-K\x15\xad\xc2;\xd1\xb9\x0d\xe0\xa7\xe0\
\x11r\xc9\xc3\xef\x8f\xdf\xdc\x85{\xfe\xd7\xa7\xd1\xef=\
N\x82 S\xe6\x8fV\x7f-\x11\x03\xd0\x88\x90?\xef\
q\x0c@\xf9\xacp\x85\xaf\x80Ngw\xa7\x018\x96\
\xc9\x9eQ3\x0a\x89+'0!\xee\x96\xe3\x90 \x92\
X\xd1\xd9\x1cPB\x0b|\xd2\x87\x03\xe9\xa6\xb3\xb0\xf9\
\x9d\x7f\x80\xc1K/G\xda\xd5\xc7F FR\xdc\xab\
\xad0D\x97\xba\xfcR\xed\x14[\x0a4h\xe1\xfe\x89\
\xe4X9\x0d\xcf*e\xa1\xea\xe0\x5c\xde-(<\xf5\
\x19\xc7\xd3\xbc\xc0\x12\xff\xef\x86w\xd5\x1a\xd3H&\xc7\
Q\xf7\x06\xe1\x99\x1d\xdb\xbd1x\x18\xf6\x99\xfd\xe8\xf2\
\x06!\x9bn\x00\xcdT\x0d\x83R\xacp\xb2P\x060\
\x0a\x1f\x9b\xbb\xd1\x9a@\x0a\x9c\xfa\xa5\x90\x8cc\xdbR\
\xd2\xa9(-\x05\xfc\x86\x93J\x87&+y\xf3\x93\x8e\
b\x7f/\x92\xae\x1e\x98\x91\xe5~\xd3\x9f\x833\xce\x7f\
\x11j\xe7\x9e\x87\xa8\xa7\x17Qw7@\x94X6\xac\
\x13\x0al,c\xd3\xb9L\x07\xd9H\xc1\x8b\xb1.\xb4\
\xee\x86\x1cN1V\xf3\x18\xf4y-\xad\xf0=w\x9f\
\x98T\xc5B\x9cd\xf5\x09\x81Gm\xc6\x94\xa7a7\
\xd9q\xb3\x0e\xb1F\xc5\x9c\x9b\x91^\x05\xbaY\xce\xe0\
;\xc5\x84@j\xfe\x84FM\x04\xbd6\x87\x90\xecB\
\xd7Q\x07\xdf8\xd3\xa4\xaf\x09l\x89*\xe8\x09It\
\xb3g\x1f\x13T\xde?C\xecGs\xf4 \x1e\xf9\xdc\
\x17\xd1\xba\xe5\x16\xff\xe3\xa6\xc0\xd7\xe3\x88\x0f\xa3j*\
\x87\xa2pa(\x03wi\x9cN\xda\x03X\x94\xe2\x81\
\xfa\xe8*\x0a\xcdn\x8f\xb4\xff\x1a\xed\x94r\xbc\xa9\x12\
\xbf\xa0&\xaa\xfe\x81\xd6\xad\xc3\xe6w\xbf\x0f\xc3W]\
\x8d\xac\xd6\x05\xe9\x0c\x91\xb2\x1a\x91Af\xde5m\xa5\
Mn{\xb400\x0b|\xc2\x8e\xcf4k\xa6B\x86\
Y\x0dO\xa8\xc9\x94\x08T\xca\x94`b\xc9S\xadS\
[v\x8b\xd9\x9d\x8b\xa44c[\x0d.\x9d\xf1R\x1b\
\x1fC\xb6o\x1f\xa6\xfc\xd7\xe1\xa7\xf7\xa3\xf1\xcc\x01L\
\xfb\xb8\xae~d\x14\x89\xb7\xf0M\xff\x85V\x93\xfb\xce\
\xc9K\xa0\xd6\xd38\xc9r*3\xab\xf9\x04\xa6\xc4B\
a\x04d\xa3I\xf2*SW\x9c\xa4\xd1Z\x5c\xc3\x8e\
\x90\xf8\xb0%\xea\x1b@up\x00\xbdC\xc3\xe8^\xbe\
\x1c\xd1\xb2!\x0co\xdc\x80\xde5k\x10\xad^\xcd\xe2\
.\xc4\xc1\x9fU\xbb\x0a-\x05\xe7\x14bZ\xc4\x97,\
\x90iJ\xa1F8}\xca\xb9\x0c\x14=\x03\x8b\xba\xf8\
\x5ca\x8f3\x13\x0cg\xc0\x8a\xc8\x86\xa0\x9fEd\xa0\
\x08\xb8C\xba\xb2Mr\x9b\xab\x1c\x9a\xb0L\xac\x1f\x13\
\x96\x9d\xcf\xb2\x1c\xa4#\x1e\x99\x10|\x06A\x90\xc5\x0e\
\x96\xf9u\xae0\x00\xd6\x05\xc5\x1f\xc3If\xfa\x05\xb1\
\x1d'T~\xf6\x07\xa2mM\xe3\xc0\xad?\xc7\x93_\
\xfa*\x96\xf9C\x83\x92\x95I\xa6IL\x03\xe5$\xb4\
9xjfr\xe88e\xc0\xf6\x84\xd0|\x22\xe6c\
%\x01\xe7\x1c\x80<\x8d/}\xd1An\x19\xdc*)\
\xad\x9d\x82(\xcb\xd8\x10P\xec\x99\xae]\x87M\xef{\
\x1f\x86^v9@m\xa2\x91z\x11\xa9\xd4\x9d\xa9F\
\x8f\xb4\x95O\xfa\x92\x5c\xea\x1d\x85\x00$\x94[L\xe1\
c\xe7\x1arR\xea\xd2:r&'\x11\xf1\xd8\x13]\
3QB\xd7\xe8\x04\xf5\x9b\x9a\xc2\x04\x0e-\xd8\x96\xf8\
g'\x02\x87\xa9I4\x8f\x8e\xa11=\xe5=\x85\x09\
\xa4GG\xe1\x0e\x1d\x80\xf1\x06\xa2>z\x18\xad\xb1q\
\xa4\xe3ShNN\xa1>UG\xea]@\xaaFP\
\x8cM9\x0a\xcaOX\xbf\xc1\xc9+\x8a\xfd&\xafP\
\xa2\xae\xb7\xe6\xbfzQ\xed\x1f@\xcf\xf23\x80\x91\x15\
\xc8\xceX\x0d;0\x88jO\x1f\xba\xbc!\x88{\xfb\
\xfc\x86\xaf1\xe7]\xe6\x84\x05\x87\xde'p \x86\xec\
\xb2Q`\x96\xe4\x17$\x04\xa2n\xbc\xd00\x13r\x7f\
\xb94\xb7\x0bL\xc0V\xe9\xe2\x96&D\xcb\x02\x86 \
\x0b\xf9\xa2\xdco\xf6a%\x91\xd6\xd2G7|\xe8u\
\x14;o\xff\x056^p\x09\xaa\xabV\xc1\xd5\xbc\xc7\
C\xad\xe8V\x18\x89\x08`\xc3hN\xe5\xea+\xfaQ\
\x96&\x04\x10\x83\xa3.{\xa6\xc5]6\xa4\x927\x89\
\xaa\x11\x9a\xc4C@?:|\x08\x8f|\xfe\x8b\x98\xb8\
\xfdN\xf47\xa6\xb8\xba\xc2\xd5(\x1e\xd7H@h\xa1\
\xc4\xaa\x01w\x1b&\xe6Y\xcf\x01t\xb0\x02N\x89=\
)V\xa6xE6\xbf\x90B\xf0\xa2\xa2\x07R>\xbe\
(\x15\x8b\xd8\xacE\x98\xf2\xa7\xd3\xda\xb7\xbc\x15k\xdf\
\xf0\x06d\xdd}\xf2\xb6\xd5H<\x02\x9a\xa7(j\xd3\
\x98[\xec+5\xe1q\x02\x1f`0\x00j\x8cJ\x1d\
j!\x17 { \xcb\xeb\xdc\xe2n\xaam\xd6\xc9f\
\x90\x90\x16p\xb8h\xa6*4\x8c\xe3VP\x09o\xba\
T\xc1E\x9a\xa5g\xdc<\xfd\xc4\x08G\x1e\xca\xe4\xa6\
\x81\xe0\xd4F\xea\xa8H\xb5\x1e\xa9J\xb5G\x81\xd7P\
\x13\x85Z*\xe3\xf4L@\x9b\x11\x9e\xdf\x05\x0c@\xf1\
Z\x83\x82\xda;\x18\x868K\x110\x19P7?d\
\xa3m\xfewsC.\x16g\xa9)!\xa9\xba\xd4\x89\
\xe6$(\xfc\xca\x88:\xbc\xe9\x0d\xebS\xbb\xf1\xd8\xdf\
\xfe=\xf6\xfc\xe6>\xac{\xd55\xd8\xf2\xdew!\x22\
\xc6j\xdb\x85V\xcb\x1b\xe7\x9a\x8ce%Hl\xe9|\
.\xd5\xe6\xe7\xd5\xa1\xa5\xd5\xd0\xdf\x10Be\xcb\xe4\xde\
\x19\x9aT\xe1\x8a\x12tMM\xe3\xe8/\xee\xc4\xd6\xcf\
|\x06}\x8d&\x93}D\xca\x09\x1e\x08t+*\xbe\
+\xe5CMF\x97\x8e\xe8\xe7<\x09(\x96:S \
\x8f\x15,\x80\x22\xa6\xc8\x00\xb8|@bM\xbcXM\
\xb6\xa5h\xd5b\x8c\xf7tc\xc3\xef\xbf\x1d\x1b\xae{\
\x0d\xdc\xb2\x11\xb4(+M\xb2cI\xfbF\x5c\xf4\xf9\
\xcaGM\x9b\x8b\xe4\x9f\xb2\xe9`J\x19\xf5\xe0`\xe5\
E4=-Kpc\xda\xb0\xaa\x96\xac\xc8\x1a\xda\xa7\
yd\xce\xd9\xdf\x904\xd3x\x94Otz_\xc1P\
s\xd2-\xdf\xd8\x9c\x8f\x94\x90(R#\x98g\x08L\
H\x17\xf8\xe5d\xa2<y)\xe8F\xe4\xb1<\x8b\xb6\
(\xa2-l\xd6,\x7f\x12M\x1e\xa6\xc5Od\x9e\x0a\
O\xcbj\x92\xad\x04y\xc9\xf9\x00\x8d+\x98\x80\xb3\xa5\
\x98\x9b|\x8aL\xb1\x89 \x06\x9b<HN\xb0zo\
\xab\xb1c\x1b\xb6\xdd\xf8u$\xdb\xb6\xa1\xd2h`\xa2\
\xaf\x0f\xe7\xbc\xff\xfdX\xfd\xda\xeb\x91\xc5\xdd\xccY\x91\
q\xa1Vb\xf0H\xd3\xff\xb4\x99\xca\x89\xb4\xc5^V\
._?\xf2\x9d\xa8\x1f[\xce\xe8\x13\xa4\xb8\x19\xf9\xf0\
6\xad\xa3vx\xd2o\xfe\xbfD\xf2\x9b_ n\xd1\
k\xa9+0c\xedA>H\xfd\xf7\xb5T\xc3>\x15\
\xcc9\x01\x030\xef\xc8\xe5\x84\x86$\x18\x00\xbe\x99\x12\
\xfc\xd5\x94\x12E9\x0d\x88\xb2\xef\xd0B\x22\xae>\xc2\
V'~@&zz\xb1\xea\x9aWb\xe3\x9b\xdf\x0c\
\xbba#c\xca\xad\xadzo!fQ\x04\x81qZ\
\xcd\x11\xe8\x10\xe7\xe8\xad\x19\x084\xcc\xffqm\x90\x83\
\xb1\x81+\xb08\x03C\xc2\x0b:\x99\xd2\x80T\xc4\xbe\
e\xce8c\xa5%\x9a2\xe4\x91\xb1\x8a\x8e+\xddJ\
&\xe0\x15\x93\xbb\xdf\xb2\xc1\xd1\xa6\x09\x97\xf2\xc9_T\
\x00\x8ai5\xa5\xbcD[\xfd\xdf\x85\xb3[\xc6\x1bA\
\x88\x13\x22\xc9-\x86@z\xf0]\xf0\xd2\xd9\xa6\x0ag\
\x1f\x1b\x07W\x849!\x080\xf9( \xdf\xec\xf9\x5c\
\xaa\x0b^x\xe3\x0b0\x009\xf8\x0by\xb8\x85\x12J\
2\xf8\x22\xf2\x9a\xf0d\x8e\x8d\x91\x0d\xd0Y\xfa}c\
\x12\xad\xad\xdb\xf0\xc0W\xbe\x86\xf8\xb1GQ\xa5\xfc\x8b\
\x7f\xb3\x86\xad`z\xc3z\xbc\xf8\xa3\x1fC\xcfE\x17\
\xf9\xfdTU\xaf'\xe5\xec\x14\xd7\xdd\x19\xf0\x94\x169\
\x85c$%\xf3_\xcf7y\x19\x12\xe3\xae@,\x16\
c\xeb\x9d[W\x85\xe0d\x9b\xa8f\x138\xfa\x93\xdb\
\xf1\xd8\x97\xbe\x82\xda\xe8\xd3\xea]\xc6\xcc\xbbIT\xc3\
M\xca\xf3\xf8\xe7\xa9\xe4|\x09E\xa0Z\x0e\xd1;\x1b\
\x80<S\xecp\xec\xd6\xdb\xe3l\xfaR\xc6\xb9\xbd6\
ef\xbd,_\x96\x1d\x13\x0bz\x1fe\x14\x0c\x14+\
N\x09\x19\xff\xf0$\xb3<x\xc9E\xd8\xf8\x9ew\xa1\
w\xf3\x16\x1f_\xf70\x9c\x8e\xdci[\x91\x84\x9bc\
\x17\x09\x9c\xfd\x15\x8c\xb6\xc9]\xd3\xb0\x19\x16\x941,\
%\xb4\x8a\xf6\xe1\xd2\xb3\x84\x7f\x05cSN\xbe\xcc\xff\
S\x8e=V\xe1\xe7e\x831\x9f\xbfo{\xa3\x93\xb8\
\xe6X\x02\x8b\xf5\xf6\xedo*\x91w\xa2\x1b+\x0a\xca\
<a\x0e\x81\x1c\xb6\x9c(\xd7\x06\x97QI/\x80\xb3\
\xfe-\xb8\xfa8\x9e\xfe\xd1\x8f\xf0\xd4w\xbe\x83x\xef\
^\xf4*KT\xca\x9c\x91\x11\xa6\x89I\xe7\xa2\x0bq\
\xdeG>\x8c\xea\xd9\x9b\xfc\xfb\xc4\x8acP\x0dJ\x86\
\xffR\xa6=\x90y,\xfe%\xa8X\xfa\x97&v\xc3\
\xba\xa4\x0dnj>\x14\xf1'\xfc3\x8f`\xc7\x0d_\
\x82\xfb\xe5\xdd~\x93'\xba\x1e\x02\x03G\x90./\xbc\
\xb7\xb9\xe6\xe99\x0f\x01\x16>:Nc\xeb\xa0\x0e,\
[\x900\xd3\xf5Z\x15\xd5\xf3\xb6\xe0\xac\xb7\xbd\x15\xfd\
\x97\x5c\x8a\xac\xd6\xc7\xed\xc4\xdc&i\x03U\x19\x8b\x87\
3\xb5\x94\xcb\x9b\x89\x80\xf6#w\x09n{\xe9\xde\xfa\
_\xce\xa5\x9eC\x12e\xc1\xf1\xd2\xf9/yV\xda\x0f\
\xc2\xeen\x14\x8bH\x0dg\xef\xbd\xdb|x\xd4o\xfc\
\x9b\xb0\xfb\xe6\x9b\xfd\xbf\x0f\xa2\x17.\xcfe\xf0\xfcX\
q\xd3\xa6\xba\xaa\x18~\xe5\x958\xf3c\x1fg5k\
\xe7\xbdI\xe22\xb0\x9c\x86J\xe5Lt\xf9\xd6Z\x82\
\xe7,<S\xf1\x84S\xd9\xcc\xb6*lY\xd3\x938\
r\xc7\xcf\xb0\xe3\x8b_\xc4\xe0\xe8\x987`\xd9\x09\xdf\
\xc9\xb3j\x00\x82\xe6\xfbB\x07\xa3\xfct\x85\xe8H\xc4\
1\x19\xf3\x09XI\xea\xd0i\x9fT\xbb0\xda7\x80\
\xf3\xde\xf16\x8c\x5c\xfbjD\xcbF\x00R#f\xe2\
\x86H\x89:b\xbd\x0fAKE\xda\xbaZ:\xac\x9f\
\xbfN\xc9\xab\x08\x11\xb3|\xae\x84\x00\xb3h\xe1.<\
E\xca\xf4\x93\xe0&\x92:\xa6}\xbc\xff\xf87\xbf\x8d\
\xb1_\xdd\x83\x01\xd2|\xa0C\x83\xf0%\x1c\x16F\x0c\
\xdf&\x0d\x88\x0a\xaa\x8c\xe4\xacwY\x9c\xf9\x87\xef\xc7\
\xc8k\xde\x00\xd7?\xec]\xeaT\xcb\xcatEK\x96\
\x03\xc8Ok\x86\x1b\x13\xa6\xa2%@&\xee\xe6\xa3\x10\
8A<6\x8am\xff\xe5\xbf\xfbg\xda\x81\xee,\xcb\
\xf3-'\xf4y\xa7\x9b\x07\x10\xd2Y\x5cN\xcb\xc9\xb9\
3\x1e\x18\xc2\xa0\xb4\x98 \xb1\x8a\xf1\xae>\x9cq\xed\
5\xd8\xf0\xe67\xa2\xb2~\x1d3\xcc0W\x8a\x1a\xa1\
\xd8\x19%--\xbb\xab\xa1'\xe1\xf9\xeb\x94\xbct\xc7\
Y\xd5\x87\xc8r\xb0\x91t\xf1EY\xc0=\x08\xf7\xa2\
K[\xb0\xd3\x138|\xff\xbdx\xfa\xef\xfe\x01\xf5\xc7\
\x1e\xf1\xf1~\x135.P\x88\xe2\x04\x93\xd32$\x19\
\x0c\x06j\xe9\xfc3\xb7\xce\x9aU\xd8\xfc\xe1\x8f\xa0\xf7\
%W \xed\xeeb\xfd\x01\xf2\x18\xa8\xc0\xc1\x9f\xb0D\
\x15\xa6\xe0\xce[\xe6\xf7\xcaX \x87q0\xfeg\x95\
\xac\x8e\xa3w\xdc\x8a\xed\xff\xf3/0\x94\xa4\xfc\x8c\xd1\
ID\x22\xa7\xa1\x01\x90!\x0al0\x01`B\x89\x1a\
A\xffe\x88M\xc5[l\x8b\xc9.\x0a\x09\xce\xc6\x8b\
\xdf\xf3nD[\xce\x87\xeb\x1d\x96\x04K\x9ahfX\
\x9a+\xa8\xf2@\x8b\x8aC\x01\x12\xef\x98\x1fZ\x03\xf3\
\xa5&\xeb\xf8\x10'\xe0\x08\x013\xe3\xb9\x8e5\xd5\x93\
;\x9a\x16\x82\xb6[\x9cG\x9bW\xc2 \x10\xcd\xd2\x7f\
\x954\x12^~\x03%]\xd5\xf8\x1f\xca\xee\x0c\xed\xe0\
\xf3n\xfe\xbe\xef\xde\x84}?\xbb\x15\xd1\x81\xbd\xb0\xad\
)&\x225\xa9\x92cD1'\xd5\xaa\x94\xe1L\x13\
\x0e+\x93H MQ\xa5\x82\xc9\xac\x89\xca\x85/\xc2\
\x96\x8f~\x1c\x953\xcfEV\xf5\x87H+E\x8d\x90\
CH\x8f\xffL'0\x0f9~\x81\xb3\xfe\xb1\xae\xb3\
\x84\x11\xa4\x94\x17\x88\xf6=\x85\x07?\xff9\xb4~}\
?\xba\x13\xe9\xa58\x19\x1c\xc5ii\x00\x82\xe4X\xce\
\xd7\x87\x90\x15\x16\xcc6\xd7\xd19\x15o\xd0\xf0\xd6q\
j\xc5\x086\x5c\xff:\xac\xf9\xbd\xd7\x8b c\x5c\xd3\
\xea\x80c\xf9$\xaamS\xa1\xc0jX0\x9f\xbc\xe6\
\xe9v=\xdb\xf7\xbd\xd8\x9f\xe7\xc2\xd6\xf6sZQX\
\xb43\x01a$\x0d\xe5\x8e\x99\x9f\x13\x98\xa9)L>\
\xfe\x04\x1e\xff\xf67q\xf4\xce\xbb\xd0Wox\x83\xd0\
`\xe99J\x04\xc7T,s\xc2W@\x1b+&p\
\x0dC\xd1\xbd\x87\xc8\xbb\xac\xc2\xfc\x83\x15\x7f\xa0\x1c\xf5\
\xef9x\xc5ex\xc1\xbf\xfb$\xd2\xc1\x95\xbcvL\
&\xed\xd1\xd9\x12\xe4\x00i\xdcR\xcd\xe5U\xa8)\x8e\
\xbc\x13\x1eH\xff\x5c\xd94\x0e|\xef\xffa\xf7\x8d_\
G46\xc5\x12d\x8e\xc4l\x8f\xeb\x02\xcc=\x1b\xa7\
\x95\x01p\xa5/\x98\xc2\x05c\x9c\xb339M4Q\
3\xd1\xc9\x10H@i\xa2[$2q\xe9e8\xe7\
m\xefD\xd7\xd9[\xbc5\xaf\x89\x01 nyr\x03\
\x89\xd5\x87Q_\xd1\x89\x9f\xec\xcf_Kv\xc9\x9cK\
\xb5&\xd2|\x0fX~>Rff\xe9#!\x85\x9e\
\xbd\xdf\xfb>\xf6\xff\xf8'pO>\x86\x8a\x9fW!\
\xd0pm\xfd\x08\xe4\xf5\x89v\x81\x96\x09% \xe0L\
{`\xa8\xa0\xd7R\xc9o\xac\xbf\x1bk\xde\xfdn\x7f\
\x88\xbc\x19Y\xcf\x10X\xda&'@Y\xfc\xe7\x0c\xc4\
+\x91\x89\x91$-T\xa8\x12\xe1\x0dA\xeb\xe0c\xd8\
\xf1\xd9\xcf\xc2\xddy\x0f\xaa\x04\x0ar\xdaMy\x12\xa6\
v\x16-\xb8\xdcEpoO\x12\x0a<\xfb\x8dK\xc5\
\xd1\xe3\x0fD\xa7\xf7\x0e\x89\x9fJ\xa6\xe2\x91\x84\x12\xb4\
.\xaf\xa9\x97\x054Y\x1d&\x93:{\x16[\xd4I\
\x08h\xd5\x0a?\x91o\xc0\xf0\xab\xaeG<<\xe2\xe7\
\xdb\xdb\xfed\x1a\xa6\x12\xb3\xde\x1b\xd2\x85\x133>\x7f\
=;\x97\xec\x0b\xbf)\x9a\x99\xccW\x94\xa0\xe9\xa6\x19\
\xd9Wm\xb4\xd0\xd8\xbe\x1d\xbb\xbe\xf7=\x8c\xd1\x06\x99\
j\xa0\x96Qw\xa9\xa0%\xcb\x5c<\x82\x04\x94^{\
\xa7x\xfe\x00\xf3e\xbc\x05\xc1\xcf\x9d\xcd\xabD\xe4E\
6V\xaf\xc2Y\x1f\xf8\x00F\xaez\x85?\x9ak\x08\
\xc0\xa6\xa5\xb8\x98\x1a\xcf\x8at\x98\x801\x89\xed'\xc1\
\xe8\xad\xdf\xc1\xfd\x9f\xfdk\xac\x9cH\xf8\xe7\x19\x97\xb5\
\x8f}\xfaw\x8a\x16\xcb\x11\xd7i\xe5\x01\x04\x13`\x94\
7\x80\xc9@\x8c\xcdQu\xf4s!\x8a\x94\xf6N\xab\
-\xb8$1\xcd\x82\x09\xd4Q\xe8'u\xaa\xbb\x86\x91\
+\xaf\xc0\xfaW_\x87\xfe\xf3_\xc4\xad\xad,JJ\
}\xdf&>)\x8b\xfa\xfc\xb5t\x17\x83\x94H\xdb.\
\xae\xca\xbf\x09*\x9eN\x01\x14\xeb\xff\xec\xa78\xe0O\
\xfd\xd6\xae\xdd\xe8mA\x11\x99\xa9\xae\x0b\xcbe\xe2\x80\
\x87\x8f\xb4\xb6\xce9\x04%\xfd\x90\x1cC\xc6\x19w\xc9\
\x07\xd9\xbc\x7f\x81B\x0fb\xa7r\xe7l\xc0\x05\x7f\xfc\
\x1f\x10m:\x97AB\x92\xa5_\xec\x87\x94/J8\
R\x1f\x02\x85&\xf0\x9b?j6\xb1\xfdO\xff\x04\x93\
\xbf\xfe\x0d\xfa\xb3\x0aZ$N\xe3\x0a \xd6\x89.Y\
1\x00\xc7\xec\xd2Y\xd8;/e\xacYH\x8fg9\
\xed6\x94\x82\xbaL\xf8\x90\xe6T{bE\x99\xcf\x9f\
\x1a\x8a\x12\xff\x17\xd5\x18\xd3\xd6\x9f\x1cD\xfcp\xc6*\
\x9cq\xeduX\xf7\xfa7\xc2,\x13Jjj\x0d{\
\xde\x078E/\xed\x9b\xb0i\x8b\x15y\xd1r\x98\xda\
\xbe\x0dO|\xf7\xdbh<p/\xaaG\xc68\x97C\
Pp\x91\x97S\xcd=',:\x01\xace\x95gA\
\xbfC\x90zuJ\xa2\x11\x10\x9c\xc26%%\xe6\xc8\
\x87\x06u\xbf\xf8\x06\xae\xb9\x0a\x9b>\xf4A\x98\x913\
\x90E\xb5\xc5\x7fDh\xb3\x94\xea Pxj\xebS\
\x98\xba\xef\x1e<\xf8g\x7f\x8a\xde\xa3G\x05\xfcD\xdc\
\x91&VU\xab\xe3\xc8\x88\x1dcS\x96<\x80\xa5\xdd\
\xba\x8b\xf6\xde:9\x89\x95\x8e\xc1\xc8\x85\x09\x8b\x10X\
_\x8d\xbas\xe4\x0d\xa4\xd47\xed\xd7\x0a5E\x10\xf6\
\x9d\xf1\xe0\xda\xd8B`\xc0\x86\x8f#\xe3s\xce\xc4\xda\
\xd7_\x8f\xe5\x97_\x09\x0c\x0cK(\x90\x9f\x183[\
V\xe6h/\x9e\x81!\x98\xf5\x9aN\x8f\x7f\x1c\x84\xe4\
\xe9q\xcd1\x18s\xbe\xb6\xdd\x0f\x9d\x85\x8et\xed\x80\
\xcf\x02\xf7\x19:\x88\xbc\x0b_\x9fDc\xd7\x938\xfc\
\x93[\xf0\xe8\xcd7\xa3\xab\x99\xa0J\x1e\x1e1+\xd1\
\x01\xe0\x0d\x84\x8b\x8c\x22\x01E\xb0\x83\x8c\xfbL\xb1\xd2\
 \xe3\x1e0\x04\x81_2\xe4\x0aR#\x003>f\
R\xbf\x88\xfc\x86?\xec\x0f\x90\xa1\xab\xafd\x19;C\
]\x94\x1a\xaf\x07\xf8n\xe8\xf5\x90{/\xa1@\xf5a\
f\x8d\xcc\xcc\x0a\x08\xe79I\xfb\xb0\xc5\xa4\xa3&\xf1\
\xf7\xbek\x17\xb6\xdd\xf09D\xbf\xdd\x8aJ\xd2`\xb9\
q\xa6\xbe3\xa1\xcd\xf74\x01\x02-\xca\xa5\xad\xa4A\
sO\xa0\x92\x0a\x10\xc9e\xa24\x9e\xd3D\x0d}\x1b\
3\x07\x5cp\xfbB<(\x18\xab\x16y\x05}=\x18\
\xb9\xe4R\xac\xbe\xf6\xf7\xd0\xff\xa2\x17\xc2\xf5\xf6x\x03\
R)X\x85(v\xa4\x7f\xa7\x05G_\xa0j\x09\xda\
\xf6Y\xce\xb6\x1b\xdadeFs\xbe\x90\x99\xc9\xc5\x80\
\xc5o\xc3\xe7\x86\xe6!\x9c2\xc9\xc82S\xb5+\x19\
\xac\xb0a\x8d)\xe4\xa6\xc2\xc9\x99\xff\xae\xf4<\xb9A\
u\xc8\xc3,\xe6P4Vy\x1b\xc4\xb8\xb7\x880%\
2y\x1f\x04\xcf/\x0d\xb5w\xf7\xcd\xd1\x83x\xfa\xa7\
\xb7\xe3\xd0-\xb7\xa3\xf1\xd0NtyW8u\xd2\xc7\
@\xd5\x81\x88\x85]3\xcd\xf0\x87\xeeL\xcdc\x99\xf0\
\xd9rG\x81\xe9(\xb0\xe4\x84\xbb\x0d\x84\xab\xaci\xe0\
\xa4\x97\x22b\xe6\xe3\x08\x0d\x7f\xaf\x8d\x81^l\xf8\xd7\
\xef\xc2\x19ox=\xabY\xa3\xd2\xedo3\x92\xc5f\
\x95\xf4\x05\x02A\xa6r%\xb5dg\x91S\xbcB\xa9\
\x8f\x81.+\x87\x167_q?\x88\x94(m\x95\x80\
IS\xb0G'\xb0\xe7\xff\xfe3\x0e|\xeb\xdb\xe8\x9d\
\xa8s\x88B\x86\xa9\xea\x22E\xbf\x88\x16\xe0\xef\xa4\x01\
\xe8T\x1e.\xb7\x17\xb4\xb7\xb6\x98Y\x7f\xd8\xe9t\xe9\
T6\x0f\xffoT*h\x0c/\xc3\xc8\xa5\x17c\x83\
\x9f\xdc\xca\xfa\x0d0\xdd$Y^A\x93\xfb\xc7+\xdc\
>k\xb9j\x10\xbaK\x8a\x06\x95@\x9e)\xf8\xf3\xf0\
\xe6Bf\x92\x1a\xe4\xb0\xe52\xb5\xf6\xac\x09\xc9[X\
f\xe2\x0c\x8e\x91\x86\x9d\x8f\xf30\xf35\xc7\xc0\xf0\xcf\
\xfcq\x9b\x01\xe8p\xbf\xed\x86Ki\xd9B\x9c\xadc\
S\xee\x920\xb9@\x8b\xffyU\xdcY\x93)\x8c\x97\
\x85\xed\xc8;K\xb86_\xa1\x9a8\xa9\xdb\x8c\x8d\xe1\
\xc8\x83\xf7\xe2\xb1\x1f|\x17\xe9\xf6\xc7\xd1?\xde@w\
F\xb1\xb9Pt\x81\xf1\x01PYp-\xa5\x1dGi\
\xa7\xdd\xaf\xeb\xfc\x8b\xbc\xc7\xa2\xb4\xa6\x9a\xfe\xfe\xc6F\
\x06q\xc9\xc7>\x8c\x9eK_\x0a\xd73\xec\x0dNM\
\xb2\xf6\x94\x93\x88\x843\x80%N\xb2\x0a/\x0c\xd6\xb1\
\x802\xf2\x040\x9b.\x9f\x94\xa1\xea\x22\x95FhD\
\xcaY\xb9\xd6\x14\xe2\xe6$\xc6n\xb9\x15\xdb\xbfr#\
\x06\x0e\x1f\xe5N?\xd6\xb0\x0c\xad\xdc9\x13\xc5<\xaf\
\x0e\x93\xbb\xc4\x06\xa0c7\xd0\x89\xdf\xed\x92\xfcMq\
Q!\x89\x92\x8a\xd4r\x89\x15\xc3X\xf6\xcak0r\
\xf9\xd5\xe8#\x10H\xad\x87\xf7c\x1a\x93\xd5M8\xfb\
\xea\xb4~b\xf2E\xad\x83\x8a\x80*\x0c\xe2\x8d\xe2\xfb\
\x09\xb1\xa4\x18\x8e\xd0\x1b_\x86p\x98\xfc\xbd\xc2\xb3\x9c\
\x1a\xb6\xb9\x18\xd5\xa2\x95W\xda\x9f\xcd\x8cM\xa4[>\
Pp!\xb4\x09\x977\x92F\xdd\x8awO(\x93\xcd\
\x04\xaa\x8a\xc3P\xb9pnE&\xad\x85\x83\xfb0\xba\
\xf5\x01\x8c\xfe\xf4V\x1c\xba\xe7\xb7\xde\xdd\xcf\x8aS\x9e\
\x9a`bi\xf9\xb6\xae\xac\xfd\x18DF\xb2y\xb6\xeb\
th\xc9;\xc6\xc5\x15\x84\x8aAc\xed\x1alz\xfb\
\xbb1x\xd5\xab\x90\x0d,\xe3\xfe\x92\x0a7\xa75\xb9\
\x03\xd5\x05\x05)\x22\x17A\xa1\xfa\x9b\x1bD\xa3\xe2 \
\xb4N\xb4\xc3R\xca\xdbM\x98\xf11\xff\xcc\xb7\xe3\xd1\
o|\x13=\x07\x0e\xa0Ja\x0d\x87\xb5F\xf3_\xe2\
\xb9D\x81\xe7aA\xcfX\x9a\xb3S\xd9\x03x\xb6\xaf\
T\xddy\xea\x144\xfe\xb4\x9f n\x81\x8dk\xb1\xf2\
\xb2\x97b\xcd5\xafB\xb4f=\x87\x06\x0d:m\xac\
\xb0\xae\x84\x96X\xab\xbec\x8eQ\xcf\xb9\xe8\x0b\xbe\xfe\
\xa8d\xfd\xf9w\xf9\xbf\xca\x13\x13ZzO<\xae[\
\xec\xcb\xe5n{\x00\xe0\x14!\x8a+\x9f\xe8|\x82\x0b\
\x07_\xde\x9d\x96'\xd4d\x90$\xee\xd6\xfa5\xef\x87\
\xb8\xa0\xea\xa2\xb7\xc8\x9a\xde\x8bn\xb0\xc2n\xfd\xc1\x07\
\xf0\xe8M7\xa1\xbes'p\xe4(z\x1b\x19\xaa-\
#\xa7~$\xb9\x9c\xaaBy\xf3\xfe\x9c\xd0\x82\x8d\x93\
\x8b\x8d\x8fw\x91\xb8\x8b\xed\xedG}h\x10\xe7\xbc\xe3\
m\x18\xba\xee\xd5p\xddD\x88Z\x95\xe7%\xaeAb\
\xeb\x85\xf0!\x22\xf4\xe2\xbbH\x9fUY\x96\x9c\xf4\x18\
\x18\xedi0\x897zu\xef\xf6\x7f\xf3[\xd8}\xf3\
\x8fQ;<\xea\x0d^\x83\xc7,\xd2v\xf9\xb0\xa6b\
\x0dy\xb2\x93\x10A\x5cD>\x80\xd3\xff\xcac*\x22\
V\xc8\xc4\x8d%\x19\xf1q?\x83\xf5\xc1\x01\x9c}\xfd\
\xeb0t\xd9\x15\xe8Y\xb7\x11\x86\xa4\x9e\xa9\xdbL\xc5\
\x16\x03\xb4X\xcaF\xa1B\x81\xc2U\x0b\x89J=\x05\
rI\xa8\xdcu\x0e\x1b%\xd4t\xd2S%\x05 \x99\
r\x17\xfe\x95\xa9[\xdf\x1e\xa0\xd9\x80\xc8\xd3\xc4\x9a\xf0\
\x1ej\xfc\x1d\x22\x15S\xb0$\x09\xf9\xab\x94\xe8\x98\x83\
\x84b\xecF\x1d\xd9\x91C8\xba\xe3A<\xf1\xc3\x1f\
`\xe2\xa1G0Xo\x22j&\x1cv\x91a&\x02\
\xd6\xb4bIP[Z\x82\x13\x1f\x9a\x99H)\xcbT\
\x99Xs0\xeex\xd9\xf1\x13\x1e\x0fp\x190i4\
\xb9Cpr\xa0\x8a\xc1\xcb/\xc5\xda\xd7^\x8f\xdeM\
/\x86\xa9\x0dz\xbbV\x11\xc6j\x1e\xbaD\x18\x88X\
\xc2\x8e\x80F1\xf7+H\xb4\xe3\xef\xb1Y\xe7\x16_\
75\x81\x89\xad\xdb\xf0\xe4M7c\xf2\xbe\xfb\xd1?\
M2x\x09\x0b\xdc$\x8cX\x8c\xb9\x01.t\x0a\x06\
\x9a\xb2\xccf'\x9c/*\xc4A\x9f\xcbk\xbe(\xa3\
\x85\xbc\xcf|\xff~Fb\xdai\xca\x8f\xdcQ\xe2\xb5\
c\x8eB\x9a>\xd2+\xa4f\x90\xe5+\xd1{\xe9e\
\xacY8\xfc\xc2\x17\x03\xfd}\xca\xa2c4\xa1\x14R\
L\xa1<\x93\xb1D\x93\x90\x9d\xc4\xf9\x87\x06y\xae\xf2\
\xed\x86D\xa6f\xbf\x16\xad4;\xffA\x9f\xe3\x95A\
X!\xc8\xb3\x97\xbf\x94\x0dI\xdcn\x9bK\xb4\x05\x97\
\xdc\x95\xbd\x22\x14=\xfc\x81\xa0\x85;\xdd2\xbf\xf1\x0f\
\xef\xc3S\xb7\xdd\x8a\xba_\xf8\x93[\x1fbD\x1f\xf1\
\xe1\xd1)\x17\xabZ\x92\xaaosi\x97\xcf\xd1L\x15\
\x87\x11B-\x19C\xe3\x82\x1c}6\x87&\xc4\xc9\x8f\
\x5c\xaa\xb2n\xac$\xe4\x12L\xd7\xfc\x1d\xadZ\x81\x81\
\xab_\x81\xd5\x97\xbc\xcc\x1b\x82\x17\xb0G\xc0\xc9j\x15\
\xe8(<\x00\xe5JbO\xc8\x7f\x8d\x1f\xc5\xd8\xf6m\
\xd8w\xd7]8r\xd7=\xc0\xfe\x83\xe8\xf3F\xaf\xc2\
\xf7O\x95\x88\x84\x09Xc\xe2\x03p\x22\xa1\x97)\x5c\
\xd8\xe6\xf3pb\xd3=\xcb\x038M\x8a\x81Kx\x87\
N\xdd\xf7\x88K;\x99\x0d\x89\x16I\xee\x09\xef@\x8c\
\xd6\xd0\x10\xba\xd6\xac\xc3\xa6k\xafE\xd7\xc5\x17\x22\x1e\
\x19FV\xe9&\x04\x874\x8b\x1a\x81\x19\xf3iH\x8c\
\xbd\xc6J\xa5\x92\x0c\x0c\xeb\x7fi\x9c\x1a\xf2\x88R\x9e\
8F\x9b\xe9\xdcV\xf2\xf8\xe3:\xfb\x15\xf3\xb2\x95\xba\
2\xb8\xd6\x0c\xdd\xcc\xca9\xc7L\xc0F\xa8\xa9\xf9!\
\x88\xa8\x95\xf4\x0f\x8d\x94aY\xdd\xdb\xeaBW\x11T\
\xe24$ee\xe2\xd7'@O69\x89\xd6\xde'\
q\xf0\xe7\xb7a\xefo\x1f@\xbao\x1f\xe2\xfa\x14\xaa\
\x091\xde8E\xa4J\x0bw Zu%Y\xf7@\
&\x14\xcamE\xd96<M\xbb\x11]\xf0\xfa\x9b#\
q*\xce\x90\xc9\x9b\xd1\xa2P\xbd\xf0\xee\xc0\x84_\x1b\
\xf1\xb2!\xf4\xac^\x8du\x17\x5c\x8c\xaeMg\x03\xeb\
\xd7\xc3Tj\x0a\xaeM\xa4Z\xe4\x9f3\xdb\xbb\x1b\xe3\
\x0f\xef\xc4>\x1f\xeaL\xef\xde\xe3\xe3\xfeqT\x12\xbf\
\xf1\x13\x12\xf4\x08*\xbeaM\x8a\xd14\x0aP\xca\xcb\
\xd9F \xce'ZM^\xc4\x1c\xc0\xa9\xb3\xbdO\xf4\
N\x02\xce0\xcaDa\x88r\x02\xad(\xe8\xff\x95\xda\
\x87M\xa6\xf2\xd4\x16\x93\x95*\xec\xeaUXs\xd9\xa5\
\x18\xb8\xe8\x12\xf4\xad?\x13\xd1\xe00\xd0\xdd\xed\xbd\x86\
\x0aAHx\xc13\x09\x097\x99\x12/\xa7,\x18\xd2\
-\xe0F\x0e\x9dc\xab\x5c\xfeY\x96\xa9Uxv0\
\x89\xc7r\xc0d\xbf\xc9\x12\xe1\x0c\xb45\xb9(\x86U\
\xf1\x0c\x19\x130\x09+\xd1US\x09/\xb3\xca\xd4\xa3\
\xc6\x82T\x92M\xab\x05S\xaf#\xd9\xb3\x17\x87v<\
\x8c\xd1\x07\x1f\xc4\xfe\xfb\xeeFmb\x02\xdd\xfeh\xa7\
Z\xbeS\xc4\xa6el\xbfp\xf2\x07\xc0\x97\xe8\xe3e\
\x8a\x95\xef\x5c%jch^BH\x97\xcdK\xcay\
a/Ox\xd2\xfc\xb62\xaaN\xc4\x98\xf0\xf3\xeb\xfa\
\xfaP\xeb\xf5\x07FO\x17\x12\x1f\xcfO\xfb\x18\xbf\xe5\
O\xfdh\xaa\x8en\xbf6\xbaIE:\x13\xaf\xc5\xcd\
\xac\xfc\xe4\x22\xad\xc8s-\x01\xc5\xc8=/\x06\xed\x06\
`\x81\xd7)\x9c\x04<\x81m|\x92\xc0\x1a\xe1\xec\x13\
d!\xb1\xc8\xa46\x9cx\x10\x17>O0\xd1\x84e\
z\x82\x0bT4\xadDh-\x1bD\xb2v\x1d\x96\xbf\
\xecro\x10.Ge\xf5Z\x01\x15\xd1\xa6!rN\
[\xe1\x13\xcd\x85Lw*\x94\xd3\x22\x0a\xea\x1d\xbb\xd8\
\x08? \x0b\x9a`Q\x84'\x16\xe329\xca2$\
\xfdl>\xc4\xd6X\xad_\x8b\xcb\x9d1\xdf\xbe\xe1\xc4\
\x16Au\xd3\xac\xc5z\x07\x91\x8fo\xc7\xee\x7f\x00O\
\xdf\xf3[4\xb6\xed@\xba{/#\xdc\x02\xf1+\xbd\
c\x85\x0co\xaa\x9c\x82%\xb5\xe1\xe2>4;\x12~\
\xe7\x0a\xc9\xacp*\x86\xbf(\xbc\x83\xa5\x1a\x13\xa9<\
d\xaa\xef\x90+T9\xa3\x95a#\xbc\x8a\xd0\xf5\x81\
H\x81@Y!\xd1\xe5\xb2\xc2\x93q\xa5\xf0/p\xc3\
\x1a\x93\xe3GB\xa29\xa7a/\xe1KN\xe6\x19\x17\
\xdd\x00\x9c:~\xc0\x89\xdc|\xb9Lc\xf3X6\xa0\
C\x82\x1e\xbdP\x98\x1b\xe6\xf5\xe7\xba\x7f&\xac\xbdM\
JHwG\x9c+p\xd5\x1a\x06\xd6\xae\xc7\xba\x97]\
\x05s\xee\xb9\xa8\xad]\x83\xea\xf0\x08P\xed\x12Iq\
r\x09\xbdq\xc8RU\x05v\xaa+\x0f\xa8\x06\x9f]\
\xc2\xf3k\x01C\x02e\xc1\x0dq\xbdJis\xce\xc3\
\xff\xa0\xe9\xddu\xfaE\x1cI\xe3\x15{O\xde\x85\xa5\
\x84Vc\xf4\x10\x9a\x8f?\x86\x89\xbb\x7f\x8d}\xdb\x1e\
D6z\x18q\xb3)\x89\xbb\x5cf0\x84\x17Y\xae\
\x02%\xdf\xcb\xe7\xf0~p\x82\xd3ogV\x96\xcd\x10\
k\x1d51\x85<Z\x90S[Z\xd6\xae2\xf8\x09\
\xf9\xbd\xa2\x14\x96d\x1c\xe9\xc5\xc2]\xa9\x15\x89<G\
dC\xadG\x12\x1cA\xb5\xc7f.7\xb4\x81s\xb0\
H\xf2\x97d\xcd\x11\x14\x83\xf3\x8f?\xa1\xeb\x14\xf6\x00\
\x9e\x83K\xcbt\xe2\x09\x88\xa0ePe\xe5\xd6a-\
\x13Z\xa50O\x94\xb5\xd5j\xae\x9fO\xad,Q\x00\
\x8aav\xe2\xc9\xb8\x027\xd0\x8f\xbe3\xd7c\xe8\xbc\
-\x18\xf0\xf1\xe0\xe0\x99g\xc3\xac\x5c\x05\xef\x13\x0aO\
\x7fT\xe1\x8a\x02\xa7\x05S\xe1\xb3\x09\xa8\xc2\xe7\xfa\x0a\
nm!\xa6i\xf4\xb4\xa5\xc5\x98\xb0\xc0/\xa9\x1a1\
6\xff\xc8\x18\x1aO\xed\xc6\x91={0\xbes'\xc6\
\x9f|\x02u\xff}mrJ\xa8\xabR\xd1\x0a\xa0\x96\
k5u\xb9<8\x93\xbb*\xadx.\x81\xa6q\x7f\
py\xcb\xf7\xc4\xafC!\xfb\x98\xe5\x1e\x83\x9e\x94K\
h\x00\xe4\xac/\xd8\x9f%\x09\xa9\xa7\xb5\xde\xbb\xd5\xf5\
\x94iyS\xd8\xee\x9d0\x0b\xa3|\xba\x135\x99$\
59=\x18\x0c\x00\xdf\xb7\xf0[h\x14\xcac\x14\xdc\
\xfe\xb06O\x96\xdc\xb5\xa8\x02\x9c\xf4\xd1=\x07\xccn\
V\x12e\x9e\x1f\x14\xc2\x1f'n\xf6\x82S\xfa\xf3~\
\xa4r\x19@\x8e\xfb\xcc\x98\xdc\x030\xa1\xb4WR\x83\
\xc9\xc9(\x8d*\xc7\xe4\x80\x0e\xc3Pa\x1eX\xc2\x9e\
\x07\x98\x0f\x1du\xd4\xdcA\xbb\x85Ts\x87\x97#]\
\xb5\x12#\x9b\xb7`\xf5\x85\x17\xa2\xe2\xc3\x06\xdb\xd3\x07\
S\xa1\x1a\xb2h\xbeKcR\x11_\x03&\xdf\x04\xf3\
\x9d\xf39\x91n\x1dL\x8b\x0b\xa8\xc6\x19\xb0R\xa3]\
u\x92fW\x99*\xa2)wM\x96\xd5\xc2\xc1\x03\x18\
\x7f\xe4\x11\x1c~\xe41\x1c}x'\xcc\xc1g\x90\x8d\
\x1d\x86\xab7\xf8t\xae\xaa\xc1\x0cC\x11\xf0\x03\xa9\xca\
\x96E\xacI\x9011\x0b\x19\xcc\xe0\xd6\xc7iQ\x22\
\x0d\x1b;\xb8\xf5\xe1\xfb\x1c\x8f\x90Oa\x90\x00+\xcd\
\xe91\xa1\x803\xd1\x96\xc7[Q\xf2\x13\xad\xda\xf3\xcf\
\x09}\xe8\x98*\x5c\xf9\xfbi\xfc4\x81iJ\xb1H\
\xe8\x15\x884\xb9\xc7\x9e\x95f\x9d\xa0j\xbf\xe1K\xa2\
\x01\x09\x8c\xc4\xe8\xca\xa7\x12\xf6!U\x974\x0a\x9e\x18\
\xb4\x12p\xac\xc5~\x8c\xdf\x89\x01\x98\xefjz\x0e=\
\xd2\x93\xce\xe0.\xe4o:\x18\xae2\x9c\xb5\xed`\xe9\
\xf47m\x18d]\xc4()\xf8\xea)J\x15\x85\xa6\
7\x0a\xa6\xaf\x1f\x03\x1b\xd7\xa3o\xc3z\xc4\xfe\xff\xd5\
3V\xa36\xb8\x02\xb5\xa1\x15\xa8P\x991\x96<\x02\
\xac\xe8\xede!)\x86|\xdd\x0b\x06]\x17g\x80\x1a\
\x07E\xa2 \xe4\xe1\x5c\x00\xf2$R~\xcb\x9fD\xde\
)KeY\xf3\x9fgA\x8d\xc1\x1b\xbf\xf1\xfdh\x8c\
\x8fa\xda\x9f\xf0M\xff\xe5\xf6\xecE\xe3\x91\x9d8\xf2\
\xd4S\x18\xa3\xcc\xbd\xf7\x00\xaatR1\xdb\x8e\xd1\xb8\
\xb6\x90J\xeb\x94a\xec\x04\xb1-\x9b%;\xdbF\xb5\
_\x06\xed\x1b\xb8\xd3a\x03t\xf8\xec\xe3l\xfay\x96\
\xa4\xb30z\x1d\xee\x7f\xa6\xe3\xe1Joa\xe6\xb6\xca\
\x9dp\xd6\xb3`\xc9\xe1[[\xfe\x9b\x13-}\xbb\xe7\
C\x80g\xed\x92:\xb5\xe5\xb3\x83K<(\xbc\x0d\x22\
2m\x90\xe2\x0b\xf5\x1c\xf8\x93\xb0:8\xe87\xff\x90\
\xff\x1aDeh\x19\xac7\x02}+V\xa0od9\
zF\x86a\xfd\xcf\xd0?\xe8\x8f\x9f\xaa,f\xe6\xab\
N\xd8@\xe4D.&\xd2\xe2\xb9\xde@\x9b\xfb\xa0K\
\xb2,\x15L\xddn\xf5)\xb8C\x87\xd0:|\x08\xd3\
c\xa3\x9882\x8a\xc9#G\x91\xec?\x80\xe9\xd1#\
\xacA\xd88|\x18\x98\x9aB\xaf\xff+K\xb1<\x14\
\xde\xe4\x8aen\x16\xba \x9f\xbf\x9e\xb3\xeb\xb4J\x02\
.\xf4\xbdO\xa5\xf5'\xa1n\xbb\x8a\x9e\x5c\x86\x93\x81\
\xdc\x14\xc2\x8a@\xb1\x1eRM>\xa59\xb9EM\x22\
\xb5\x9a\x90R\xfa\xaf\x94\xbe\xa8\xfc\xe8\x7f\xd6C\xe2\x9e\
\x83\x03\xa8z#\x11U+Lfi#\x12\x01\xad \
\xa6\xef\xa9\xfa\xe0\xdf7M2\x16\x0dM(V\xf7\xdf\
'\x8d\x16\xa6&&\xd0\x98\x9c\xf4\x9b}\x8c\xe5\xc9M\
\xa3\x81\xa8QG\xd4\xf4\xee{\xd2\xf4\x1b\xbcE\x98W\
T\x1b\x12\x96\xb0\xc0\xa9\x86\x08,\xb8b\x8a.6j\
`\x91\x0cx\xaa\xfc\xf9\xcf\xfd\x1c\x9d\x0e\xef\xbd\x90\xf7\
Y\x8a(\xfd\x94\xf0\x00\x8e\xe7u-\x16P\xf0\xb9~\
\xc8\xe0\xfe\xe5m\xca(@%\x05\xa0E\x1cv\xe2\xa6\
\xa7<\x82e-\x03)\xaf\x89\x0b\xa8O^rc\xf3\
\x84a\x10\x19mO\x93\xe5\xffb\xd7[\x95|sW\
\xd2X\xe4\x0dH\x1a\x22X\x05=I\x99\x8a\xd0v\x82\
Yw\x9a\x80bO\x86z!R\xa5\x7fs\x12\xc3R\
\x1f\xbbQa\xd7\x93\x1c\xaay\xcd\xf7\x89x\xbf\xa7\xda\
5\xd7}\x1f\xeby\x17\xf3YO\x09\x03\xf0/\xe2*\
'xL)k\x0c\x8d\x97Us/(\xfa\x1a\xa3\xd2\
S\xa9\xc4\xf6t\xda\xd2W\xe6\x0a\x90\x90\xb0\x18g\x9a\
P\xb3R?v\xed\xa1d\x80\x13\x15\xf1\xb8\x9c\xe4d\
\x08\x04\x93\xafIG\xc8\xdf\x86\xder\xc6%\x04!\x17\
=\xd1SW0&3\x1f]\xe8J#f\x1a\xfe\x1b\
}\x9eS\x03\xbe\xf0;w-\x85\x91\xfb\xffT\xc8\x02\
(\xd0\xa3\xcc\x0e\x00\x00\x00\x00IEND\xaeB`\
\x82\
\x00\x00\x03d\
\x00\
\x00\x10\xbex\xda\xbd\x97QH\x14a\x10\xc7W\x93S\
$<\xe9ATB/\x099D\xc2Dz\x08\xe9\xee\
!|\xe8!z\x88\x88\x88\x90\x88\x90\x88(;\x22B\
44LB|\x10\x11\x89\x88\x8a\x88\x08\xf1!B\x22\
B\x0e\x0e\x22\x22L\xa4\x07\x11\x11/\x22B\xe4\xbaJ\
l\x91\xc3\xaf\xff\xd8\x1c|M\xbbw\xbb\xb7K\x9f\xfc\
\xe4v\xf7\xfbf\xbe\x9d\x99of\xd60\x8a\xf0\x17\x0a\
\x19\xf4\xdfxZi\x18U\x86a\x84\x01n\x19Q\xe3\
\xcf}\xafC)\x15\x00\x1d\xe0\x0ex\x05\x96\xc0\x1a\xb3\
\x0cf\xc0\x088\x0a\xca\x0d\x9f\x06dU\x81A\xb0\xaa\
\x9c\x8f4\x18\x05u\x1e\xf4\x16\x83n\x96U\xe8\xd8\x00\
\xfdd\xbb\x02\xdey\xc6F\xe6g\xf0\x18\xf4\x80.\xe6\
:\xb8\xcf>\xb1\x1a\xb3\xa0\xc1\xa1\xee\x10X\x14\xeb3\
`\x0a\x1c\x22\xbb\xe4XK\x1c\x00\x8f\xc0\xa6\x90\xf1\x05\
\xecs\xf0\xdeR7]\xb7\x17\xe0\xbf\x16~o\xb9\x87\
\x86\x1c\xfe~-\xe6\xbf\x04\x15\x1eb\xa8\x8c}%}\
Qf1\xf7\x92\x85\xee\x80\x0f\xe7\xa7\x98\xfd\xa1\x8fA\
1g\x17Hi\xcf)\x8e*}<\xc3\x94;\xdei\
\xf2M\xdd\x0f\xf8}S\xec/\x0a\x1a)\x1e|\xd0]\
\x09\x9a@\xb3\x88\xc9\xbb\xfc\xbc\x84\xe3\x22;^P\xfe\
\xe2\xb3\xbb\x0e.x\xd0}\x9a\xf3\x07\x9d\x9f:\xd2\xa9\
\xe9!\xd9\x15|\xa6\xf4\xd1\xc1\xe7h\x82\xd7-y\xd0\
\x1fg\x99\xcf\xd8\x07\xcdB\xd7I\xceO\xd9\xb1\xaa\x9f\
o\x9e\xdf\xe0A\x7f-\xe5\x03q\xef\xa3\xee\x030\xad\
]O\xb9\x94\xbf\x17\x84]\xae\x19\xd3\xf4QL\xce\xcb\
sA\xf6w gD[\xf7$\xd7\x1a\xfd\x19~_\
\x14\xf6\xd6\xf3]\x8c\xeb\xe7:\x9f\x91n\x1by\xbb9\
6\xfe\x8a\x9b\x1c1\xb8\xc1\x9c\x07\xa7\xb45)Q3\
H\xff1\x9eKg%\xe6B?\xed\xb9\xd3F\xbf\xc9\
tY\xe8\xb7\xb4\x7f\xae:\xc3s\x86mj\xdd\x03\xd9\
\x7f\xe4\xb1\xbf\x1e\x7f\x93.c)\x0cZ\xc1\x19\xf0F\
\x93C1\xde\xe40\xfer\x9d?\xca[!\x17\xfbi\
\xe3\xf7'\xff\xfd\xa0}Y\xcc\x99\x17\xe7/*\xecw\
\x98\xed?\xc6>^(\xb0g\xeb\xe1^\xe5^\xd6\x1f\
6\xf9G\xe6\xdf\xe7`\xa7\x96\x7f/{\xc8?$\xfb\
\x04\x18\xe7z\xf2O\xfe\xe5y\xfd\x16\xf5'\xecG\xfd\
\x11\xbe1e\xfd\xb1\xa9\xbf\x8b\xb2\xef\xe0\xf7\x98\xa3\x9c\
\x97\xc7\xeeo\xa5\xcd\xb8\x0f\xb1\xad\xbf6\xfd\xc7t\xb6\
\xff`\x7f\xac\xf1\xfdvmM'\xad\xd3\xae\x1b9f\
\xc8w\xb5Z\xff!{\xa0!\x87\xfd\xd74\xd7\xc8\x10\
\xefyR\xacYc}\xe5\xda\xbdq\xbe\xd7f\xd3\x7f\
\xcdY\xf5_\x9a\xfdd\x0f\xbd\x00\x0e\xb2\x8fJl\xf4\
\x07\xc4{Ts\xac\xbf\x17\xb2\xbe\xe6\xab\xa7\xf4\xdcb\
\x0f\xa4c\x92l/\xf2\xc3qpV\xf4\xdf\xad\xfc-\
\xb0i\xa1\xbb\xc5a\xacVk\xbd\x83\x1c\x9f\xd8\xa67\
\xc09\xe6\x9a_\xdf\x1f\xe2\xec\xc6|\xf8\xfe\xbae\xe7\
o\x17\xb9lH\x8b\xff\xff\xf2\xfdi\xd3C\x1f\xe1\xbe\
#\xce~H\xb1_\x97\xb9\xfe\x8cr\xfdv\xfc\xfd\xad\
\xd2At\xdfET!\xfb2;\xe2\x11\xb3\xde\xacO\
\xf7m\x05W\x94*M*5\x90P*q[\xa9$\
\x8c\xb8g\xb8ok?f\xa7\xb7\xc9D\xcc\x9aLd\
\xa2&S?\x11\xcc\x94\x9aA\x95\xc0\xfd\xefi\xcc\xb9\
\x82\xb9\x0fiM\xe2\xdb\xafD\xf2\xc3\xcf\x81\x95\xd9\xab\
\xa5\xe9\xde\xde \xc9&\x1d\xa4k['V\xfc\x06d\
\xd0)\xb5\
\x00\x00\x00}\
\x00\
\x00\x10\xbex\xda\xed\x94!\x0e\x800\x10\x04\x17\x87$\
\x0dA\x93\x06\xc13x.\x8fA\xa0\x11Hd%\xf6\
\xb8\xa6\x96:\x92\x15\xec4s\xe2\xd2d\xd5-\xd0\xf8\
\x1bG\xe4\x89\xb5\x03\x06\x00\xb3\xeb+,({\xf1\x8e\
\x99\xed\xeeI2g'\xe3\x91\x94o\xc1\xedI\x06]\
\xa0\x10\xd4\xfe\xbf\xdc\x9b\xe4\xa5\xfe\xa5\xe7\xb7Lu\x81\
\xe2\xe7\xfd\x1b\xdd\x89dT\xff\xd1\xf37\xf7 \xb9\xe9\
\xfe\x0a\xb5}\x8d\xaf\xfe?\x0d\xa5gb\
\x00\x00\x03<\
\x00\
\x00\x10\xbex\xda\xd5W\xcdKTQ\x14?\x93\x96\x8b\
\x16}\xcc}\xa3A\xa1E\x91QTZ\x14\x15\xa5\x05\
\xd5\x22mW\xab\xfe\x03I\xfa\xb4@*\xff\x80\xacV\
\x1a.4\x1d\x82\xd0\x8d.\x926\xd1D\xed\xa4\xa0\xfe\
\x81\x0cG\x09J\x882\x085O\xbf\xfb!\xbcw\xdf\
\xc7<\xdf\xbcE\xdd\xe17\xf7\xcd\xbd\xe7\x9c\xdf\x9ds\
\xcf=\xef\x5c\xa2\x0c>uu$\xbf\xe9\xd9z\xa2\x1c\
\x11\xd5\x03\x18\xa2f\xd2\xe3\xaaa.\xbbV\xe3\xffl\
\x5cAYn&\xc1\x9d\xc0\x100j0h\xc6\x9a\x94\
L\xda-\xcb;a\xbb\x1f\xf8F\x0es$\xa4\x8c\x94\
\x95:\xe5\xb6\x1av`\xab\x17v\x17J\xf2\xfa1\x0f\
\xdd\x1e\xda\xc4\x22\x11w\x8e\xf7B\xffS\x02^\x1bS\
\xb0s`E\xdc\x82[\x80\xb9\x00[\x8b@\x01s\xd7\
\xd0\x9f\xa5j\xde\xad \x9f\xf5X\xc1\xc8\xd8{2\x07\
\x9c\x8b\xc9\xdd\x10\xc0\xbd\x04\x0cc|\x07\xe2k\x15\x9e\
\x8f\xe2\xf9*\xfa\x07@\xb7z\xce\xf1\x115'e\x04\
\x8f\x18\x1d\xef\x1a\x1c\xde\x1f\xc9]\xcd9\xc8|\xb6\xf4\
~\xa1\xbf\x00\xdbk\xd0_\x06f\x22|=\x0d\xb4A\
v5\xf4.\x1a]\xb7\xad\xc9\xc8xp\xf8\xb1\x8f{\
#\x1f\xa2\x0d\xbc\x05\xbf\xdf\xad`\xcf'\xa0\xb7\x19\xff\
\xe7p\xc0\x1azB\xceX\xbd\x15\xe7K\xea\x7fk\xee\
\xe9\x04qWTk\x90~\xf0\xee\xc5|\xe0\xd9\x14<\
`\xe9\x0f\x1b\x9f\xbf/#\xf6'\xcc^\x8cX>\xe8\
\xb7\xf2Z\xa5\x95[\xa4\x1f\xb6c\xac=\x85\xf3\xd7\xa6\
b\xd2}.\x04\x7f\xf5\xe4\xc9,\x9f\xb4t^\x998\
\x9fI\x81\x7f\xda\xd8*X>hr\xf9\xfe\x8e5w\
\x05\xfd\xb1\x14\xb85\xe4\xd9\xd4\xf9\xc1\xcd\xd1\xe9\xe2\x1f\
\xb4\xe4O\xc3'\xd7S\xe3\xd7\xdcg\xac\xb1\x01\xd7\xb9\
\x1b\xf3\xccU\xf3\x1e\x95WJ\xdb~\x0e\x8c\xc7\x90\xbb\
ol\xba\xf9GC\xf9\xf5Y|\x14\xc3\xaf\x97\x14J\
\xf3?\xc4Y\xdc\x15\xcao\xfb_\xf0\x09\xf4\xb7S\xe4\
\xefP\xf1\xe6\xe5x\xe2\xe2\xbf\xeb\x8b?Yg\xa4\xc5\
/\xf8\xb8/\x9e\xdc\xf1\xe7?\x7f\xe3*o\x94:\x7f\
\xf1\xf8\x8b&\xbf\xbc\xb0\xf6\xb8\xd9\x93\x7f\x1c\x9e\xf5\xbc\
gk\xb8\x16\xfd\xad\x14\xf8o@f\x1b\xfa?\x9e\x1a\
IrF\xe5_\xc1y\x95\x7f\x05\x7fL\xcc/\xf8\x83\
\xc9\xe1O\xa3\xf3o\xc8\xfb'\xcb\xadj\xed\x82\xbf$\
\xe0\x9f\xc1\x99\xab\x83\x8d\xf3\xd6\xf8Bhm\xe8p\x9f\
%\xfb\x03\xdc\x8d\xb0\xb35\xd0\x0fa\xfcRVs\x1f\
\xc4\xf3Ok\xae\xb7D\xfd1\x15\xb0\x86\x16\xe3\xc7\x0e\
\xcf\xbb\xd8\xcf_\x04n\xaa\xd8\x95\xbe\xb3\xb9em#\
k\xda\xe8\xfa\xab\xd1W3\xe8u\x0f\xa9\xbd\xd0\xef\xd3\
\xb7>~\xc1o\xd4\x9c\xde\xaf|H\x0d\xd8\x10\xb3\xde\
o\x0d\x5c\x83\x8e\xe1\xd7\xae\xb9nS\x03j?9\xfc\
\xd2\x13\xe7^\xee\x96\x15\xd5\xc0\x0e\xefS\xf5Z\xf9\xef\
\x9f\xa2\x8a\x83$M\xc7C_\xc2\xfb\xc7\x82\xaa'\xa5\
\x8d\xf2\xef_\xf5&?\xcc\xc6\xbc\x7f\x0d(\x9d\xf4\xef\
\x9f\x95\xb0{J\xd5+:\xc6\xc6\xcc\xfd3\xaf\xc6d\
\x1e\xb7\xf3\xda\xbf~\xa3\x96m\xb2\x8a\xb9+\x83\x84G\
\xf7\x16\x89\x9a~\x13\xd5~'Z7IT%Q \
\xaa\x90\xe8\x22\xca\xc4\xc1\xb2\xfc\xb2\xbe\xb4%mJ\xdb\
\x92Cr)N\xb4\xbf\xbe\x22\x875\
\x00\x00\x02w\
\x00\
\x00\x10\xbex\xda\xc5\x98OHTQ\x14\xc6\xcf\x9b\x11\
g\x10\xd1\x10\x19D\xc2\x06i\x11.\xa3\xc5,\xc4\xa4\
E\x8b\x90\x16\x11!-\xa4U+\x17\x12\x11\xae\xec-\
\x22Z\xb8\x10\x17\x22\xadf\xe1\xc2\xb5H\x84\xc8\xf0p\
\xe5\x22\x22\x22BDb\x88\x10\x11\x89A\x22$\x86n\
\xdf\xd1\xf3\xe0\xf2x\xd3\xdc?o\xf0<~\xc3\xf0\xe6\
\x9d\xfb\xdd\xfb\xee\xb9\xe7\x9e;D\x01\xaer\x99\xf8\x93\
\xd6\xaf\x10\x95\x88\xe8\x06\xc0-\x9a\xa4\x8b\xfb\xbe\xa6\x94\
\xea\x05\x8f\xc0*\xd8\x05\x87\xe0\xa7p(\xf7\xde\x82i\
\xd0G\x19\x19\xda*\x8b\xe6\xa92\xb7_\xe23\xea\xa1\
\xdb\x0d^\x81\xdf\xca\xdd\xce\xc0\x1bP\xb4\xd4\x1e\x01\x1f\
Tv\xf6\xc9\xf4]\xe0\xb91\xf0Ceo\x1c#c\
\x06\xe3\xee\x84vl\xdc\xf6\xc8\x7f\xe6{\xd7\xa2\xad\x1a\
\xb8\x07\x1e\x80\xcf\x16~<\xaf\xdd)\xfa\x0b\x96\xe3(\
j\xbeC\x12\xf3\xa6\xf6:\xa1}\xd52\xce7R\xfa\
\xff\xd5r]\x8cj\xbeK\x0e\xb1\xd4\xa3\xf9\x0f;\xac\
\xd3U\xf1-J\x0e\xb3\xb5\x1d\xf0\x10<\x06_\x1c\xfc\
O%\xa7N\xa9\xcb3\x8e\xdd\xc5K\xd4_\x06\xdb\x1e\
\xfe3\xe0\xae\x87\x7f\x04\x0e<\xfc\xef\x83\x9cG\xae\xfe\
\x06\x8e=\xf4\xab\x12\xc3\x83\x96\xb9+\xb6\x13O\xfd?\
\xe0\x96\xf4\xa1\x07\xbcs\xd0\xdf\xf3\x8c\xa1\x8f\xa0K[\
\xcb6\xf1\xc4s\xff>\x838~\xa2\xe5\xa2\x92E>\
\xa9I}\xe0k\xb5D.^6\xf4[rX?<\
\xc7\xeb\xa0\xa9\xdd;N\xe8?5lkJ\xf6]\xd3\
\x18\xe4:&'\x1akz\xbd\xe7\xa0\x7f\x12\xef\xa1\x16\
s\xb0\xd5b\xcf\xfa\xee\xf0\xfe\x17\x131\xd30\xdc3\
\xca\xe2S\x01\xfbR\x0b\xcchm]7\xa8\x95\xb9V\
\x18N\xf4\xf9\x99\xe1;`\xcd\x9b)\xfb?3!9\
\xad\x9d\xbdH\xf1\xcfY\xac\xdd\xa6\xe4\xbb\x15\xd9\xbf\xaa\
\x16\xf5\xc7N\x9c/R\xfa0(\xe3\xeb\x94q\xbe)\
\x19\xd4\xc0{\x1d\xd0\xde\x8fc\xc7\xe0\x0c\xc0\xefa+\
C\xedZ\xbbq\xb7\x88\x87Y\xc7\xdaL_/\xcf\xe3\
\x9c\xe1x\x0e\x1c\x00\xa1\xd4\x9c\xa6v\xc45\xb6\xed\x98\
\xdb\xf4\xa3\x0bL\xca\x99tSj\xce#\xe9\x17\x9f?\
6\xe4\xb7;\xad\xe2;\xb5\xddF?F\x17\xa8\xbfD\
/\x9bD\xb7\xcf\x88\xae5\x88\xfa\xebAX\xa8\xe7\xa3\
\xf3+\xccGA\xc8\x17\xff\x95\xc0v\xfe\x0dP\x04\xea\
`\x0e\xcc\x83\x0a\x854\x1e\x84\xbdL%\x88\xfa\xe6\xf3\
\xf5B\xa3\x80'\x0a\xdc&\xb7\xcd\x1a\x8a\x87\x03M\xd6\
\xfe\x07\xbfm\x96\xaa\
\x00\x00\x02\x9c\
\x00\
\x00\x10\xbex\xda\xd5\x97OO\x13A\x18\xc6g[L\
\x8d\x1cjB\xe0\xd48\x8d\x07\xf0D0Q01e\
\xf1\xa8\xc4\x8b7\xf9\x044^8\x98\x98HM7\xe1\
P\x0f&\x1e4\x84\x03\x88\xc5\xc4\x18\xbd\xe0Qz\xa0\
\xda\x0f\xc0G\xa0\x04.\x04\x0e\x18\x89AZ\x19\x9f\x81\
i\xf2d\xb3\xdb\xb5\xedn\x09\xdb\xfc\x9a\xec;\x7f\x9e\
\xddy\xdfy\xe7]!,\xfc\xd2i\xa1\xff\xc5\xa7\xab\
B\x0c\x08!n\x00\x98\xc4\x848\xb3\x9f^h\xeb\xeb\
=\xe3\x22^J\xa98\x98\x00\xb3`\x05\xac\x1a\x8a\xc6\
f\xeb>\x11\xe8\x0e\x81%\xb0\xaf\x82\xaf=\xb0\x08\x06\
C\xd0\xed\x07\xf3\xe0\xd8C\xa7\x06v\x0c5\x8fv=\
\xe6-\xe8kS{\x04l\xd1|'`\x0ddA\x1a\
\xc4\xa8o\xcc\xd8t[\xc9\xf4m\x5c\x9b`\xb8E\xed\
IpHs\xac\x83\xd1\x16\xc6\x8f\x81\xef4\xfe\x17x\
\xd0\xc2{\x1f\xd2;\xbf\x04V\x1b\xebg\x81g\xe0/\
=\xc3\xf0\x7f\xf8\xbb\xb1\xe6z\xdc\xe3\x10bh\x8a\xfc\
\xb1\xd9,\x1e\xd0\xb6@k\x96\x0bq\xff\xe4i\xde7\
M\xf6X\x8d\xfcm\x85\xa8oQ<\x1c{\xedM\xd8\
\xde\x91\xcfoG\x90C\xc6\xc8\x0f\x8b\xae\xb6\x1e\xca-\
\xdf\x22\xcc\x9f%\xcaQq\xb2\xdf#\xffLG\xa8\xff\
\x84t\xc6\xc9\xfe\x82\xec\xd7\x22\xd4O\x93\xce,\xd9\x8b\
\x14\x1b\xb1\x08\xf5c\x14\xe3\xcbd\xffjl\xdb]8\
Cw\x8c\xd6\xea9\xe9o{\xe8\x17\xe9L\x8bwi\
\xfd\xdf\xfb\xc4\x9f\xecR\xfc\xe5\xc8~\x9f\xec\xd9\x08\xf5\
\xb3\xa4c\x93\xbd\x17\xfc6\xf6R\x84\xfak^\xf9\xc7\
\xb4\xad\xd0\xb9w\xcb\xd8\x92&g\xe9\xf8Lt\xa8=\
J\xf9w\xc9\xa3\xfd&\xb5W\xcc\x99\xf1\x90\xd6\xebN\
\x87\xe7\xcf:\xe5\x98!\x9f~\x1fI\xef9xD\xf7\
\x99\x0e\xf4s4\xcf|\x93~\x03`\x97\xce\xc1/\x9d\
\xea\xeb\x1a\x86j ]\xdb\xf4\x07\xf4\x1f\x07\x7f<\xea\
\xd9L\x1bk\x9e#\x9f\xea\x9an$ 7\xe8\xfdy\
\x1d\xcc\xb8j\xd8\x96\xf4u\xfd@\xfenhO\x06<\
\xebF\xc0wE&`\xbc\xd4g\xb7\xae\x1f\x5c\xcf\xbe\
\xd5\xec\xbd\xcd\xf8\xcb\xaez;P\x1f\xf7W\xc0gs\
\x9e\xf8}\x9f,\x04\xf9\xdbUw?55\xb3\x17)\
W\xff\xbb>\xcf\xa9\xeb\xa8e\xbf=\x16b.\xbb\x04\
^\x99\xef\xcf\x0f\xe6\x0c\xd1uT\xcf\x05\xfb\xa6V\xaa\
\x9aP\xca\xb1\xd4\x89\x10\xf9\xba\xe5\xd8G\xf2H\x1e\xd8\
\xf5d\x159\x17\xc1S@\xe1<\x87\x84X) \x96\
\x98\xd7J\xfd\xd4\xb8\xed?\xa4\xaa\x94\xa5\x9a\xabJU\
\x00\x89\x03YO\x961\xa7#\x1d\xdbI\x89|9\x85\
p\xad'N\xa5\xff\x01\xb487H\
\x00\x00\x03\xbe\
\x00\
\x00\x10\xbex\xda\xd5WKO\x14A\x10nD\xe5\xe0\
A\x13\x95\x93L\xf7,\xa8\xf8\x88/\x8cF\x8d\x82&\
\xea\xc1\xc7MO\xfe\x03\xa3QT4!\x0a?\xc0g\
\xb23\xb3\xbb\x87E &f\xbd\xc0A\xe3\xc5\x80Q\
\x98\x9e\x01I4\xde\x85\x08\xc6DM\x8cbb\x04w\
\xad\xea\xd9\x95\x99\x9e\xdd\xd9\xd9\xc7A\x9b\x143\xdb\xaf\
\xaf\xaa\xfa\xab\xea\x1aBj\xe0\x8f1\x82\xff\xc9\xc3\x15\
\x84\xd4\x13B\x9aA\xa0\x8b\xb4\x11\xa7_4\x18[\xb9\
\xcc\x91\xff\xb1\xa5R\xa4\xd60i\x9ba\xd1N\x90>\
\xdd\xa2\x03Y\xe9\xc5>\xcdf\xad8\xa7\xda\xb8\xba\xcd\
\xd6\x1b\x16K\x1a\x9c}\x86g&P\x9c9I\x5cS\
)\xee\xbd\x89\xa6\xd5:g\x06\xd86W\x14W\x12\x9d\
\xd3_\xa0\x8b\x1e\x1f_\xb7\xaa\x1cl\xcdT\xb7\xe8\x16\
{W*\xaeO\x0f\x8b\xbe\xd7\xb9\xd2R\x92\xbf-\xf5\
8\xd8=\xeb\xdf\x8b\xcd\x1b\x9c\x0e\xc7,\xda\x0e\xefG\
\xa3V\xc3&\x14|\xc7>\x1c\x13s|\xbe`\xb3\x1a\
W\x8e\x85;k\xba]\xc6\x86\xdfi8\x83\x94aF\
\xd6ve\xc8\x22\xcdV\xf6\x02\xd6E\xc0\xba\x0dc\xb7\
\xf0\x1d\xf0\xf7\xe0\x18\xce\x01\x9b\x1f9k\xbc:D-\
\xba-\x10{$R\x0f\xe76%\xad\xfb\x01\xfe8\x95\
z\xbbqi\xccb\xe7\xe0\xf7\x87\x00\x7f\xcf\x80\xaf\xcf\
\xc6\xc7[\x96\xc0\xfbi\x5c\xeb\x1d\xa7\x93A|\x00\xbd\
c2\xb61\xa6\xee\xd2\xec\xc6\x06\xb0\xf5U\x09\xdc\x1b\
K\xf0\xa65q\x93\xed\xf6\xe9\x00\x9c\xcc\x87\x1d\x1f\xa7\
\xcdn\x9e\xa3\xff\xd0n\xc4F\xbbJ\xe7\x1d\x9bF\x1d\
\xb2~H\xbb\xe3\x22_l\xc2\x9c\x1e\xc9W)\xf49\
\xe8;Q6\xf7\xc1\x0fx\x16\xc8\x07i,\xe9\xc6\xee\
\x1a\x22\x8b\xbd\xb9\x85\xceEG\x1b\x9b\xc0\x86\xf3\x15\xc7\
\x1f\xf0\xc1\xe1\xe4B\x5c\x80^\x9f\xdcyR\xe3\xf4\xa0\
\xe4\xbb!\xe4r\x11\xae\x85\x95\x19\x11\x17\x10\x9b\xee~\
\xcc\xd5\x0b\xbcc\xd7%\xbf]0\xc6\x94}U\xc0\x16\
\x82\xb1)\xf2\x83\xf7|;]\xbc\xef\xf5\x8c\x99\xeaa\
\xe8\xbbTE\xfcv\x8d\xb3#Rl\xf5\xe4\xf0A\x97\
A\xcf\x98\x1d\xd9,\xf2Jq\x8e?\x06\xde<\x09q\
'\xdd\xc4=\xa5\xbc<P\x08\x1fc\x11\xc6\xef\x16\xdb\
W\xb3\xd53(!|pG3\xe9\x86B\xf8\xb2\xff\
!\xcf\x1d\x80\xbekU\xc3\xe7\xac\x03\xf9\xe6\xed\xa3\xf7\
\xff\xda\xcf\xd9\x0d\x1f\xffD\x9dQ\x1d|\x9d\xab\xfb\xfd\
|Z\xe0\x9f\x1c\x7fx\xa6\x22o\x14\x89\xbf0\xf8\x98\
\x07\x9d\xfcB\x9fz9N\xdb\xdc\xf9\x07\xe6}q\xdf\
\xb3\xd1\x11F\xe1y\xb5b\xfb9\xbb\xac\xdbJ\x04\x9e\
\xbf\xdd5\x12b\x06\xe6_N\xfb1\xff\x82\xdf\xde\x94\
\x8fO_gs\xf8\x83\xa0\xfc[\xe8\xfe\x89\xd9\xea\x09\
\xd4\x1dt\xf8X*\xbe8;\x932\xddd'%\x9d\
\xe6\x0a\xd5\x86\xc0\xbb\x84\x14#\xdf\xe2\xa3\xca\x8e\x04W\
\xd4|~(\x84/\xe6\x02v\xcc\x8a\xec\x04\xbc\xef\x92\
^F`\xfd\x01\xf5\x9a\xac\x03\xd6cY?v\xb8\xef\
b\x19\x1f\xb9\x06\xfb_A\xee\xa2\xef\xfc\xd8t\x0ak\
\xda\xa0\x1a\x08\xed\xf5\xd7-\xc2o}x\x16\xd9\xb8x\
)\xe3\x83\x9e/\xc4\x98\xe0\x1a\xed\xcfW\x03bm\x17\
\xa6\x06\x14\xe7\x9eO\x07\xe00\xd8\xf0<7\x869\x1a\
k\xc0\x9c\x9f\xe0\xf9\xcc\xc3s76\xf8\xb0\x94\x1a\x18\
\xf6\xd9\x8a\xf5Z\xe5\xf57\x9bF\x1e\x94\xf5\xdd\xe3\xd4\
\xa3\x89r\xbe?\x04\xcf\xa1\x9e\xc4=*\xfd\x0e\x12\xf7\
\x11\xe4\x07w\x8e\x0a\xfa\xfe\xc2\xb9\xb8\xa6\xda\xdf\x81\x22\
Or\xe5\x90\xa8W\x04\xc7\xe8 \xdec\xf8\x8e}\x98\
\xc7\xe5\xbc\xf6\xaf\xb7\x0c\xb6\xc9\xbaL\xa6\xbb&\x93\x06\
\x13\xe7\x09i\xfdI\x08\xfdJ\xc8\xf2IB\xeaP\x86\
\x09\xa9E\xe9&\xa4&\x8c\xe4\xe6\xe7\xd6\xe3^\xb8'\
\xee\x8d\x18\x88%0\xa1\xfd\x01\x11\xf9\xbc\x95\
\x00\x00\x02<\
\x00\
\x00\x10\xbex\xda\xed\x97AHTQ\x14\x86O*%\
\x83\x88\xb4\x88\x08Qq!\x83\xb4\x88a\x88\x90\xa0p\
\xd1\x22\x5cI\x84\x0bW\xd1\x22\x5cI\xb8h\x11Y-\
\xc4U\x0b\x11q\x11\xda\x22b\x90\x08q\xe1B\xc4D\
BD\x22\x5c\xb8\x94\x0a\x12j\xd1\x22*j\x90G\xa7\
\xff\xf8\xfe\x81\xcb\x9d\xf7&\x07\x9f/\x849\xc37\x0c\
\xe7\x9dw\xff\xfb\xee=\xef\xdc3\x22'\xf0\xe9\xe8\x10\
\xfb\x96B\x8b\xc8\x19\x11\xc9\x02\xb8\xe4\xaa\x84\xfe\xe3l\
\xaaz\x12\x8c\x80u\xf0\x16L\x83s)i\xd7\x81\x05\
\x10\x80y\xf0\x14|\x05\xbb\xa0-\x81\xf1\x9bA\x1e\x5c\
\x8c\xe1\xae\x86v\xd3\xb9\xa7\x15|\x01\xaf\xc0\xa5\x0a\xc4\
\x8diz\x17\xa8\xfdN\xffm\xef#\xe6\xfdD\x0fo\
[\x5c\xcf_\xa0\x08\xf6\x22\x08\xb8\xd6u\x9e\xfe\x14\xc7\
\xd8\xab\x82\xa2\xc3w0\xe3\x8cW\xdak\x9fk\xd4\xb9\
o1\x8c\xb5\xb5\xfd\x09&b\xee\x89CJcT\x99\
#\x13\x9c\xc36\xd8\xe0\xb3\xd8\xbe5\xa7\xf4\x0e\x18}\
\xe0\x19(\x80a\x90\x91\x9a\xd5\xac<W2\xe0\x01\xf3\
\xd4x\x9cb\x9e6\xf2\x8c(\xb26\xbedm\xd9\x8a\
\x9b\x03\xfc- \xe7\x91w\xf0k\xa7_c{\x1c\xc6\
X\xafz\x9d\xf1s\x9c\xc3\xa4\x17\x9bg\xfd\xdd\xd0d\
m-\xe2\x19\xe7cb\xad\x86<\xaf\xb2\x86V\xc2\x9e\
}=B\x7f\x91\xd7\xfcZ\x5cHx\xffoSg\xc0\
\xf1]\xa7\xdeHJ\xbdBi\xadm_79\x9f\x15\
\xebaR\xecWn\xb1N\xcf\x81;ii\xd7,\xb1\
=<\x0d\xc6\xc1\x1b\xb0\x04\x86@CJ\xdag\xad\xdf\
c\x7f4G\xfd\x80\xb5\xf4\xa8\xce\x8b,\xe8&/\xd8\
_g\x9d\x98A\xbeS\x96\xcb\xe7\x0f@w\x05L\xab\
\x0bt\xf2\xbc\x88\xaa\xbf\x93\x11\xfd\xcf\x8e&o\x9b|\
O\x03\xcf?\x1d\xa1\xff1a\xed\xfd=u\xfe_e\
\xc8\x14\xf7>\xe7\xe8\x0f\xf1\x9e~'\xaeZ\x1a\x89i\
5\xf8\xfd\xbc\x97\xfb\xdb<\x1f\x96\xb9Ff3G\x91\
\x7f1sh\x02\xf7xn\xd9;p#-\xed\xffP\
kT?\x81G\xe1j\xcbe8\xc1\xfe\xca\x9b\xefs\
Y\xda\x8c\xaa~\xbb\x82\x0b\xb3\x22\xa7\x1e\x1a\xaa\xbf_\
\x87\xbe\xa0,\xb2\xd8\xae\xfa\xe3\x83j\xfd\xaa\x88a\xbf\
\xcd\xf7g4\x8c\xf9\x0b\x0c\xb5\x0bO\
\x00\x00\x02\xd6\
\x00\
\x00\x10\xbex\xda\xd5\x97KkSQ\x10\xc7'6\xda\
\x85\x0b\x055+KcP\x1aQ\xd4VQ\xaah\xa2\
\xa0]\x98\xb8\xb3+\xbfAQ|V!T\xfb\x01\xac\
\xbaj\xc5Ec-\x82\xb4\x9b\xb8\xb0\xb8\x11#\xba+\
\x0a\xf6\x0b\x98\xd24\x08\xb6 >@\x9a\x9a\xeb\xff\xdc\
N\xe08\x9c\xfbHr6\xbd\xc3/\x5c\xcec\xfe'\
\xe7\xce\x9d;\x87(\x02\x8b\xc7I\xfd\xd2\x8b\xadD1\
\x22J\x024Q\x9a\xd6\xda\xdd\x0b}\xdb6\xaf\xb1.\
/\x87\xda@\x1a\xe4\xc03P`&\xb8-\xe5\x8e\xb1\
\xaf\xdb\x05\xc6\xc1\x12\x08\xb2%\x1e\xdbeAw\x07\x18\
\x03\xd5\x10\xba\xd2V\xc0(\xd8\xde\xa4\xf6\x01\xf0\xa5\x09\
]i\x0b\xe0p\x83\xda\x19\xf0\xcb\xe0k\x15\x14\xc1u\
\xd0\x07\xf61}\xdcV\xe41\xd2\x94\xaf\xf3!\xb5\xbb\
\x0d\xda50\x05\xf6\x80\x0d\xe08\xb8\x06\x1e\x80\x11\xbe\
\xef\xe5>5f\x9a\xe7\xc85\x1c\x0a\xd0\x8e\x81y1\
\xef7\xb8\x086\x81\xcb\xa0\xe2\xb3\xd7\x8b`\x00l\x04\
\xfd<W\xb7\x92o<8\xf4\xd8\xa0}\x14t\x80\x8f\
\x0d<\xf3Y\xb0\x13\x1c3\xaca\xd4C;)\xe2\xbc\
\xc6\xff\xbb\x83\xffW\xa3V\xe65\xf4\x8bg\xb1b|\
7\x1d\xca\x8b\xf9S\xbc\xe7\x9fZ\x88\xfdY~\x16\xd3\
\xa2}\x5chGEnQ\xfb\xb0\x1b\x5c\xb1\xf0\xfe\x0d\
pL\xea\xef\xc5\xb7\xff\xf2\xa4C\xa7\xc5\x9c\xb7\x1c\xcb\
\x15\x0b\xfa\x8b\xec\xab(\xdaS\x9a\xfe\x90\xe8\xbb\x0aN\
X\xd0\xae[/\xe7\x07\xddr\x9a\xfe\x84\xe8;\x0bn\
X\xd4W\xda\xe7D[^\xd3\x7f)\xfa\xf6s^\x09\
\xb2W`&\xc4\xb8\xfb\xecS\xb7\x82\x8f\xbez\x17\x1f\
\x85\xf0{\x89\x09\xb2\x87`\xaf\x8f\xbe\xdc\xffS\xe0\x8e\
E\xfdA\xae\x0dt{\xaa\xe9\xdf5\xc4_\xda\xa2\xfe\
IC<\xe5|\xde\xbf\x19\xce\x1b\x15\x0b\xfae\xce/\
\xafE{Z\xe4\x9fe\xf1\x9d\xed\x04\xb7-\xe8\xdf\x04\
\x09\xf0W\xd4H\xd1\x80\xfc;\xc9\xf9w\xae\x05\xfd\xcf\
\xec\xe3\xb9o\xfe\xf5\xfe\xfedy\xed_\x9b\xd0W\xcf\
.\x0e.\x88\xf6\xaagm\xe8\xd0\x131\xf6\x07\xe8\x01\
\xbb<\xf6\xc1K\x7f\x8e\xb5\x8f\x80\x9f\xa2o,\xa0\xfe\
X0\xac!\xc3\xfb8(\xbe\xc5R_\xc5\xda-\x8e\
\xdd\xacA{\xde\xadi\xfdk\xa0\x1eC\xcd\xe0p\xbd\
\x9f`\xdf\x1f\x0c\xfa\xef\xb9/\xc1\xb1c\xaa\x01\xbbC\
\xd6\x80Y\x8f5\xa8\x18~\xa7\xf5\x8dp\x0dX\xdf\xa7\
7\x22\xceu\xedL\x835\xf0A\xae\xd7Z\xb5\xb2\x1b\
\x07\xcd\x9d\x01b\x1c\x93\xcd\x9c?\xaa\x5cO\xc6,\x9c\
\x83\x92\x9c\x1f\x96C\x9e\xbf\xf2\xee\x1c\xfb\xe7@\x95'\
\xcfp\xbd2\xc9\xdf\xcd\x02\xdf\x0fq\x1e\x8f\xae\xab#\
\xb5\xbaJ\xed\x8e3\x1cqjD\xf7V\x89R\x7f\x88\
:\xbf\x13m)\x11\xb5+\x8aDm\x8aa\xa2H\x18\
\xea\xe3\xeb\xf3\x95/\xe5S\xf9V\x1aJ\xcb\xd5\xc4\xf5\
\x0f\x11HM\x82\
"

qt_resource_name = b"\
\x00\x04\
\x00\x06\xfa^\
\x00i\
\x00c\x00o\x00n\
\x00\x0f\
\x011y\x1f\
\x00j\
\x00o\x00y\x00s\x00t\x00i\x00c\x00k\x00-\x003\x002\x00.\x00i\x00c\x00o\
\x00\x0c\
\x0d\xf6c?\
\x00e\
\x00r\x00r\x00o\x00r\x00-\x003\x002\x00.\x00i\x00c\x00o\
\x00\x0b\
\x0c\x9a\xc5\x9f\
\x00o\
\x00m\x00n\x00i\x00v\x00a\x00c\x00.\x00i\x00c\x00o\
\x00\x12\
\x01\xd7\xd5_\
\x00d\
\x00a\x00s\x00h\x00b\x00o\x00a\x00r\x00d\x00-\x002\x00-\x003\x002\x00.\x00i\x00c\
\x00o\
\x00\x0d\
\x07\xeeN\xbf\
\x00m\
\x00e\x00n\x00u\x00-\x004\x00-\x003\x002\x00.\x00i\x00c\x00o\
\x00\x1c\
\x08 \x0b\xff\
\x00i\
\x00c\x00o\x00n\x00s\x008\x00-\x00a\x00b\x00s\x00c\x00h\x00a\x00l\x00t\x00t\x00a\
\x00s\x00t\x00e\x001\x00-\x003\x002\x00.\x00i\x00c\x00o\
\x00\x0b\
\x00\xb8\xc9\xff\
\x00h\
\x00e\x00l\x00p\x00-\x003\x002\x00.\x00i\x00c\x00o\
\x00\x16\
\x0c\xab\x9d\x7f\
\x00i\
\x00c\x00o\x00n\x00s\x008\x00-\x00n\x00e\x00u\x00s\x00t\x00a\x00r\x00t\x00-\x003\
\x002\x00.\x00i\x00c\x00o\
\x00\x1b\
\x03\xe1\x1a_\
\x00i\
\x00c\x00o\x00n\x00s\x008\x00-\x00a\x00b\x00s\x00c\x00h\x00a\x00l\x00t\x00t\x00a\
\x00s\x00t\x00e\x00-\x003\x002\x00.\x00i\x00c\x00o\
\x00\x12\
\x07\xdb\xab\xdf\
\x00s\
\x00e\x00t\x00t\x00i\x00n\x00g\x00s\x00-\x001\x000\x00-\x003\x002\x00.\x00i\x00c\
\x00o\
\x00\x1e\
\x02x7\x1f\
\x00i\
\x00c\x00o\x00n\x00s\x008\x00-\x00p\x00o\x00w\x00e\x00r\x00-\x00o\x00f\x00f\x00-\
\x00b\x00u\x00t\x00t\x00o\x00n\x00-\x003\x002\x00.\x00i\x00c\x00o\
"

qt_resource_struct = b"\
\x00\x00\x00\x00\x00\x02\x00\x00\x00\x01\x00\x00\x00\x01\
\x00\x00\x00\x00\x00\x00\x00\x00\
\x00\x00\x00\x00\x00\x02\x00\x00\x00\x01\x00\x00\x00\x02\
\x00\x00\x00\x00\x00\x00\x00\x00\
\x00\x00\x00\x00\x00\x02\x00\x00\x00\x0b\x00\x00\x00\x03\
\x00\x00\x00\x00\x00\x00\x00\x00\
\x00\x00\x00\xf4\x00\x01\x00\x00\x00\x01\x00\x01\x00[\
\x00\x00\x01\x97\xa6h\x89\xaf\
\x00\x00\x00\x0e\x00\x01\x00\x00\x00\x01\x00\x00\x00\x00\
\x00\x00\x01\x986\xde\x0fp\
\x00\x00\x00l\x00\x01\x00\x00\x00\x01\x00\x00\xf92\
\x00\x00\x01\x97\xa6jv\x12\
\x00\x00\x01\xa8\x00\x01\x00\x00\x00\x01\x00\x01\x0bx\
\x00\x00\x01\x987_\xfd\x8e\
\x00\x00\x01B\x00\x01\x00\x00\x00\x01\x00\x01\x05v\
\x00\x00\x01\x986\xe9~f\
\x00\x00\x01~\x00\x01\x00\x00\x00\x01\x00\x01\x098\
\x00\x00\x01\x97\xa6iG=\
\x00\x00\x00\x96\x00\x01\x00\x00\x00\x01\x00\x00\xfc\x9a\
\x00\x00\x01\x97\xa6g\xb6\xc5\
\x00\x00\x00\xb6\x00\x01\x00\x00\x00\x01\x00\x00\xfd\x1b\
\x00\x00\x01\x986\xe9\x83\xa6\
\x00\x00\x00P\x00\x00\x00\x00\x00\x01\x00\x00\x04\x1c\
\x00\x00\x01p\xd3k\x08`\
\x00\x00\x01\x10\x00\x01\x00\x00\x00\x01\x00\x01\x02\xd6\
\x00\x00\x01\x987_\xf6\xdb\
\x00\x00\x002\x00\x01\x00\x00\x00\x01\x00\x00\x02\xd9\
\x00\x00\x01\x986\xea\xa9\x5c\
"

def qInitResources():
    QtCore.qRegisterResourceData(0x03, qt_resource_struct, qt_resource_name, qt_resource_data)

def qCleanupResources():
    QtCore.qUnregisterResourceData(0x03, qt_resource_struct, qt_resource_name, qt_resource_data)

qInitResources()
